ISO-10303-21;
HEADER;
/* Generated by software containing ST-Developer
 * from STEP Tools, Inc. (www.steptools.com) 
 */
/* OPTION: using custom renumber hook */

FILE_DESCRIPTION(
/* description */ ('STEP AP242 Edition 2',
'CAx-IF Rec.Pracs.---Representation and Presentation of Product Manufa
cturing Information (PMI)---4.0---2014-10-13',
'CAx-IF Rec.Pracs.---3D Tessellated Geometry---0.4---2014-09-14','2;1',
'CAx-IF Rec.Pracs.---User Defined Attributes---1.5---2016-08-15'),
/* implementation_level */ '2;1');

FILE_NAME(
/* name */ 'gripper - palm_down',
/* time_stamp */ '2026-02-08T09:29:49Z',
/* author */ (''),
/* organization */ (''),
/* preprocessor_version */ 'ST-DEVELOPER v20',
/* originating_system */ 'ONSHAPE BY PTC INC, 1.210',
/* authorisation */ '  ');

FILE_SCHEMA (('AP242_MANAGED_MODEL_BASED_3D_ENGINEERING_MIM_LF { 1 0 10303 442 3 1 4 }'));
ENDSEC;

DATA;
#10=SHAPE_REPRESENTATION_RELATIONSHIP('','',#1852,#11);
#11=ADVANCED_BREP_SHAPE_REPRESENTATION('',(#1850),#3166);
#12=SPHERICAL_SURFACE('',#1991,0.001);
#13=SPHERICAL_SURFACE('',#2029,0.001);
#14=TOROIDAL_SURFACE('',#1985,0.002,0.001);
#15=TOROIDAL_SURFACE('',#1998,0.00725,0.0025);
#16=TOROIDAL_SURFACE('',#2002,0.00105,0.0006);
#17=TOROIDAL_SURFACE('',#2023,0.002,0.001);
#18=TOROIDAL_SURFACE('',#2036,0.00725,0.0025);
#19=TOROIDAL_SURFACE('',#2040,0.00105,0.0006);
#20=B_SPLINE_CURVE_WITH_KNOTS('',3,(#2738,#2739,#2740,#2741,#2742,#2743),
 .UNSPECIFIED.,.F.,.F.,(4,1,1,4),(0.,0.000787179692419047,0.00157435938483809,
0.00314871876967619),.UNSPECIFIED.);
#21=B_SPLINE_CURVE_WITH_KNOTS('',3,(#2833,#2834,#2835,#2836,#2837,#2838),
 .UNSPECIFIED.,.F.,.F.,(4,1,1,4),(0.,0.000787179692419047,0.00157435938483809,
0.00314871876967619),.UNSPECIFIED.);
#22=B_SPLINE_CURVE_WITH_KNOTS('',3,(#3081,#3082,#3083,#3084,#3085),
 .UNSPECIFIED.,.F.,.F.,(4,1,4),(0.,0.00204871761572432,0.00409743523144863),
 .UNSPECIFIED.);
#23=B_SPLINE_CURVE_WITH_KNOTS('',3,(#3139,#3140,#3141,#3142,#3143),
 .UNSPECIFIED.,.F.,.F.,(4,1,4),(0.,0.00204871761572432,0.00409743523144863),
 .UNSPECIFIED.);
#24=CYLINDRICAL_SURFACE('',#1870,0.003);
#25=CYLINDRICAL_SURFACE('',#1873,0.001);
#26=CYLINDRICAL_SURFACE('',#1876,0.001);
#27=CYLINDRICAL_SURFACE('',#1890,0.003);
#28=CYLINDRICAL_SURFACE('',#1893,0.001);
#29=CYLINDRICAL_SURFACE('',#1896,0.001);
#30=CYLINDRICAL_SURFACE('',#1898,0.00165);
#31=CYLINDRICAL_SURFACE('',#1901,0.00165);
#32=CYLINDRICAL_SURFACE('',#1930,0.00165);
#33=CYLINDRICAL_SURFACE('',#1933,0.00975);
#34=CYLINDRICAL_SURFACE('',#1938,0.00960441367831599);
#35=CYLINDRICAL_SURFACE('',#1941,0.0012);
#36=CYLINDRICAL_SURFACE('',#1944,0.0012);
#37=CYLINDRICAL_SURFACE('',#1981,0.001);
#38=CYLINDRICAL_SURFACE('',#1982,0.001);
#39=CYLINDRICAL_SURFACE('',#1983,0.001);
#40=CYLINDRICAL_SURFACE('',#1987,0.001);
#41=CYLINDRICAL_SURFACE('',#1989,0.001);
#42=CYLINDRICAL_SURFACE('',#1992,0.001);
#43=CYLINDRICAL_SURFACE('',#1993,0.001);
#44=CYLINDRICAL_SURFACE('',#1994,0.001);
#45=CYLINDRICAL_SURFACE('',#1995,0.001);
#46=CYLINDRICAL_SURFACE('',#1996,0.0025);
#47=CYLINDRICAL_SURFACE('',#1999,0.0025);
#48=CYLINDRICAL_SURFACE('',#2000,0.00125);
#49=CYLINDRICAL_SURFACE('',#2003,0.001);
#50=CYLINDRICAL_SURFACE('',#2005,0.001);
#51=CYLINDRICAL_SURFACE('',#2007,0.00165);
#52=CYLINDRICAL_SURFACE('',#2009,0.00975);
#53=CYLINDRICAL_SURFACE('',#2013,0.00960441367831599);
#54=CYLINDRICAL_SURFACE('',#2015,0.0012);
#55=CYLINDRICAL_SURFACE('',#2017,0.0012);
#56=CYLINDRICAL_SURFACE('',#2019,0.001);
#57=CYLINDRICAL_SURFACE('',#2020,0.001);
#58=CYLINDRICAL_SURFACE('',#2021,0.001);
#59=CYLINDRICAL_SURFACE('',#2025,0.001);
#60=CYLINDRICAL_SURFACE('',#2027,0.001);
#61=CYLINDRICAL_SURFACE('',#2030,0.001);
#62=CYLINDRICAL_SURFACE('',#2031,0.001);
#63=CYLINDRICAL_SURFACE('',#2032,0.001);
#64=CYLINDRICAL_SURFACE('',#2033,0.001);
#65=CYLINDRICAL_SURFACE('',#2034,0.0025);
#66=CYLINDRICAL_SURFACE('',#2037,0.0025);
#67=CYLINDRICAL_SURFACE('',#2038,0.00125);
#68=CYLINDRICAL_SURFACE('',#2041,0.001);
#69=CYLINDRICAL_SURFACE('',#2043,0.001);
#70=CYLINDRICAL_SURFACE('',#2047,0.003);
#71=CYLINDRICAL_SURFACE('',#2048,0.003);
#72=CYLINDRICAL_SURFACE('',#2049,0.005);
#73=CYLINDRICAL_SURFACE('',#2050,0.005);
#74=CIRCLE('',#1864,0.001);
#75=CIRCLE('',#1869,0.0025);
#76=CIRCLE('',#1871,0.003);
#77=CIRCLE('',#1872,0.003);
#78=CIRCLE('',#1874,0.001);
#79=CIRCLE('',#1875,0.001);
#80=CIRCLE('',#1877,0.001);
#81=CIRCLE('',#1884,0.001);
#82=CIRCLE('',#1889,0.0025);
#83=CIRCLE('',#1891,0.003);
#84=CIRCLE('',#1892,0.003);
#85=CIRCLE('',#1894,0.001);
#86=CIRCLE('',#1895,0.001);
#87=CIRCLE('',#1897,0.001);
#88=CIRCLE('',#1899,0.00165);
#89=CIRCLE('',#1900,0.00165);
#90=CIRCLE('',#1902,0.00165);
#91=CIRCLE('',#1903,0.00165);
#92=CIRCLE('',#1905,0.005);
#93=CIRCLE('',#1906,0.005);
#94=CIRCLE('',#1907,0.003);
#95=CIRCLE('',#1908,0.003);
#96=CIRCLE('',#1911,0.0012);
#97=CIRCLE('',#1912,0.0012);
#98=CIRCLE('',#1913,0.001);
#99=CIRCLE('',#1914,0.001);
#100=CIRCLE('',#1915,0.001);
#101=CIRCLE('',#1916,0.00960441367831599);
#102=CIRCLE('',#1917,0.001);
#103=CIRCLE('',#1918,0.001);
#104=CIRCLE('',#1919,0.001);
#105=CIRCLE('',#1921,0.001);
#106=CIRCLE('',#1922,0.001);
#107=CIRCLE('',#1923,0.001);
#108=CIRCLE('',#1924,0.00960441367831599);
#109=CIRCLE('',#1925,0.001);
#110=CIRCLE('',#1926,0.001);
#111=CIRCLE('',#1927,0.001);
#112=CIRCLE('',#1928,0.0012);
#113=CIRCLE('',#1929,0.0012);
#114=CIRCLE('',#1931,0.00165);
#115=CIRCLE('',#1932,0.00165);
#116=CIRCLE('',#1934,0.00975);
#117=CIRCLE('',#1935,0.00975);
#118=CIRCLE('',#1939,0.00960441367831599);
#119=CIRCLE('',#1942,0.0012);
#120=CIRCLE('',#1945,0.0012);
#121=CIRCLE('',#1947,0.005);
#122=CIRCLE('',#1948,0.003);
#123=CIRCLE('',#1949,0.002);
#124=CIRCLE('',#1950,0.001);
#125=CIRCLE('',#1951,0.001);
#126=CIRCLE('',#1952,0.001);
#127=CIRCLE('',#1953,0.00960441367831599);
#128=CIRCLE('',#1954,0.001);
#129=CIRCLE('',#1955,0.001);
#130=CIRCLE('',#1956,0.001);
#131=CIRCLE('',#1957,0.00975);
#132=CIRCLE('',#1958,0.001);
#133=CIRCLE('',#1959,0.001);
#134=CIRCLE('',#1960,0.001);
#135=CIRCLE('',#1961,0.001);
#136=CIRCLE('',#1962,0.001);
#137=CIRCLE('',#1963,0.001);
#138=CIRCLE('',#1964,0.002);
#139=CIRCLE('',#1965,0.003);
#140=CIRCLE('',#1966,0.005);
#141=CIRCLE('',#1967,0.00125);
#142=CIRCLE('',#1968,0.0012);
#143=CIRCLE('',#1969,0.0012);
#144=CIRCLE('',#1970,0.00125);
#145=CIRCLE('',#1974,0.001);
#146=CIRCLE('',#1975,0.00725);
#147=CIRCLE('',#1976,0.001);
#148=CIRCLE('',#1977,0.001);
#149=CIRCLE('',#1978,0.00725);
#150=CIRCLE('',#1979,0.001);
#151=CIRCLE('',#1980,0.00165);
#152=CIRCLE('',#1984,0.001);
#153=CIRCLE('',#1986,0.001);
#154=CIRCLE('',#1988,0.001);
#155=CIRCLE('',#1990,0.001);
#156=CIRCLE('',#1997,0.0025);
#157=CIRCLE('',#2001,0.00125);
#158=CIRCLE('',#2004,0.001);
#159=CIRCLE('',#2006,0.001);
#160=CIRCLE('',#2008,0.00165);
#161=CIRCLE('',#2010,0.00975);
#162=CIRCLE('',#2022,0.001);
#163=CIRCLE('',#2024,0.001);
#164=CIRCLE('',#2026,0.001);
#165=CIRCLE('',#2028,0.001);
#166=CIRCLE('',#2035,0.0025);
#167=CIRCLE('',#2039,0.00125);
#168=CIRCLE('',#2042,0.001);
#169=CIRCLE('',#2044,0.001);
#170=ELLIPSE('',#1855,0.00153804109405433,0.001);
#171=ELLIPSE('',#1856,0.00153804109405433,0.001);
#172=ELLIPSE('',#1867,0.00287840340026321,0.0025);
#173=ELLIPSE('',#1887,0.00287840340026321,0.0025);
#174=ORIENTED_EDGE('',*,*,#696,.F.);
#175=ORIENTED_EDGE('',*,*,#697,.T.);
#176=ORIENTED_EDGE('',*,*,#698,.F.);
#177=ORIENTED_EDGE('',*,*,#699,.T.);
#178=ORIENTED_EDGE('',*,*,#700,.T.);
#179=ORIENTED_EDGE('',*,*,#701,.T.);
#180=ORIENTED_EDGE('',*,*,#702,.T.);
#181=ORIENTED_EDGE('',*,*,#703,.T.);
#182=ORIENTED_EDGE('',*,*,#704,.T.);
#183=ORIENTED_EDGE('',*,*,#705,.F.);
#184=ORIENTED_EDGE('',*,*,#706,.F.);
#185=ORIENTED_EDGE('',*,*,#707,.T.);
#186=ORIENTED_EDGE('',*,*,#708,.T.);
#187=ORIENTED_EDGE('',*,*,#709,.T.);
#188=ORIENTED_EDGE('',*,*,#710,.T.);
#189=ORIENTED_EDGE('',*,*,#711,.F.);
#190=ORIENTED_EDGE('',*,*,#712,.F.);
#191=ORIENTED_EDGE('',*,*,#713,.F.);
#192=ORIENTED_EDGE('',*,*,#714,.T.);
#193=ORIENTED_EDGE('',*,*,#715,.T.);
#194=ORIENTED_EDGE('',*,*,#705,.T.);
#195=ORIENTED_EDGE('',*,*,#716,.T.);
#196=ORIENTED_EDGE('',*,*,#717,.T.);
#197=ORIENTED_EDGE('',*,*,#718,.T.);
#198=ORIENTED_EDGE('',*,*,#719,.F.);
#199=ORIENTED_EDGE('',*,*,#720,.T.);
#200=ORIENTED_EDGE('',*,*,#721,.T.);
#201=ORIENTED_EDGE('',*,*,#722,.T.);
#202=ORIENTED_EDGE('',*,*,#723,.T.);
#203=ORIENTED_EDGE('',*,*,#724,.T.);
#204=ORIENTED_EDGE('',*,*,#717,.F.);
#205=ORIENTED_EDGE('',*,*,#725,.T.);
#206=ORIENTED_EDGE('',*,*,#726,.F.);
#207=ORIENTED_EDGE('',*,*,#727,.T.);
#208=ORIENTED_EDGE('',*,*,#728,.T.);
#209=ORIENTED_EDGE('',*,*,#729,.T.);
#210=ORIENTED_EDGE('',*,*,#730,.T.);
#211=ORIENTED_EDGE('',*,*,#731,.T.);
#212=ORIENTED_EDGE('',*,*,#732,.F.);
#213=ORIENTED_EDGE('',*,*,#733,.T.);
#214=ORIENTED_EDGE('',*,*,#734,.T.);
#215=ORIENTED_EDGE('',*,*,#735,.T.);
#216=ORIENTED_EDGE('',*,*,#736,.T.);
#217=ORIENTED_EDGE('',*,*,#737,.T.);
#218=ORIENTED_EDGE('',*,*,#735,.F.);
#219=ORIENTED_EDGE('',*,*,#738,.T.);
#220=ORIENTED_EDGE('',*,*,#739,.T.);
#221=ORIENTED_EDGE('',*,*,#740,.T.);
#222=ORIENTED_EDGE('',*,*,#741,.T.);
#223=ORIENTED_EDGE('',*,*,#742,.F.);
#224=ORIENTED_EDGE('',*,*,#736,.F.);
#225=ORIENTED_EDGE('',*,*,#743,.F.);
#226=ORIENTED_EDGE('',*,*,#719,.T.);
#227=ORIENTED_EDGE('',*,*,#744,.F.);
#228=ORIENTED_EDGE('',*,*,#745,.T.);
#229=ORIENTED_EDGE('',*,*,#746,.T.);
#230=ORIENTED_EDGE('',*,*,#747,.T.);
#231=ORIENTED_EDGE('',*,*,#748,.T.);
#232=ORIENTED_EDGE('',*,*,#708,.F.);
#233=ORIENTED_EDGE('',*,*,#749,.T.);
#234=ORIENTED_EDGE('',*,*,#750,.T.);
#235=ORIENTED_EDGE('',*,*,#751,.F.);
#236=ORIENTED_EDGE('',*,*,#752,.T.);
#237=ORIENTED_EDGE('',*,*,#730,.F.);
#238=ORIENTED_EDGE('',*,*,#753,.T.);
#239=ORIENTED_EDGE('',*,*,#714,.F.);
#240=ORIENTED_EDGE('',*,*,#754,.T.);
#241=ORIENTED_EDGE('',*,*,#733,.F.);
#242=ORIENTED_EDGE('',*,*,#755,.T.);
#243=ORIENTED_EDGE('',*,*,#728,.F.);
#244=ORIENTED_EDGE('',*,*,#756,.T.);
#245=ORIENTED_EDGE('',*,*,#745,.F.);
#246=ORIENTED_EDGE('',*,*,#757,.T.);
#247=ORIENTED_EDGE('',*,*,#723,.F.);
#248=ORIENTED_EDGE('',*,*,#758,.F.);
#249=ORIENTED_EDGE('',*,*,#697,.F.);
#250=ORIENTED_EDGE('',*,*,#759,.T.);
#251=ORIENTED_EDGE('',*,*,#760,.F.);
#252=ORIENTED_EDGE('',*,*,#761,.F.);
#253=ORIENTED_EDGE('',*,*,#762,.T.);
#254=ORIENTED_EDGE('',*,*,#763,.T.);
#255=ORIENTED_EDGE('',*,*,#764,.F.);
#256=ORIENTED_EDGE('',*,*,#765,.F.);
#257=ORIENTED_EDGE('',*,*,#766,.F.);
#258=ORIENTED_EDGE('',*,*,#767,.F.);
#259=ORIENTED_EDGE('',*,*,#764,.T.);
#260=ORIENTED_EDGE('',*,*,#768,.T.);
#261=ORIENTED_EDGE('',*,*,#769,.F.);
#262=ORIENTED_EDGE('',*,*,#770,.F.);
#263=ORIENTED_EDGE('',*,*,#771,.T.);
#264=ORIENTED_EDGE('',*,*,#772,.F.);
#265=ORIENTED_EDGE('',*,*,#773,.F.);
#266=ORIENTED_EDGE('',*,*,#774,.T.);
#267=ORIENTED_EDGE('',*,*,#775,.F.);
#268=ORIENTED_EDGE('',*,*,#776,.F.);
#269=ORIENTED_EDGE('',*,*,#777,.F.);
#270=ORIENTED_EDGE('',*,*,#778,.F.);
#271=ORIENTED_EDGE('',*,*,#779,.F.);
#272=ORIENTED_EDGE('',*,*,#780,.F.);
#273=ORIENTED_EDGE('',*,*,#778,.T.);
#274=ORIENTED_EDGE('',*,*,#781,.T.);
#275=ORIENTED_EDGE('',*,*,#782,.F.);
#276=ORIENTED_EDGE('',*,*,#783,.F.);
#277=ORIENTED_EDGE('',*,*,#784,.F.);
#278=ORIENTED_EDGE('',*,*,#785,.F.);
#279=ORIENTED_EDGE('',*,*,#786,.F.);
#280=ORIENTED_EDGE('',*,*,#787,.F.);
#281=ORIENTED_EDGE('',*,*,#762,.F.);
#282=ORIENTED_EDGE('',*,*,#788,.T.);
#283=ORIENTED_EDGE('',*,*,#782,.T.);
#284=ORIENTED_EDGE('',*,*,#789,.F.);
#285=ORIENTED_EDGE('',*,*,#790,.F.);
#286=ORIENTED_EDGE('',*,*,#791,.F.);
#287=ORIENTED_EDGE('',*,*,#792,.F.);
#288=ORIENTED_EDGE('',*,*,#793,.F.);
#289=ORIENTED_EDGE('',*,*,#794,.F.);
#290=ORIENTED_EDGE('',*,*,#795,.T.);
#291=ORIENTED_EDGE('',*,*,#706,.T.);
#292=ORIENTED_EDGE('',*,*,#796,.F.);
#293=ORIENTED_EDGE('',*,*,#797,.T.);
#294=ORIENTED_EDGE('',*,*,#760,.T.);
#295=ORIENTED_EDGE('',*,*,#798,.T.);
#296=ORIENTED_EDGE('',*,*,#773,.T.);
#297=ORIENTED_EDGE('',*,*,#799,.F.);
#298=ORIENTED_EDGE('',*,*,#775,.T.);
#299=ORIENTED_EDGE('',*,*,#800,.T.);
#300=ORIENTED_EDGE('',*,*,#780,.T.);
#301=ORIENTED_EDGE('',*,*,#801,.F.);
#302=ORIENTED_EDGE('',*,*,#769,.T.);
#303=ORIENTED_EDGE('',*,*,#802,.T.);
#304=ORIENTED_EDGE('',*,*,#789,.T.);
#305=ORIENTED_EDGE('',*,*,#803,.T.);
#306=ORIENTED_EDGE('',*,*,#804,.T.);
#307=ORIENTED_EDGE('',*,*,#805,.F.);
#308=ORIENTED_EDGE('',*,*,#806,.F.);
#309=ORIENTED_EDGE('',*,*,#807,.T.);
#310=ORIENTED_EDGE('',*,*,#804,.F.);
#311=ORIENTED_EDGE('',*,*,#806,.T.);
#312=ORIENTED_EDGE('',*,*,#808,.F.);
#313=ORIENTED_EDGE('',*,*,#809,.T.);
#314=ORIENTED_EDGE('',*,*,#810,.T.);
#315=ORIENTED_EDGE('',*,*,#811,.T.);
#316=ORIENTED_EDGE('',*,*,#812,.T.);
#317=ORIENTED_EDGE('',*,*,#813,.T.);
#318=ORIENTED_EDGE('',*,*,#701,.F.);
#319=ORIENTED_EDGE('',*,*,#814,.T.);
#320=ORIENTED_EDGE('',*,*,#810,.F.);
#321=ORIENTED_EDGE('',*,*,#815,.T.);
#322=ORIENTED_EDGE('',*,*,#816,.T.);
#323=ORIENTED_EDGE('',*,*,#817,.F.);
#324=ORIENTED_EDGE('',*,*,#818,.F.);
#325=ORIENTED_EDGE('',*,*,#819,.F.);
#326=ORIENTED_EDGE('',*,*,#743,.T.);
#327=ORIENTED_EDGE('',*,*,#741,.F.);
#328=ORIENTED_EDGE('',*,*,#820,.T.);
#329=ORIENTED_EDGE('',*,*,#821,.F.);
#330=ORIENTED_EDGE('',*,*,#822,.T.);
#331=ORIENTED_EDGE('',*,*,#823,.T.);
#332=ORIENTED_EDGE('',*,*,#824,.T.);
#333=ORIENTED_EDGE('',*,*,#825,.F.);
#334=ORIENTED_EDGE('',*,*,#826,.T.);
#335=ORIENTED_EDGE('',*,*,#827,.F.);
#336=ORIENTED_EDGE('',*,*,#828,.T.);
#337=ORIENTED_EDGE('',*,*,#829,.F.);
#338=ORIENTED_EDGE('',*,*,#830,.T.);
#339=ORIENTED_EDGE('',*,*,#720,.F.);
#340=ORIENTED_EDGE('',*,*,#783,.T.);
#341=ORIENTED_EDGE('',*,*,#788,.F.);
#342=ORIENTED_EDGE('',*,*,#767,.T.);
#343=ORIENTED_EDGE('',*,*,#831,.F.);
#344=ORIENTED_EDGE('',*,*,#832,.T.);
#345=ORIENTED_EDGE('',*,*,#833,.F.);
#346=ORIENTED_EDGE('',*,*,#834,.T.);
#347=ORIENTED_EDGE('',*,*,#835,.F.);
#348=ORIENTED_EDGE('',*,*,#836,.T.);
#349=ORIENTED_EDGE('',*,*,#837,.F.);
#350=ORIENTED_EDGE('',*,*,#838,.F.);
#351=ORIENTED_EDGE('',*,*,#839,.F.);
#352=ORIENTED_EDGE('',*,*,#840,.T.);
#353=ORIENTED_EDGE('',*,*,#841,.F.);
#354=ORIENTED_EDGE('',*,*,#842,.T.);
#355=ORIENTED_EDGE('',*,*,#843,.T.);
#356=ORIENTED_EDGE('',*,*,#844,.T.);
#357=ORIENTED_EDGE('',*,*,#845,.T.);
#358=ORIENTED_EDGE('',*,*,#710,.F.);
#359=ORIENTED_EDGE('',*,*,#846,.T.);
#360=ORIENTED_EDGE('',*,*,#726,.T.);
#361=ORIENTED_EDGE('',*,*,#847,.T.);
#362=ORIENTED_EDGE('',*,*,#848,.F.);
#363=ORIENTED_EDGE('',*,*,#849,.T.);
#364=ORIENTED_EDGE('',*,*,#821,.T.);
#365=ORIENTED_EDGE('',*,*,#850,.T.);
#366=ORIENTED_EDGE('',*,*,#851,.T.);
#367=ORIENTED_EDGE('',*,*,#852,.T.);
#368=ORIENTED_EDGE('',*,*,#823,.F.);
#369=ORIENTED_EDGE('',*,*,#853,.T.);
#370=ORIENTED_EDGE('',*,*,#854,.F.);
#371=ORIENTED_EDGE('',*,*,#855,.T.);
#372=ORIENTED_EDGE('',*,*,#825,.T.);
#373=ORIENTED_EDGE('',*,*,#856,.T.);
#374=ORIENTED_EDGE('',*,*,#827,.T.);
#375=ORIENTED_EDGE('',*,*,#857,.T.);
#376=ORIENTED_EDGE('',*,*,#858,.F.);
#377=ORIENTED_EDGE('',*,*,#859,.T.);
#378=ORIENTED_EDGE('',*,*,#860,.F.);
#379=ORIENTED_EDGE('',*,*,#819,.T.);
#380=ORIENTED_EDGE('',*,*,#829,.T.);
#381=ORIENTED_EDGE('',*,*,#861,.T.);
#382=ORIENTED_EDGE('',*,*,#862,.F.);
#383=ORIENTED_EDGE('',*,*,#863,.T.);
#384=ORIENTED_EDGE('',*,*,#864,.F.);
#385=ORIENTED_EDGE('',*,*,#818,.T.);
#386=ORIENTED_EDGE('',*,*,#816,.F.);
#387=ORIENTED_EDGE('',*,*,#865,.F.);
#388=ORIENTED_EDGE('',*,*,#866,.T.);
#389=ORIENTED_EDGE('',*,*,#867,.T.);
#390=ORIENTED_EDGE('',*,*,#699,.F.);
#391=ORIENTED_EDGE('',*,*,#868,.F.);
#392=ORIENTED_EDGE('',*,*,#869,.F.);
#393=ORIENTED_EDGE('',*,*,#870,.F.);
#394=ORIENTED_EDGE('',*,*,#871,.F.);
#395=ORIENTED_EDGE('',*,*,#785,.T.);
#396=ORIENTED_EDGE('',*,*,#872,.F.);
#397=ORIENTED_EDGE('',*,*,#873,.F.);
#398=ORIENTED_EDGE('',*,*,#874,.F.);
#399=ORIENTED_EDGE('',*,*,#875,.T.);
#400=ORIENTED_EDGE('',*,*,#876,.F.);
#401=ORIENTED_EDGE('',*,*,#877,.F.);
#402=ORIENTED_EDGE('',*,*,#878,.F.);
#403=ORIENTED_EDGE('',*,*,#879,.F.);
#404=ORIENTED_EDGE('',*,*,#880,.F.);
#405=ORIENTED_EDGE('',*,*,#881,.F.);
#406=ORIENTED_EDGE('',*,*,#882,.F.);
#407=ORIENTED_EDGE('',*,*,#765,.T.);
#408=ORIENTED_EDGE('',*,*,#772,.T.);
#409=ORIENTED_EDGE('',*,*,#883,.T.);
#410=ORIENTED_EDGE('',*,*,#711,.T.);
#411=ORIENTED_EDGE('',*,*,#847,.F.);
#412=ORIENTED_EDGE('',*,*,#725,.F.);
#413=ORIENTED_EDGE('',*,*,#722,.F.);
#414=ORIENTED_EDGE('',*,*,#884,.T.);
#415=ORIENTED_EDGE('',*,*,#862,.T.);
#416=ORIENTED_EDGE('',*,*,#885,.T.);
#417=ORIENTED_EDGE('',*,*,#858,.T.);
#418=ORIENTED_EDGE('',*,*,#886,.T.);
#419=ORIENTED_EDGE('',*,*,#854,.T.);
#420=ORIENTED_EDGE('',*,*,#887,.T.);
#421=ORIENTED_EDGE('',*,*,#851,.F.);
#422=ORIENTED_EDGE('',*,*,#888,.T.);
#423=ORIENTED_EDGE('',*,*,#848,.T.);
#424=ORIENTED_EDGE('',*,*,#889,.T.);
#425=ORIENTED_EDGE('',*,*,#739,.F.);
#426=ORIENTED_EDGE('',*,*,#890,.T.);
#427=ORIENTED_EDGE('',*,*,#891,.T.);
#428=ORIENTED_EDGE('',*,*,#892,.T.);
#429=ORIENTED_EDGE('',*,*,#893,.T.);
#430=ORIENTED_EDGE('',*,*,#703,.F.);
#431=ORIENTED_EDGE('',*,*,#894,.T.);
#432=ORIENTED_EDGE('',*,*,#895,.F.);
#433=ORIENTED_EDGE('',*,*,#896,.F.);
#434=ORIENTED_EDGE('',*,*,#860,.T.);
#435=ORIENTED_EDGE('',*,*,#864,.T.);
#436=ORIENTED_EDGE('',*,*,#897,.F.);
#437=ORIENTED_EDGE('',*,*,#898,.F.);
#438=ORIENTED_EDGE('',*,*,#899,.F.);
#439=ORIENTED_EDGE('',*,*,#900,.T.);
#440=ORIENTED_EDGE('',*,*,#901,.F.);
#441=ORIENTED_EDGE('',*,*,#902,.T.);
#442=ORIENTED_EDGE('',*,*,#903,.T.);
#443=ORIENTED_EDGE('',*,*,#904,.T.);
#444=ORIENTED_EDGE('',*,*,#905,.T.);
#445=ORIENTED_EDGE('',*,*,#906,.T.);
#446=ORIENTED_EDGE('',*,*,#907,.F.);
#447=ORIENTED_EDGE('',*,*,#908,.F.);
#448=ORIENTED_EDGE('',*,*,#845,.F.);
#449=ORIENTED_EDGE('',*,*,#907,.T.);
#450=ORIENTED_EDGE('',*,*,#909,.T.);
#451=ORIENTED_EDGE('',*,*,#747,.F.);
#452=ORIENTED_EDGE('',*,*,#910,.T.);
#453=ORIENTED_EDGE('',*,*,#911,.T.);
#454=ORIENTED_EDGE('',*,*,#912,.T.);
#455=ORIENTED_EDGE('',*,*,#751,.T.);
#456=ORIENTED_EDGE('',*,*,#913,.T.);
#457=ORIENTED_EDGE('',*,*,#901,.T.);
#458=ORIENTED_EDGE('',*,*,#914,.F.);
#459=ORIENTED_EDGE('',*,*,#915,.F.);
#460=ORIENTED_EDGE('',*,*,#797,.F.);
#461=ORIENTED_EDGE('',*,*,#916,.F.);
#462=ORIENTED_EDGE('',*,*,#917,.F.);
#463=ORIENTED_EDGE('',*,*,#918,.F.);
#464=ORIENTED_EDGE('',*,*,#792,.T.);
#465=ORIENTED_EDGE('',*,*,#919,.F.);
#466=ORIENTED_EDGE('',*,*,#920,.T.);
#467=ORIENTED_EDGE('',*,*,#886,.F.);
#468=ORIENTED_EDGE('',*,*,#857,.F.);
#469=ORIENTED_EDGE('',*,*,#826,.F.);
#470=ORIENTED_EDGE('',*,*,#855,.F.);
#471=ORIENTED_EDGE('',*,*,#887,.F.);
#472=ORIENTED_EDGE('',*,*,#856,.F.);
#473=ORIENTED_EDGE('',*,*,#824,.F.);
#474=ORIENTED_EDGE('',*,*,#852,.F.);
#475=ORIENTED_EDGE('',*,*,#704,.F.);
#476=ORIENTED_EDGE('',*,*,#893,.F.);
#477=ORIENTED_EDGE('',*,*,#921,.F.);
#478=ORIENTED_EDGE('',*,*,#716,.F.);
#479=ORIENTED_EDGE('',*,*,#921,.T.);
#480=ORIENTED_EDGE('',*,*,#892,.F.);
#481=ORIENTED_EDGE('',*,*,#922,.F.);
#482=ORIENTED_EDGE('',*,*,#754,.F.);
#483=ORIENTED_EDGE('',*,*,#738,.F.);
#484=ORIENTED_EDGE('',*,*,#734,.F.);
#485=ORIENTED_EDGE('',*,*,#923,.F.);
#486=ORIENTED_EDGE('',*,*,#890,.F.);
#487=ORIENTED_EDGE('',*,*,#922,.T.);
#488=ORIENTED_EDGE('',*,*,#891,.F.);
#489=ORIENTED_EDGE('',*,*,#924,.F.);
#490=ORIENTED_EDGE('',*,*,#731,.F.);
#491=ORIENTED_EDGE('',*,*,#924,.T.);
#492=ORIENTED_EDGE('',*,*,#923,.T.);
#493=ORIENTED_EDGE('',*,*,#756,.F.);
#494=ORIENTED_EDGE('',*,*,#885,.F.);
#495=ORIENTED_EDGE('',*,*,#861,.F.);
#496=ORIENTED_EDGE('',*,*,#828,.F.);
#497=ORIENTED_EDGE('',*,*,#859,.F.);
#498=ORIENTED_EDGE('',*,*,#884,.F.);
#499=ORIENTED_EDGE('',*,*,#721,.F.);
#500=ORIENTED_EDGE('',*,*,#830,.F.);
#501=ORIENTED_EDGE('',*,*,#863,.F.);
#502=ORIENTED_EDGE('',*,*,#888,.F.);
#503=ORIENTED_EDGE('',*,*,#853,.F.);
#504=ORIENTED_EDGE('',*,*,#822,.F.);
#505=ORIENTED_EDGE('',*,*,#849,.F.);
#506=ORIENTED_EDGE('',*,*,#889,.F.);
#507=ORIENTED_EDGE('',*,*,#850,.F.);
#508=ORIENTED_EDGE('',*,*,#820,.F.);
#509=ORIENTED_EDGE('',*,*,#740,.F.);
#510=ORIENTED_EDGE('',*,*,#746,.F.);
#511=ORIENTED_EDGE('',*,*,#758,.T.);
#512=ORIENTED_EDGE('',*,*,#727,.F.);
#513=ORIENTED_EDGE('',*,*,#925,.F.);
#514=ORIENTED_EDGE('',*,*,#910,.F.);
#515=ORIENTED_EDGE('',*,*,#925,.T.);
#516=ORIENTED_EDGE('',*,*,#846,.F.);
#517=ORIENTED_EDGE('',*,*,#926,.F.);
#518=ORIENTED_EDGE('',*,*,#911,.F.);
#519=ORIENTED_EDGE('',*,*,#752,.F.);
#520=ORIENTED_EDGE('',*,*,#912,.F.);
#521=ORIENTED_EDGE('',*,*,#926,.T.);
#522=ORIENTED_EDGE('',*,*,#709,.F.);
#523=ORIENTED_EDGE('',*,*,#927,.T.);
#524=ORIENTED_EDGE('',*,*,#897,.T.);
#525=ORIENTED_EDGE('',*,*,#844,.F.);
#526=ORIENTED_EDGE('',*,*,#927,.F.);
#527=ORIENTED_EDGE('',*,*,#928,.F.);
#528=ORIENTED_EDGE('',*,*,#748,.F.);
#529=ORIENTED_EDGE('',*,*,#909,.F.);
#530=ORIENTED_EDGE('',*,*,#906,.F.);
#531=ORIENTED_EDGE('',*,*,#929,.F.);
#532=ORIENTED_EDGE('',*,*,#902,.F.);
#533=ORIENTED_EDGE('',*,*,#913,.F.);
#534=ORIENTED_EDGE('',*,*,#750,.F.);
#535=ORIENTED_EDGE('',*,*,#930,.F.);
#536=ORIENTED_EDGE('',*,*,#920,.F.);
#537=ORIENTED_EDGE('',*,*,#712,.T.);
#538=ORIENTED_EDGE('',*,*,#883,.F.);
#539=ORIENTED_EDGE('',*,*,#771,.F.);
#540=ORIENTED_EDGE('',*,*,#931,.F.);
#541=ORIENTED_EDGE('',*,*,#873,.T.);
#542=ORIENTED_EDGE('',*,*,#932,.F.);
#543=ORIENTED_EDGE('',*,*,#840,.F.);
#544=ORIENTED_EDGE('',*,*,#933,.F.);
#545=ORIENTED_EDGE('',*,*,#875,.F.);
#546=ORIENTED_EDGE('',*,*,#934,.F.);
#547=ORIENTED_EDGE('',*,*,#838,.T.);
#548=ORIENTED_EDGE('',*,*,#935,.F.);
#549=ORIENTED_EDGE('',*,*,#877,.T.);
#550=ORIENTED_EDGE('',*,*,#936,.F.);
#551=ORIENTED_EDGE('',*,*,#836,.F.);
#552=ORIENTED_EDGE('',*,*,#937,.F.);
#553=ORIENTED_EDGE('',*,*,#834,.F.);
#554=ORIENTED_EDGE('',*,*,#938,.F.);
#555=ORIENTED_EDGE('',*,*,#879,.T.);
#556=ORIENTED_EDGE('',*,*,#939,.F.);
#557=ORIENTED_EDGE('',*,*,#898,.T.);
#558=ORIENTED_EDGE('',*,*,#843,.F.);
#559=ORIENTED_EDGE('',*,*,#832,.F.);
#560=ORIENTED_EDGE('',*,*,#940,.F.);
#561=ORIENTED_EDGE('',*,*,#881,.T.);
#562=ORIENTED_EDGE('',*,*,#941,.F.);
#563=ORIENTED_EDGE('',*,*,#899,.T.);
#564=ORIENTED_EDGE('',*,*,#842,.F.);
#565=ORIENTED_EDGE('',*,*,#914,.T.);
#566=ORIENTED_EDGE('',*,*,#904,.F.);
#567=ORIENTED_EDGE('',*,*,#942,.F.);
#568=ORIENTED_EDGE('',*,*,#943,.F.);
#569=ORIENTED_EDGE('',*,*,#878,.T.);
#570=ORIENTED_EDGE('',*,*,#937,.T.);
#571=ORIENTED_EDGE('',*,*,#835,.T.);
#572=ORIENTED_EDGE('',*,*,#939,.T.);
#573=ORIENTED_EDGE('',*,*,#876,.T.);
#574=ORIENTED_EDGE('',*,*,#935,.T.);
#575=ORIENTED_EDGE('',*,*,#837,.T.);
#576=ORIENTED_EDGE('',*,*,#936,.T.);
#577=ORIENTED_EDGE('',*,*,#698,.T.);
#578=ORIENTED_EDGE('',*,*,#761,.T.);
#579=ORIENTED_EDGE('',*,*,#944,.T.);
#580=ORIENTED_EDGE('',*,*,#868,.T.);
#581=ORIENTED_EDGE('',*,*,#944,.F.);
#582=ORIENTED_EDGE('',*,*,#799,.T.);
#583=ORIENTED_EDGE('',*,*,#945,.T.);
#584=ORIENTED_EDGE('',*,*,#869,.T.);
#585=ORIENTED_EDGE('',*,*,#786,.T.);
#586=ORIENTED_EDGE('',*,*,#871,.T.);
#587=ORIENTED_EDGE('',*,*,#946,.T.);
#588=ORIENTED_EDGE('',*,*,#779,.T.);
#589=ORIENTED_EDGE('',*,*,#945,.F.);
#590=ORIENTED_EDGE('',*,*,#776,.T.);
#591=ORIENTED_EDGE('',*,*,#947,.T.);
#592=ORIENTED_EDGE('',*,*,#870,.T.);
#593=ORIENTED_EDGE('',*,*,#947,.F.);
#594=ORIENTED_EDGE('',*,*,#801,.T.);
#595=ORIENTED_EDGE('',*,*,#946,.F.);
#596=ORIENTED_EDGE('',*,*,#880,.T.);
#597=ORIENTED_EDGE('',*,*,#938,.T.);
#598=ORIENTED_EDGE('',*,*,#833,.T.);
#599=ORIENTED_EDGE('',*,*,#941,.T.);
#600=ORIENTED_EDGE('',*,*,#882,.T.);
#601=ORIENTED_EDGE('',*,*,#940,.T.);
#602=ORIENTED_EDGE('',*,*,#831,.T.);
#603=ORIENTED_EDGE('',*,*,#766,.T.);
#604=ORIENTED_EDGE('',*,*,#874,.T.);
#605=ORIENTED_EDGE('',*,*,#933,.T.);
#606=ORIENTED_EDGE('',*,*,#839,.T.);
#607=ORIENTED_EDGE('',*,*,#934,.T.);
#608=ORIENTED_EDGE('',*,*,#872,.T.);
#609=ORIENTED_EDGE('',*,*,#784,.T.);
#610=ORIENTED_EDGE('',*,*,#841,.T.);
#611=ORIENTED_EDGE('',*,*,#932,.T.);
#612=ORIENTED_EDGE('',*,*,#793,.T.);
#613=ORIENTED_EDGE('',*,*,#918,.T.);
#614=ORIENTED_EDGE('',*,*,#948,.T.);
#615=ORIENTED_EDGE('',*,*,#770,.T.);
#616=ORIENTED_EDGE('',*,*,#803,.F.);
#617=ORIENTED_EDGE('',*,*,#948,.F.);
#618=ORIENTED_EDGE('',*,*,#917,.T.);
#619=ORIENTED_EDGE('',*,*,#949,.T.);
#620=ORIENTED_EDGE('',*,*,#931,.T.);
#621=ORIENTED_EDGE('',*,*,#796,.T.);
#622=ORIENTED_EDGE('',*,*,#713,.T.);
#623=ORIENTED_EDGE('',*,*,#949,.F.);
#624=ORIENTED_EDGE('',*,*,#916,.T.);
#625=ORIENTED_EDGE('',*,*,#950,.F.);
#626=ORIENTED_EDGE('',*,*,#900,.F.);
#627=ORIENTED_EDGE('',*,*,#930,.T.);
#628=ORIENTED_EDGE('',*,*,#950,.T.);
#629=ORIENTED_EDGE('',*,*,#951,.F.);
#630=ORIENTED_EDGE('',*,*,#908,.T.);
#631=ORIENTED_EDGE('',*,*,#919,.T.);
#632=ORIENTED_EDGE('',*,*,#791,.T.);
#633=ORIENTED_EDGE('',*,*,#952,.T.);
#634=ORIENTED_EDGE('',*,*,#794,.T.);
#635=ORIENTED_EDGE('',*,*,#915,.T.);
#636=ORIENTED_EDGE('',*,*,#943,.T.);
#637=ORIENTED_EDGE('',*,*,#812,.F.);
#638=ORIENTED_EDGE('',*,*,#953,.T.);
#639=ORIENTED_EDGE('',*,*,#895,.T.);
#640=ORIENTED_EDGE('',*,*,#954,.T.);
#641=ORIENTED_EDGE('',*,*,#955,.F.);
#642=ORIENTED_EDGE('',*,*,#808,.T.);
#643=ORIENTED_EDGE('',*,*,#956,.T.);
#644=ORIENTED_EDGE('',*,*,#866,.F.);
#645=ORIENTED_EDGE('',*,*,#894,.F.);
#646=ORIENTED_EDGE('',*,*,#702,.F.);
#647=ORIENTED_EDGE('',*,*,#813,.F.);
#648=ORIENTED_EDGE('',*,*,#954,.F.);
#649=ORIENTED_EDGE('',*,*,#867,.F.);
#650=ORIENTED_EDGE('',*,*,#956,.F.);
#651=ORIENTED_EDGE('',*,*,#814,.F.);
#652=ORIENTED_EDGE('',*,*,#700,.F.);
#653=ORIENTED_EDGE('',*,*,#896,.T.);
#654=ORIENTED_EDGE('',*,*,#953,.F.);
#655=ORIENTED_EDGE('',*,*,#811,.F.);
#656=ORIENTED_EDGE('',*,*,#817,.T.);
#657=ORIENTED_EDGE('',*,*,#865,.T.);
#658=ORIENTED_EDGE('',*,*,#815,.F.);
#659=ORIENTED_EDGE('',*,*,#809,.F.);
#660=ORIENTED_EDGE('',*,*,#955,.T.);
#661=ORIENTED_EDGE('',*,*,#805,.T.);
#662=ORIENTED_EDGE('',*,*,#807,.F.);
#663=ORIENTED_EDGE('',*,*,#744,.T.);
#664=ORIENTED_EDGE('',*,*,#928,.T.);
#665=ORIENTED_EDGE('',*,*,#905,.F.);
#666=ORIENTED_EDGE('',*,*,#951,.T.);
#667=ORIENTED_EDGE('',*,*,#790,.T.);
#668=ORIENTED_EDGE('',*,*,#802,.F.);
#669=ORIENTED_EDGE('',*,*,#768,.F.);
#670=ORIENTED_EDGE('',*,*,#763,.F.);
#671=ORIENTED_EDGE('',*,*,#787,.T.);
#672=ORIENTED_EDGE('',*,*,#781,.F.);
#673=ORIENTED_EDGE('',*,*,#777,.T.);
#674=ORIENTED_EDGE('',*,*,#800,.F.);
#675=ORIENTED_EDGE('',*,*,#774,.F.);
#676=ORIENTED_EDGE('',*,*,#798,.F.);
#677=ORIENTED_EDGE('',*,*,#759,.F.);
#678=ORIENTED_EDGE('',*,*,#696,.T.);
#679=ORIENTED_EDGE('',*,*,#715,.F.);
#680=ORIENTED_EDGE('',*,*,#753,.F.);
#681=ORIENTED_EDGE('',*,*,#729,.F.);
#682=ORIENTED_EDGE('',*,*,#755,.F.);
#683=ORIENTED_EDGE('',*,*,#732,.T.);
#684=ORIENTED_EDGE('',*,*,#737,.F.);
#685=ORIENTED_EDGE('',*,*,#742,.T.);
#686=ORIENTED_EDGE('',*,*,#718,.F.);
#687=ORIENTED_EDGE('',*,*,#724,.F.);
#688=ORIENTED_EDGE('',*,*,#757,.F.);
#689=ORIENTED_EDGE('',*,*,#795,.F.);
#690=ORIENTED_EDGE('',*,*,#952,.F.);
#691=ORIENTED_EDGE('',*,*,#942,.T.);
#692=ORIENTED_EDGE('',*,*,#903,.F.);
#693=ORIENTED_EDGE('',*,*,#929,.T.);
#694=ORIENTED_EDGE('',*,*,#749,.F.);
#695=ORIENTED_EDGE('',*,*,#707,.F.);
#696=EDGE_CURVE('',#957,#958,#1133,.T.);
#697=EDGE_CURVE('',#957,#959,#1134,.T.);
#698=EDGE_CURVE('',#960,#959,#170,.T.);
#699=EDGE_CURVE('',#960,#961,#1135,.T.);
#700=EDGE_CURVE('',#961,#962,#1136,.T.);
#701=EDGE_CURVE('',#962,#963,#1137,.T.);
#702=EDGE_CURVE('',#963,#964,#1138,.F.);
#703=EDGE_CURVE('',#964,#965,#1139,.T.);
#704=EDGE_CURVE('',#965,#966,#171,.T.);
#705=EDGE_CURVE('',#958,#966,#1140,.T.);
#706=EDGE_CURVE('',#967,#968,#1141,.T.);
#707=EDGE_CURVE('',#967,#969,#1142,.T.);
#708=EDGE_CURVE('',#969,#970,#1143,.T.);
#709=EDGE_CURVE('',#970,#971,#1144,.T.);
#710=EDGE_CURVE('',#971,#972,#1145,.T.);
#711=EDGE_CURVE('',#973,#972,#1146,.T.);
#712=EDGE_CURVE('',#974,#973,#1147,.T.);
#713=EDGE_CURVE('',#968,#974,#1148,.T.);
#714=EDGE_CURVE('',#975,#976,#1149,.T.);
#715=EDGE_CURVE('',#976,#958,#1150,.T.);
#716=EDGE_CURVE('',#966,#975,#1151,.T.);
#717=EDGE_CURVE('',#977,#978,#1152,.T.);
#718=EDGE_CURVE('',#978,#979,#1153,.T.);
#719=EDGE_CURVE('',#980,#979,#1154,.T.);
#720=EDGE_CURVE('',#980,#981,#1155,.T.);
#721=EDGE_CURVE('',#981,#982,#1156,.F.);
#722=EDGE_CURVE('',#982,#977,#1157,.T.);
#723=EDGE_CURVE('',#983,#984,#1158,.F.);
#724=EDGE_CURVE('',#984,#978,#1159,.T.);
#725=EDGE_CURVE('',#977,#985,#1160,.T.);
#726=EDGE_CURVE('',#986,#985,#1161,.T.);
#727=EDGE_CURVE('',#986,#983,#1162,.F.);
#728=EDGE_CURVE('',#987,#988,#1163,.T.);
#729=EDGE_CURVE('',#988,#989,#1164,.T.);
#730=EDGE_CURVE('',#989,#990,#1165,.F.);
#731=EDGE_CURVE('',#990,#987,#1166,.T.);
#732=EDGE_CURVE('',#991,#992,#1167,.T.);
#733=EDGE_CURVE('',#991,#993,#1168,.F.);
#734=EDGE_CURVE('',#993,#994,#1169,.F.);
#735=EDGE_CURVE('',#994,#992,#1170,.T.);
#736=EDGE_CURVE('',#995,#996,#1171,.T.);
#737=EDGE_CURVE('',#996,#992,#1172,.T.);
#738=EDGE_CURVE('',#994,#997,#74,.T.);
#739=EDGE_CURVE('',#997,#998,#1173,.T.);
#740=EDGE_CURVE('',#998,#999,#1174,.T.);
#741=EDGE_CURVE('',#999,#995,#1175,.T.);
#742=EDGE_CURVE('',#996,#979,#1176,.T.);
#743=EDGE_CURVE('',#980,#995,#1177,.T.);
#744=EDGE_CURVE('',#1000,#1001,#1178,.T.);
#745=EDGE_CURVE('',#1000,#1002,#1179,.T.);
#746=EDGE_CURVE('',#1002,#1003,#172,.T.);
#747=EDGE_CURVE('',#1003,#1004,#1180,.T.);
#748=EDGE_CURVE('',#1004,#1001,#1181,.F.);
#749=EDGE_CURVE('',#969,#1005,#1182,.T.);
#750=EDGE_CURVE('',#1005,#1006,#1183,.T.);
#751=EDGE_CURVE('',#1007,#1006,#1184,.T.);
#752=EDGE_CURVE('',#1007,#970,#75,.F.);
#753=EDGE_CURVE('',#989,#976,#76,.F.);
#754=EDGE_CURVE('',#975,#990,#77,.T.);
#755=EDGE_CURVE('',#991,#988,#78,.F.);
#756=EDGE_CURVE('',#987,#993,#79,.F.);
#757=EDGE_CURVE('',#1000,#984,#80,.F.);
#758=EDGE_CURVE('',#1002,#983,#20,.T.);
#759=EDGE_CURVE('',#957,#1008,#1185,.T.);
#760=EDGE_CURVE('',#1009,#1008,#1186,.T.);
#761=EDGE_CURVE('',#959,#1009,#1187,.T.);
#762=EDGE_CURVE('',#1010,#1011,#1188,.T.);
#763=EDGE_CURVE('',#1011,#1012,#1189,.T.);
#764=EDGE_CURVE('',#1013,#1012,#1190,.T.);
#765=EDGE_CURVE('',#1014,#1013,#1191,.T.);
#766=EDGE_CURVE('',#1015,#1014,#1192,.F.);
#767=EDGE_CURVE('',#1010,#1015,#1193,.T.);
#768=EDGE_CURVE('',#1012,#1016,#1194,.T.);
#769=EDGE_CURVE('',#1017,#1016,#1195,.F.);
#770=EDGE_CURVE('',#1018,#1017,#1196,.F.);
#771=EDGE_CURVE('',#1018,#1019,#1197,.T.);
#772=EDGE_CURVE('',#1013,#1019,#1198,.T.);
#773=EDGE_CURVE('',#1020,#1021,#1199,.F.);
#774=EDGE_CURVE('',#1020,#1022,#1200,.T.);
#775=EDGE_CURVE('',#1023,#1022,#1201,.T.);
#776=EDGE_CURVE('',#1021,#1023,#1202,.T.);
#777=EDGE_CURVE('',#1024,#1025,#1203,.T.);
#778=EDGE_CURVE('',#1026,#1024,#1204,.T.);
#779=EDGE_CURVE('',#1027,#1026,#1205,.F.);
#780=EDGE_CURVE('',#1025,#1027,#1206,.F.);
#781=EDGE_CURVE('',#1024,#1028,#1207,.T.);
#782=EDGE_CURVE('',#1029,#1028,#1208,.T.);
#783=EDGE_CURVE('',#1030,#1029,#1209,.T.);
#784=EDGE_CURVE('',#1031,#1030,#1210,.T.);
#785=EDGE_CURVE('',#1032,#1031,#1211,.T.);
#786=EDGE_CURVE('',#1026,#1032,#81,.T.);
#787=EDGE_CURVE('',#1011,#1028,#1212,.T.);
#788=EDGE_CURVE('',#1010,#1029,#1213,.T.);
#789=EDGE_CURVE('',#1033,#1034,#1214,.T.);
#790=EDGE_CURVE('',#1035,#1033,#1215,.T.);
#791=EDGE_CURVE('',#1036,#1035,#1216,.F.);
#792=EDGE_CURVE('',#1037,#1036,#1217,.T.);
#793=EDGE_CURVE('',#1034,#1037,#173,.T.);
#794=EDGE_CURVE('',#1038,#1039,#1218,.T.);
#795=EDGE_CURVE('',#1038,#967,#1219,.T.);
#796=EDGE_CURVE('',#1040,#968,#82,.F.);
#797=EDGE_CURVE('',#1040,#1039,#1220,.T.);
#798=EDGE_CURVE('',#1008,#1020,#83,.F.);
#799=EDGE_CURVE('',#1009,#1021,#84,.T.);
#800=EDGE_CURVE('',#1022,#1025,#85,.F.);
#801=EDGE_CURVE('',#1023,#1027,#86,.F.);
#802=EDGE_CURVE('',#1016,#1033,#87,.F.);
#803=EDGE_CURVE('',#1034,#1017,#21,.T.);
#804=EDGE_CURVE('',#1041,#1041,#88,.T.);
#805=EDGE_CURVE('',#1042,#1042,#89,.F.);
#806=EDGE_CURVE('',#1043,#1043,#90,.F.);
#807=EDGE_CURVE('',#1044,#1044,#91,.T.);
#808=EDGE_CURVE('',#1045,#1046,#1221,.T.);
#809=EDGE_CURVE('',#1045,#1047,#92,.T.);
#810=EDGE_CURVE('',#1047,#1048,#1222,.T.);
#811=EDGE_CURVE('',#1048,#1049,#93,.T.);
#812=EDGE_CURVE('',#1049,#1050,#1223,.T.);
#813=EDGE_CURVE('',#1050,#963,#94,.F.);
#814=EDGE_CURVE('',#962,#1046,#95,.F.);
#815=EDGE_CURVE('',#1047,#1051,#1224,.T.);
#816=EDGE_CURVE('',#1051,#1052,#1225,.T.);
#817=EDGE_CURVE('',#1048,#1052,#1226,.T.);
#818=EDGE_CURVE('',#1053,#1053,#96,.T.);
#819=EDGE_CURVE('',#1054,#1054,#97,.T.);
#820=EDGE_CURVE('',#999,#1055,#98,.F.);
#821=EDGE_CURVE('',#1056,#1055,#1227,.T.);
#822=EDGE_CURVE('',#1056,#1057,#99,.F.);
#823=EDGE_CURVE('',#1057,#1058,#1228,.T.);
#824=EDGE_CURVE('',#1058,#1059,#100,.T.);
#825=EDGE_CURVE('',#1060,#1059,#101,.T.);
#826=EDGE_CURVE('',#1060,#1061,#102,.T.);
#827=EDGE_CURVE('',#1062,#1061,#1229,.T.);
#828=EDGE_CURVE('',#1062,#1063,#103,.F.);
#829=EDGE_CURVE('',#1064,#1063,#1230,.T.);
#830=EDGE_CURVE('',#1064,#981,#104,.F.);
#831=EDGE_CURVE('',#1065,#1015,#105,.F.);
#832=EDGE_CURVE('',#1065,#1066,#1231,.T.);
#833=EDGE_CURVE('',#1067,#1066,#106,.F.);
#834=EDGE_CURVE('',#1067,#1068,#1232,.T.);
#835=EDGE_CURVE('',#1069,#1068,#107,.T.);
#836=EDGE_CURVE('',#1069,#1070,#108,.T.);
#837=EDGE_CURVE('',#1071,#1070,#109,.T.);
#838=EDGE_CURVE('',#1072,#1071,#1233,.T.);
#839=EDGE_CURVE('',#1073,#1072,#110,.F.);
#840=EDGE_CURVE('',#1073,#1074,#1234,.T.);
#841=EDGE_CURVE('',#1030,#1074,#111,.F.);
#842=EDGE_CURVE('',#1075,#1075,#112,.T.);
#843=EDGE_CURVE('',#1076,#1076,#113,.T.);
#844=EDGE_CURVE('',#1077,#1077,#114,.T.);
#845=EDGE_CURVE('',#1078,#1078,#115,.T.);
#846=EDGE_CURVE('',#971,#986,#116,.F.);
#847=EDGE_CURVE('',#985,#972,#117,.T.);
#848=EDGE_CURVE('',#1079,#1080,#1235,.T.);
#849=EDGE_CURVE('',#1079,#1056,#1236,.T.);
#850=EDGE_CURVE('',#1055,#1080,#1237,.F.);
#851=EDGE_CURVE('',#1081,#1082,#1238,.T.);
#852=EDGE_CURVE('',#1082,#1058,#1239,.F.);
#853=EDGE_CURVE('',#1057,#1081,#1240,.F.);
#854=EDGE_CURVE('',#1083,#1084,#118,.T.);
#855=EDGE_CURVE('',#1083,#1060,#1241,.T.);
#856=EDGE_CURVE('',#1059,#1084,#1242,.F.);
#857=EDGE_CURVE('',#1061,#1085,#1243,.F.);
#858=EDGE_CURVE('',#1086,#1085,#1244,.T.);
#859=EDGE_CURVE('',#1086,#1062,#1245,.T.);
#860=EDGE_CURVE('',#1087,#1087,#119,.T.);
#861=EDGE_CURVE('',#1063,#1088,#1246,.F.);
#862=EDGE_CURVE('',#1089,#1088,#1247,.T.);
#863=EDGE_CURVE('',#1089,#1064,#1248,.T.);
#864=EDGE_CURVE('',#1090,#1090,#120,.T.);
#865=EDGE_CURVE('',#1091,#1051,#121,.T.);
#866=EDGE_CURVE('',#1091,#1092,#1249,.T.);
#867=EDGE_CURVE('',#1092,#961,#122,.F.);
#868=EDGE_CURVE('',#1093,#960,#1250,.F.);
#869=EDGE_CURVE('',#1094,#1093,#123,.F.);
#870=EDGE_CURVE('',#1095,#1094,#1251,.F.);
#871=EDGE_CURVE('',#1032,#1095,#1252,.T.);
#872=EDGE_CURVE('',#1096,#1031,#124,.T.);
#873=EDGE_CURVE('',#1097,#1096,#1253,.T.);
#874=EDGE_CURVE('',#1098,#1097,#125,.T.);
#875=EDGE_CURVE('',#1098,#1099,#1254,.T.);
#876=EDGE_CURVE('',#1100,#1099,#126,.F.);
#877=EDGE_CURVE('',#1101,#1100,#127,.T.);
#878=EDGE_CURVE('',#1102,#1101,#128,.F.);
#879=EDGE_CURVE('',#1103,#1102,#1255,.T.);
#880=EDGE_CURVE('',#1104,#1103,#129,.T.);
#881=EDGE_CURVE('',#1105,#1104,#1256,.T.);
#882=EDGE_CURVE('',#1014,#1105,#130,.T.);
#883=EDGE_CURVE('',#1019,#973,#131,.T.);
#884=EDGE_CURVE('',#982,#1089,#132,.T.);
#885=EDGE_CURVE('',#1088,#1086,#133,.T.);
#886=EDGE_CURVE('',#1085,#1083,#134,.F.);
#887=EDGE_CURVE('',#1084,#1082,#135,.F.);
#888=EDGE_CURVE('',#1081,#1079,#136,.T.);
#889=EDGE_CURVE('',#1080,#998,#137,.T.);
#890=EDGE_CURVE('',#997,#1106,#1257,.T.);
#891=EDGE_CURVE('',#1106,#1107,#1258,.F.);
#892=EDGE_CURVE('',#1107,#1108,#138,.F.);
#893=EDGE_CURVE('',#1108,#965,#1259,.F.);
#894=EDGE_CURVE('',#964,#1109,#139,.F.);
#895=EDGE_CURVE('',#1110,#1109,#1260,.T.);
#896=EDGE_CURVE('',#1052,#1110,#140,.T.);
#897=EDGE_CURVE('',#1111,#1111,#141,.T.);
#898=EDGE_CURVE('',#1112,#1112,#142,.T.);
#899=EDGE_CURVE('',#1113,#1113,#143,.T.);
#900=EDGE_CURVE('',#1114,#1114,#144,.T.);
#901=EDGE_CURVE('',#1115,#1116,#1261,.T.);
#902=EDGE_CURVE('',#1115,#1117,#1262,.F.);
#903=EDGE_CURVE('',#1117,#1118,#1263,.T.);
#904=EDGE_CURVE('',#1118,#1116,#1264,.T.);
#905=EDGE_CURVE('',#1119,#1120,#1265,.T.);
#906=EDGE_CURVE('',#1120,#1121,#1266,.T.);
#907=EDGE_CURVE('',#1122,#1121,#1267,.T.);
#908=EDGE_CURVE('',#1119,#1122,#1268,.T.);
#909=EDGE_CURVE('',#1121,#1004,#145,.T.);
#910=EDGE_CURVE('',#1003,#1123,#1269,.T.);
#911=EDGE_CURVE('',#1123,#1124,#146,.T.);
#912=EDGE_CURVE('',#1124,#1007,#1270,.F.);
#913=EDGE_CURVE('',#1006,#1115,#147,.F.);
#914=EDGE_CURVE('',#1125,#1116,#1271,.T.);
#915=EDGE_CURVE('',#1039,#1125,#148,.F.);
#916=EDGE_CURVE('',#1126,#1040,#1272,.F.);
#917=EDGE_CURVE('',#1127,#1126,#149,.T.);
#918=EDGE_CURVE('',#1037,#1127,#1273,.T.);
#919=EDGE_CURVE('',#1122,#1036,#150,.T.);
#920=EDGE_CURVE('',#1128,#1128,#151,.T.);
#921=EDGE_CURVE('',#975,#1108,#152,.T.);
#922=EDGE_CURVE('',#990,#1107,#153,.T.);
#923=EDGE_CURVE('',#1106,#993,#154,.T.);
#924=EDGE_CURVE('',#987,#1106,#155,.T.);
#925=EDGE_CURVE('',#1123,#986,#156,.T.);
#926=EDGE_CURVE('',#1124,#971,#22,.F.);
#927=EDGE_CURVE('',#1129,#1129,#157,.F.);
#928=EDGE_CURVE('',#1001,#1120,#158,.F.);
#929=EDGE_CURVE('',#1117,#1005,#159,.T.);
#930=EDGE_CURVE('',#1130,#1130,#160,.T.);
#931=EDGE_CURVE('',#974,#1018,#161,.F.);
#932=EDGE_CURVE('',#1074,#1096,#1274,.F.);
#933=EDGE_CURVE('',#1097,#1073,#1275,.T.);
#934=EDGE_CURVE('',#1072,#1098,#1276,.F.);
#935=EDGE_CURVE('',#1099,#1071,#1277,.F.);
#936=EDGE_CURVE('',#1070,#1100,#1278,.F.);
#937=EDGE_CURVE('',#1101,#1069,#1279,.T.);
#938=EDGE_CURVE('',#1103,#1067,#1280,.T.);
#939=EDGE_CURVE('',#1068,#1102,#1281,.F.);
#940=EDGE_CURVE('',#1105,#1065,#1282,.T.);
#941=EDGE_CURVE('',#1066,#1104,#1283,.F.);
#942=EDGE_CURVE('',#1131,#1118,#1284,.T.);
#943=EDGE_CURVE('',#1125,#1131,#1285,.F.);
#944=EDGE_CURVE('',#1009,#1093,#162,.T.);
#945=EDGE_CURVE('',#1021,#1094,#163,.T.);
#946=EDGE_CURVE('',#1095,#1027,#164,.T.);
#947=EDGE_CURVE('',#1023,#1095,#165,.T.);
#948=EDGE_CURVE('',#1127,#1018,#166,.T.);
#949=EDGE_CURVE('',#1126,#974,#23,.F.);
#950=EDGE_CURVE('',#1132,#1132,#167,.F.);
#951=EDGE_CURVE('',#1119,#1035,#168,.F.);
#952=EDGE_CURVE('',#1131,#1038,#169,.T.);
#953=EDGE_CURVE('',#1049,#1110,#1286,.T.);
#954=EDGE_CURVE('',#1109,#1050,#1287,.T.);
#955=EDGE_CURVE('',#1045,#1091,#1288,.T.);
#956=EDGE_CURVE('',#1046,#1092,#1289,.F.);
#957=VERTEX_POINT('',#2613);
#958=VERTEX_POINT('',#2614);
#959=VERTEX_POINT('',#2616);
#960=VERTEX_POINT('',#2618);
#961=VERTEX_POINT('',#2620);
#962=VERTEX_POINT('',#2622);
#963=VERTEX_POINT('',#2624);
#964=VERTEX_POINT('',#2626);
#965=VERTEX_POINT('',#2628);
#966=VERTEX_POINT('',#2630);
#967=VERTEX_POINT('',#2634);
#968=VERTEX_POINT('',#2635);
#969=VERTEX_POINT('',#2637);
#970=VERTEX_POINT('',#2639);
#971=VERTEX_POINT('',#2641);
#972=VERTEX_POINT('',#2643);
#973=VERTEX_POINT('',#2645);
#974=VERTEX_POINT('',#2647);
#975=VERTEX_POINT('',#2651);
#976=VERTEX_POINT('',#2652);
#977=VERTEX_POINT('',#2657);
#978=VERTEX_POINT('',#2658);
#979=VERTEX_POINT('',#2660);
#980=VERTEX_POINT('',#2662);
#981=VERTEX_POINT('',#2664);
#982=VERTEX_POINT('',#2666);
#983=VERTEX_POINT('',#2670);
#984=VERTEX_POINT('',#2671);
#985=VERTEX_POINT('',#2674);
#986=VERTEX_POINT('',#2676);
#987=VERTEX_POINT('',#2680);
#988=VERTEX_POINT('',#2681);
#989=VERTEX_POINT('',#2683);
#990=VERTEX_POINT('',#2685);
#991=VERTEX_POINT('',#2689);
#992=VERTEX_POINT('',#2690);
#993=VERTEX_POINT('',#2692);
#994=VERTEX_POINT('',#2694);
#995=VERTEX_POINT('',#2698);
#996=VERTEX_POINT('',#2699);
#997=VERTEX_POINT('',#2702);
#998=VERTEX_POINT('',#2704);
#999=VERTEX_POINT('',#2706);
#1000=VERTEX_POINT('',#2713);
#1001=VERTEX_POINT('',#2714);
#1002=VERTEX_POINT('',#2716);
#1003=VERTEX_POINT('',#2718);
#1004=VERTEX_POINT('',#2720);
#1005=VERTEX_POINT('',#2724);
#1006=VERTEX_POINT('',#2726);
#1007=VERTEX_POINT('',#2728);
#1008=VERTEX_POINT('',#2746);
#1009=VERTEX_POINT('',#2748);
#1010=VERTEX_POINT('',#2752);
#1011=VERTEX_POINT('',#2753);
#1012=VERTEX_POINT('',#2755);
#1013=VERTEX_POINT('',#2757);
#1014=VERTEX_POINT('',#2759);
#1015=VERTEX_POINT('',#2761);
#1016=VERTEX_POINT('',#2765);
#1017=VERTEX_POINT('',#2767);
#1018=VERTEX_POINT('',#2769);
#1019=VERTEX_POINT('',#2771);
#1020=VERTEX_POINT('',#2775);
#1021=VERTEX_POINT('',#2776);
#1022=VERTEX_POINT('',#2778);
#1023=VERTEX_POINT('',#2780);
#1024=VERTEX_POINT('',#2784);
#1025=VERTEX_POINT('',#2785);
#1026=VERTEX_POINT('',#2787);
#1027=VERTEX_POINT('',#2789);
#1028=VERTEX_POINT('',#2793);
#1029=VERTEX_POINT('',#2795);
#1030=VERTEX_POINT('',#2797);
#1031=VERTEX_POINT('',#2799);
#1032=VERTEX_POINT('',#2801);
#1033=VERTEX_POINT('',#2808);
#1034=VERTEX_POINT('',#2809);
#1035=VERTEX_POINT('',#2811);
#1036=VERTEX_POINT('',#2813);
#1037=VERTEX_POINT('',#2815);
#1038=VERTEX_POINT('',#2819);
#1039=VERTEX_POINT('',#2820);
#1040=VERTEX_POINT('',#2823);
#1041=VERTEX_POINT('',#2841);
#1042=VERTEX_POINT('',#2843);
#1043=VERTEX_POINT('',#2846);
#1044=VERTEX_POINT('',#2848);
#1045=VERTEX_POINT('',#2851);
#1046=VERTEX_POINT('',#2852);
#1047=VERTEX_POINT('',#2854);
#1048=VERTEX_POINT('',#2856);
#1049=VERTEX_POINT('',#2858);
#1050=VERTEX_POINT('',#2860);
#1051=VERTEX_POINT('',#2865);
#1052=VERTEX_POINT('',#2867);
#1053=VERTEX_POINT('',#2871);
#1054=VERTEX_POINT('',#2873);
#1055=VERTEX_POINT('',#2875);
#1056=VERTEX_POINT('',#2877);
#1057=VERTEX_POINT('',#2879);
#1058=VERTEX_POINT('',#2881);
#1059=VERTEX_POINT('',#2883);
#1060=VERTEX_POINT('',#2885);
#1061=VERTEX_POINT('',#2887);
#1062=VERTEX_POINT('',#2889);
#1063=VERTEX_POINT('',#2891);
#1064=VERTEX_POINT('',#2893);
#1065=VERTEX_POINT('',#2897);
#1066=VERTEX_POINT('',#2899);
#1067=VERTEX_POINT('',#2901);
#1068=VERTEX_POINT('',#2903);
#1069=VERTEX_POINT('',#2905);
#1070=VERTEX_POINT('',#2907);
#1071=VERTEX_POINT('',#2909);
#1072=VERTEX_POINT('',#2911);
#1073=VERTEX_POINT('',#2913);
#1074=VERTEX_POINT('',#2915);
#1075=VERTEX_POINT('',#2918);
#1076=VERTEX_POINT('',#2920);
#1077=VERTEX_POINT('',#2923);
#1078=VERTEX_POINT('',#2925);
#1079=VERTEX_POINT('',#2931);
#1080=VERTEX_POINT('',#2932);
#1081=VERTEX_POINT('',#2937);
#1082=VERTEX_POINT('',#2938);
#1083=VERTEX_POINT('',#2943);
#1084=VERTEX_POINT('',#2944);
#1085=VERTEX_POINT('',#2949);
#1086=VERTEX_POINT('',#2951);
#1087=VERTEX_POINT('',#2955);
#1088=VERTEX_POINT('',#2958);
#1089=VERTEX_POINT('',#2960);
#1090=VERTEX_POINT('',#2964);
#1091=VERTEX_POINT('',#2967);
#1092=VERTEX_POINT('',#2969);
#1093=VERTEX_POINT('',#2972);
#1094=VERTEX_POINT('',#2974);
#1095=VERTEX_POINT('',#2976);
#1096=VERTEX_POINT('',#2979);
#1097=VERTEX_POINT('',#2981);
#1098=VERTEX_POINT('',#2983);
#1099=VERTEX_POINT('',#2985);
#1100=VERTEX_POINT('',#2987);
#1101=VERTEX_POINT('',#2989);
#1102=VERTEX_POINT('',#2991);
#1103=VERTEX_POINT('',#2993);
#1104=VERTEX_POINT('',#2995);
#1105=VERTEX_POINT('',#2997);
#1106=VERTEX_POINT('',#3007);
#1107=VERTEX_POINT('',#3009);
#1108=VERTEX_POINT('',#3011);
#1109=VERTEX_POINT('',#3014);
#1110=VERTEX_POINT('',#3016);
#1111=VERTEX_POINT('',#3019);
#1112=VERTEX_POINT('',#3021);
#1113=VERTEX_POINT('',#3023);
#1114=VERTEX_POINT('',#3025);
#1115=VERTEX_POINT('',#3028);
#1116=VERTEX_POINT('',#3029);
#1117=VERTEX_POINT('',#3031);
#1118=VERTEX_POINT('',#3033);
#1119=VERTEX_POINT('',#3037);
#1120=VERTEX_POINT('',#3038);
#1121=VERTEX_POINT('',#3040);
#1122=VERTEX_POINT('',#3042);
#1123=VERTEX_POINT('',#3047);
#1124=VERTEX_POINT('',#3049);
#1125=VERTEX_POINT('',#3053);
#1126=VERTEX_POINT('',#3056);
#1127=VERTEX_POINT('',#3058);
#1128=VERTEX_POINT('',#3062);
#1129=VERTEX_POINT('',#3089);
#1130=VERTEX_POINT('',#3097);
#1131=VERTEX_POINT('',#3119);
#1132=VERTEX_POINT('',#3147);
#1133=LINE('',#2612,#1290);
#1134=LINE('',#2615,#1291);
#1135=LINE('',#2619,#1292);
#1136=LINE('',#2621,#1293);
#1137=LINE('',#2623,#1294);
#1138=LINE('',#2625,#1295);
#1139=LINE('',#2627,#1296);
#1140=LINE('',#2631,#1297);
#1141=LINE('',#2633,#1298);
#1142=LINE('',#2636,#1299);
#1143=LINE('',#2638,#1300);
#1144=LINE('',#2640,#1301);
#1145=LINE('',#2642,#1302);
#1146=LINE('',#2644,#1303);
#1147=LINE('',#2646,#1304);
#1148=LINE('',#2648,#1305);
#1149=LINE('',#2650,#1306);
#1150=LINE('',#2653,#1307);
#1151=LINE('',#2654,#1308);
#1152=LINE('',#2656,#1309);
#1153=LINE('',#2659,#1310);
#1154=LINE('',#2661,#1311);
#1155=LINE('',#2663,#1312);
#1156=LINE('',#2665,#1313);
#1157=LINE('',#2667,#1314);
#1158=LINE('',#2669,#1315);
#1159=LINE('',#2672,#1316);
#1160=LINE('',#2673,#1317);
#1161=LINE('',#2675,#1318);
#1162=LINE('',#2677,#1319);
#1163=LINE('',#2679,#1320);
#1164=LINE('',#2682,#1321);
#1165=LINE('',#2684,#1322);
#1166=LINE('',#2686,#1323);
#1167=LINE('',#2688,#1324);
#1168=LINE('',#2691,#1325);
#1169=LINE('',#2693,#1326);
#1170=LINE('',#2695,#1327);
#1171=LINE('',#2697,#1328);
#1172=LINE('',#2700,#1329);
#1173=LINE('',#2703,#1330);
#1174=LINE('',#2705,#1331);
#1175=LINE('',#2707,#1332);
#1176=LINE('',#2709,#1333);
#1177=LINE('',#2710,#1334);
#1178=LINE('',#2712,#1335);
#1179=LINE('',#2715,#1336);
#1180=LINE('',#2719,#1337);
#1181=LINE('',#2721,#1338);
#1182=LINE('',#2723,#1339);
#1183=LINE('',#2725,#1340);
#1184=LINE('',#2727,#1341);
#1185=LINE('',#2745,#1342);
#1186=LINE('',#2747,#1343);
#1187=LINE('',#2749,#1344);
#1188=LINE('',#2751,#1345);
#1189=LINE('',#2754,#1346);
#1190=LINE('',#2756,#1347);
#1191=LINE('',#2758,#1348);
#1192=LINE('',#2760,#1349);
#1193=LINE('',#2762,#1350);
#1194=LINE('',#2764,#1351);
#1195=LINE('',#2766,#1352);
#1196=LINE('',#2768,#1353);
#1197=LINE('',#2770,#1354);
#1198=LINE('',#2772,#1355);
#1199=LINE('',#2774,#1356);
#1200=LINE('',#2777,#1357);
#1201=LINE('',#2779,#1358);
#1202=LINE('',#2781,#1359);
#1203=LINE('',#2783,#1360);
#1204=LINE('',#2786,#1361);
#1205=LINE('',#2788,#1362);
#1206=LINE('',#2790,#1363);
#1207=LINE('',#2792,#1364);
#1208=LINE('',#2794,#1365);
#1209=LINE('',#2796,#1366);
#1210=LINE('',#2798,#1367);
#1211=LINE('',#2800,#1368);
#1212=LINE('',#2804,#1369);
#1213=LINE('',#2805,#1370);
#1214=LINE('',#2807,#1371);
#1215=LINE('',#2810,#1372);
#1216=LINE('',#2812,#1373);
#1217=LINE('',#2814,#1374);
#1218=LINE('',#2818,#1375);
#1219=LINE('',#2821,#1376);
#1220=LINE('',#2824,#1377);
#1221=LINE('',#2850,#1378);
#1222=LINE('',#2855,#1379);
#1223=LINE('',#2859,#1380);
#1224=LINE('',#2864,#1381);
#1225=LINE('',#2866,#1382);
#1226=LINE('',#2868,#1383);
#1227=LINE('',#2876,#1384);
#1228=LINE('',#2880,#1385);
#1229=LINE('',#2888,#1386);
#1230=LINE('',#2892,#1387);
#1231=LINE('',#2898,#1388);
#1232=LINE('',#2902,#1389);
#1233=LINE('',#2910,#1390);
#1234=LINE('',#2914,#1391);
#1235=LINE('',#2930,#1392);
#1236=LINE('',#2933,#1393);
#1237=LINE('',#2934,#1394);
#1238=LINE('',#2936,#1395);
#1239=LINE('',#2939,#1396);
#1240=LINE('',#2940,#1397);
#1241=LINE('',#2945,#1398);
#1242=LINE('',#2946,#1399);
#1243=LINE('',#2948,#1400);
#1244=LINE('',#2950,#1401);
#1245=LINE('',#2952,#1402);
#1246=LINE('',#2957,#1403);
#1247=LINE('',#2959,#1404);
#1248=LINE('',#2961,#1405);
#1249=LINE('',#2968,#1406);
#1250=LINE('',#2971,#1407);
#1251=LINE('',#2975,#1408);
#1252=LINE('',#2977,#1409);
#1253=LINE('',#2980,#1410);
#1254=LINE('',#2984,#1411);
#1255=LINE('',#2992,#1412);
#1256=LINE('',#2996,#1413);
#1257=LINE('',#3006,#1414);
#1258=LINE('',#3008,#1415);
#1259=LINE('',#3012,#1416);
#1260=LINE('',#3015,#1417);
#1261=LINE('',#3027,#1418);
#1262=LINE('',#3030,#1419);
#1263=LINE('',#3032,#1420);
#1264=LINE('',#3034,#1421);
#1265=LINE('',#3036,#1422);
#1266=LINE('',#3039,#1423);
#1267=LINE('',#3041,#1424);
#1268=LINE('',#3043,#1425);
#1269=LINE('',#3046,#1426);
#1270=LINE('',#3050,#1427);
#1271=LINE('',#3052,#1428);
#1272=LINE('',#3055,#1429);
#1273=LINE('',#3059,#1430);
#1274=LINE('',#3101,#1431);
#1275=LINE('',#3102,#1432);
#1276=LINE('',#3104,#1433);
#1277=LINE('',#3105,#1434);
#1278=LINE('',#3107,#1435);
#1279=LINE('',#3108,#1436);
#1280=LINE('',#3110,#1437);
#1281=LINE('',#3111,#1438);
#1282=LINE('',#3114,#1439);
#1283=LINE('',#3115,#1440);
#1284=LINE('',#3118,#1441);
#1285=LINE('',#3120,#1442);
#1286=LINE('',#3154,#1443);
#1287=LINE('',#3155,#1444);
#1288=LINE('',#3157,#1445);
#1289=LINE('',#3158,#1446);
#1290=VECTOR('',#2057,1.);
#1291=VECTOR('',#2058,1.);
#1292=VECTOR('',#2061,1.);
#1293=VECTOR('',#2062,1.);
#1294=VECTOR('',#2063,1.);
#1295=VECTOR('',#2064,1.);
#1296=VECTOR('',#2065,1.);
#1297=VECTOR('',#2068,1.);
#1298=VECTOR('',#2071,1.);
#1299=VECTOR('',#2072,1.);
#1300=VECTOR('',#2073,1.);
#1301=VECTOR('',#2074,1.);
#1302=VECTOR('',#2075,1.);
#1303=VECTOR('',#2076,1.);
#1304=VECTOR('',#2077,1.);
#1305=VECTOR('',#2078,1.);
#1306=VECTOR('',#2081,1.);
#1307=VECTOR('',#2082,1.);
#1308=VECTOR('',#2083,1.);
#1309=VECTOR('',#2086,1.);
#1310=VECTOR('',#2087,1.);
#1311=VECTOR('',#2088,1.);
#1312=VECTOR('',#2089,1.);
#1313=VECTOR('',#2090,1.);
#1314=VECTOR('',#2091,1.);
#1315=VECTOR('',#2094,1.);
#1316=VECTOR('',#2095,1.);
#1317=VECTOR('',#2096,1.);
#1318=VECTOR('',#2097,1.);
#1319=VECTOR('',#2098,1.);
#1320=VECTOR('',#2101,1.);
#1321=VECTOR('',#2102,1.);
#1322=VECTOR('',#2103,1.);
#1323=VECTOR('',#2104,1.);
#1324=VECTOR('',#2107,1.);
#1325=VECTOR('',#2108,1.);
#1326=VECTOR('',#2109,1.);
#1327=VECTOR('',#2110,1.);
#1328=VECTOR('',#2113,1.);
#1329=VECTOR('',#2114,1.);
#1330=VECTOR('',#2117,1.);
#1331=VECTOR('',#2118,1.);
#1332=VECTOR('',#2119,1.);
#1333=VECTOR('',#2122,1.);
#1334=VECTOR('',#2123,1.);
#1335=VECTOR('',#2126,1.);
#1336=VECTOR('',#2127,1.);
#1337=VECTOR('',#2130,1.);
#1338=VECTOR('',#2131,1.);
#1339=VECTOR('',#2134,1.);
#1340=VECTOR('',#2135,1.);
#1341=VECTOR('',#2136,1.);
#1342=VECTOR('',#2157,1.);
#1343=VECTOR('',#2158,1.);
#1344=VECTOR('',#2159,1.);
#1345=VECTOR('',#2162,1.);
#1346=VECTOR('',#2163,1.);
#1347=VECTOR('',#2164,1.);
#1348=VECTOR('',#2165,1.);
#1349=VECTOR('',#2166,1.);
#1350=VECTOR('',#2167,1.);
#1351=VECTOR('',#2170,1.);
#1352=VECTOR('',#2171,1.);
#1353=VECTOR('',#2172,1.);
#1354=VECTOR('',#2173,1.);
#1355=VECTOR('',#2174,1.);
#1356=VECTOR('',#2177,1.);
#1357=VECTOR('',#2178,1.);
#1358=VECTOR('',#2179,1.);
#1359=VECTOR('',#2180,1.);
#1360=VECTOR('',#2183,1.);
#1361=VECTOR('',#2184,1.);
#1362=VECTOR('',#2185,1.);
#1363=VECTOR('',#2186,1.);
#1364=VECTOR('',#2189,1.);
#1365=VECTOR('',#2190,1.);
#1366=VECTOR('',#2191,1.);
#1367=VECTOR('',#2192,1.);
#1368=VECTOR('',#2193,1.);
#1369=VECTOR('',#2198,1.);
#1370=VECTOR('',#2199,1.);
#1371=VECTOR('',#2202,1.);
#1372=VECTOR('',#2203,1.);
#1373=VECTOR('',#2204,1.);
#1374=VECTOR('',#2205,1.);
#1375=VECTOR('',#2210,1.);
#1376=VECTOR('',#2211,1.);
#1377=VECTOR('',#2214,1.);
#1378=VECTOR('',#2245,1.);
#1379=VECTOR('',#2248,1.);
#1380=VECTOR('',#2251,1.);
#1381=VECTOR('',#2258,1.);
#1382=VECTOR('',#2259,1.);
#1383=VECTOR('',#2260,1.);
#1384=VECTOR('',#2269,1.);
#1385=VECTOR('',#2272,1.);
#1386=VECTOR('',#2279,1.);
#1387=VECTOR('',#2282,1.);
#1388=VECTOR('',#2289,1.);
#1389=VECTOR('',#2292,1.);
#1390=VECTOR('',#2299,1.);
#1391=VECTOR('',#2302,1.);
#1392=VECTOR('',#2323,1.);
#1393=VECTOR('',#2324,1.);
#1394=VECTOR('',#2325,1.);
#1395=VECTOR('',#2328,1.);
#1396=VECTOR('',#2329,1.);
#1397=VECTOR('',#2330,1.);
#1398=VECTOR('',#2335,1.);
#1399=VECTOR('',#2336,1.);
#1400=VECTOR('',#2339,1.);
#1401=VECTOR('',#2340,1.);
#1402=VECTOR('',#2341,1.);
#1403=VECTOR('',#2348,1.);
#1404=VECTOR('',#2349,1.);
#1405=VECTOR('',#2350,1.);
#1406=VECTOR('',#2359,1.);
#1407=VECTOR('',#2362,1.);
#1408=VECTOR('',#2365,1.);
#1409=VECTOR('',#2366,1.);
#1410=VECTOR('',#2369,1.);
#1411=VECTOR('',#2372,1.);
#1412=VECTOR('',#2379,1.);
#1413=VECTOR('',#2382,1.);
#1414=VECTOR('',#2399,1.);
#1415=VECTOR('',#2400,1.);
#1416=VECTOR('',#2403,1.);
#1417=VECTOR('',#2406,1.);
#1418=VECTOR('',#2419,1.);
#1419=VECTOR('',#2420,1.);
#1420=VECTOR('',#2421,1.);
#1421=VECTOR('',#2422,1.);
#1422=VECTOR('',#2425,1.);
#1423=VECTOR('',#2426,1.);
#1424=VECTOR('',#2427,1.);
#1425=VECTOR('',#2428,1.);
#1426=VECTOR('',#2433,1.);
#1427=VECTOR('',#2436,1.);
#1428=VECTOR('',#2439,1.);
#1429=VECTOR('',#2442,1.);
#1430=VECTOR('',#2445,1.);
#1431=VECTOR('',#2512,1.);
#1432=VECTOR('',#2513,1.);
#1433=VECTOR('',#2516,1.);
#1434=VECTOR('',#2517,1.);
#1435=VECTOR('',#2520,1.);
#1436=VECTOR('',#2521,1.);
#1437=VECTOR('',#2524,1.);
#1438=VECTOR('',#2525,1.);
#1439=VECTOR('',#2530,1.);
#1440=VECTOR('',#2531,1.);
#1441=VECTOR('',#2536,1.);
#1442=VECTOR('',#2537,1.);
#1443=VECTOR('',#2592,1.);
#1444=VECTOR('',#2593,1.);
#1445=VECTOR('',#2596,1.);
#1446=VECTOR('',#2597,1.);
#1447=EDGE_LOOP('',(#174,#175,#176,#177,#178,#179,#180,#181,#182,#183));
#1448=EDGE_LOOP('',(#184,#185,#186,#187,#188,#189,#190,#191));
#1449=EDGE_LOOP('',(#192,#193,#194,#195));
#1450=EDGE_LOOP('',(#196,#197,#198,#199,#200,#201));
#1451=EDGE_LOOP('',(#202,#203,#204,#205,#206,#207));
#1452=EDGE_LOOP('',(#208,#209,#210,#211));
#1453=EDGE_LOOP('',(#212,#213,#214,#215));
#1454=EDGE_LOOP('',(#216,#217,#218,#219,#220,#221,#222));
#1455=EDGE_LOOP('',(#223,#224,#225,#226));
#1456=EDGE_LOOP('',(#227,#228,#229,#230,#231));
#1457=EDGE_LOOP('',(#232,#233,#234,#235,#236));
#1458=EDGE_LOOP('',(#237,#238,#239,#240));
#1459=EDGE_LOOP('',(#241,#242,#243,#244));
#1460=EDGE_LOOP('',(#245,#246,#247,#248));
#1461=EDGE_LOOP('',(#249,#250,#251,#252));
#1462=EDGE_LOOP('',(#253,#254,#255,#256,#257,#258));
#1463=EDGE_LOOP('',(#259,#260,#261,#262,#263,#264));
#1464=EDGE_LOOP('',(#265,#266,#267,#268));
#1465=EDGE_LOOP('',(#269,#270,#271,#272));
#1466=EDGE_LOOP('',(#273,#274,#275,#276,#277,#278,#279));
#1467=EDGE_LOOP('',(#280,#281,#282,#283));
#1468=EDGE_LOOP('',(#284,#285,#286,#287,#288));
#1469=EDGE_LOOP('',(#289,#290,#291,#292,#293));
#1470=EDGE_LOOP('',(#294,#295,#296,#297));
#1471=EDGE_LOOP('',(#298,#299,#300,#301));
#1472=EDGE_LOOP('',(#302,#303,#304,#305));
#1473=EDGE_LOOP('',(#306));
#1474=EDGE_LOOP('',(#307));
#1475=EDGE_LOOP('',(#308));
#1476=EDGE_LOOP('',(#309));
#1477=EDGE_LOOP('',(#310));
#1478=EDGE_LOOP('',(#311));
#1479=EDGE_LOOP('',(#312,#313,#314,#315,#316,#317,#318,#319));
#1480=EDGE_LOOP('',(#320,#321,#322,#323));
#1481=EDGE_LOOP('',(#324));
#1482=EDGE_LOOP('',(#325));
#1483=EDGE_LOOP('',(#326,#327,#328,#329,#330,#331,#332,#333,#334,#335,#336,
#337,#338,#339));
#1484=EDGE_LOOP('',(#340,#341,#342,#343,#344,#345,#346,#347,#348,#349,#350,
#351,#352,#353));
#1485=EDGE_LOOP('',(#354));
#1486=EDGE_LOOP('',(#355));
#1487=EDGE_LOOP('',(#356));
#1488=EDGE_LOOP('',(#357));
#1489=EDGE_LOOP('',(#358,#359,#360,#361));
#1490=EDGE_LOOP('',(#362,#363,#364,#365));
#1491=EDGE_LOOP('',(#366,#367,#368,#369));
#1492=EDGE_LOOP('',(#370,#371,#372,#373));
#1493=EDGE_LOOP('',(#374,#375,#376,#377));
#1494=EDGE_LOOP('',(#378));
#1495=EDGE_LOOP('',(#379));
#1496=EDGE_LOOP('',(#380,#381,#382,#383));
#1497=EDGE_LOOP('',(#384));
#1498=EDGE_LOOP('',(#385));
#1499=EDGE_LOOP('',(#386,#387,#388,#389,#390,#391,#392,#393,#394,#395,#396,
#397,#398,#399,#400,#401,#402,#403,#404,#405,#406,#407,#408,#409,#410,#411,
#412,#413,#414,#415,#416,#417,#418,#419,#420,#421,#422,#423,#424,#425,#426,
#427,#428,#429,#430,#431,#432,#433));
#1500=EDGE_LOOP('',(#434));
#1501=EDGE_LOOP('',(#435));
#1502=EDGE_LOOP('',(#436));
#1503=EDGE_LOOP('',(#437));
#1504=EDGE_LOOP('',(#438));
#1505=EDGE_LOOP('',(#439));
#1506=EDGE_LOOP('',(#440,#441,#442,#443));
#1507=EDGE_LOOP('',(#444,#445,#446,#447));
#1508=EDGE_LOOP('',(#448));
#1509=EDGE_LOOP('',(#449,#450,#451,#452,#453,#454,#455,#456,#457,#458,#459,
#460,#461,#462,#463,#464,#465));
#1510=EDGE_LOOP('',(#466));
#1511=EDGE_LOOP('',(#467,#468,#469,#470));
#1512=EDGE_LOOP('',(#471,#472,#473,#474));
#1513=EDGE_LOOP('',(#475,#476,#477,#478));
#1514=EDGE_LOOP('',(#479,#480,#481,#482));
#1515=EDGE_LOOP('',(#483,#484,#485,#486));
#1516=EDGE_LOOP('',(#487,#488,#489,#490));
#1517=EDGE_LOOP('',(#491,#492,#493));
#1518=EDGE_LOOP('',(#494,#495,#496,#497));
#1519=EDGE_LOOP('',(#498,#499,#500,#501));
#1520=EDGE_LOOP('',(#502,#503,#504,#505));
#1521=EDGE_LOOP('',(#506,#507,#508,#509));
#1522=EDGE_LOOP('',(#510,#511,#512,#513,#514));
#1523=EDGE_LOOP('',(#515,#516,#517,#518));
#1524=EDGE_LOOP('',(#519,#520,#521,#522));
#1525=EDGE_LOOP('',(#523));
#1526=EDGE_LOOP('',(#524));
#1527=EDGE_LOOP('',(#525));
#1528=EDGE_LOOP('',(#526));
#1529=EDGE_LOOP('',(#527,#528,#529,#530));
#1530=EDGE_LOOP('',(#531,#532,#533,#534));
#1531=EDGE_LOOP('',(#535));
#1532=EDGE_LOOP('',(#536));
#1533=EDGE_LOOP('',(#537,#538,#539,#540));
#1534=EDGE_LOOP('',(#541,#542,#543,#544));
#1535=EDGE_LOOP('',(#545,#546,#547,#548));
#1536=EDGE_LOOP('',(#549,#550,#551,#552));
#1537=EDGE_LOOP('',(#553,#554,#555,#556));
#1538=EDGE_LOOP('',(#557));
#1539=EDGE_LOOP('',(#558));
#1540=EDGE_LOOP('',(#559,#560,#561,#562));
#1541=EDGE_LOOP('',(#563));
#1542=EDGE_LOOP('',(#564));
#1543=EDGE_LOOP('',(#565,#566,#567,#568));
#1544=EDGE_LOOP('',(#569,#570,#571,#572));
#1545=EDGE_LOOP('',(#573,#574,#575,#576));
#1546=EDGE_LOOP('',(#577,#578,#579,#580));
#1547=EDGE_LOOP('',(#581,#582,#583,#584));
#1548=EDGE_LOOP('',(#585,#586,#587,#588));
#1549=EDGE_LOOP('',(#589,#590,#591,#592));
#1550=EDGE_LOOP('',(#593,#594,#595));
#1551=EDGE_LOOP('',(#596,#597,#598,#599));
#1552=EDGE_LOOP('',(#600,#601,#602,#603));
#1553=EDGE_LOOP('',(#604,#605,#606,#607));
#1554=EDGE_LOOP('',(#608,#609,#610,#611));
#1555=EDGE_LOOP('',(#612,#613,#614,#615,#616));
#1556=EDGE_LOOP('',(#617,#618,#619,#620));
#1557=EDGE_LOOP('',(#621,#622,#623,#624));
#1558=EDGE_LOOP('',(#625));
#1559=EDGE_LOOP('',(#626));
#1560=EDGE_LOOP('',(#627));
#1561=EDGE_LOOP('',(#628));
#1562=EDGE_LOOP('',(#629,#630,#631,#632));
#1563=EDGE_LOOP('',(#633,#634,#635,#636));
#1564=EDGE_LOOP('',(#637,#638,#639,#640));
#1565=EDGE_LOOP('',(#641,#642,#643,#644));
#1566=EDGE_LOOP('',(#645,#646,#647,#648));
#1567=EDGE_LOOP('',(#649,#650,#651,#652));
#1568=EDGE_LOOP('',(#653,#654,#655,#656));
#1569=EDGE_LOOP('',(#657,#658,#659,#660));
#1570=EDGE_LOOP('',(#661));
#1571=EDGE_LOOP('',(#662));
#1572=EDGE_LOOP('',(#663,#664,#665,#666,#667,#668,#669,#670,#671,#672,#673,
#674,#675,#676,#677,#678,#679,#680,#681,#682,#683,#684,#685,#686,#687,#688));
#1573=EDGE_LOOP('',(#689,#690,#691,#692,#693,#694,#695));
#1574=FACE_BOUND('',#1447,.T.);
#1575=FACE_BOUND('',#1448,.T.);
#1576=FACE_BOUND('',#1449,.T.);
#1577=FACE_BOUND('',#1450,.T.);
#1578=FACE_BOUND('',#1451,.T.);
#1579=FACE_BOUND('',#1452,.T.);
#1580=FACE_BOUND('',#1453,.T.);
#1581=FACE_BOUND('',#1454,.T.);
#1582=FACE_BOUND('',#1455,.T.);
#1583=FACE_BOUND('',#1456,.T.);
#1584=FACE_BOUND('',#1457,.T.);
#1585=FACE_BOUND('',#1458,.T.);
#1586=FACE_BOUND('',#1459,.T.);
#1587=FACE_BOUND('',#1460,.T.);
#1588=FACE_BOUND('',#1461,.T.);
#1589=FACE_BOUND('',#1462,.T.);
#1590=FACE_BOUND('',#1463,.T.);
#1591=FACE_BOUND('',#1464,.T.);
#1592=FACE_BOUND('',#1465,.T.);
#1593=FACE_BOUND('',#1466,.T.);
#1594=FACE_BOUND('',#1467,.T.);
#1595=FACE_BOUND('',#1468,.T.);
#1596=FACE_BOUND('',#1469,.T.);
#1597=FACE_BOUND('',#1470,.T.);
#1598=FACE_BOUND('',#1471,.T.);
#1599=FACE_BOUND('',#1472,.T.);
#1600=FACE_BOUND('',#1473,.T.);
#1601=FACE_BOUND('',#1474,.T.);
#1602=FACE_BOUND('',#1475,.T.);
#1603=FACE_BOUND('',#1476,.T.);
#1604=FACE_BOUND('',#1477,.T.);
#1605=FACE_BOUND('',#1478,.T.);
#1606=FACE_BOUND('',#1479,.T.);
#1607=FACE_BOUND('',#1480,.T.);
#1608=FACE_BOUND('',#1481,.T.);
#1609=FACE_BOUND('',#1482,.T.);
#1610=FACE_BOUND('',#1483,.T.);
#1611=FACE_BOUND('',#1484,.T.);
#1612=FACE_BOUND('',#1485,.T.);
#1613=FACE_BOUND('',#1486,.T.);
#1614=FACE_BOUND('',#1487,.T.);
#1615=FACE_BOUND('',#1488,.T.);
#1616=FACE_BOUND('',#1489,.T.);
#1617=FACE_BOUND('',#1490,.T.);
#1618=FACE_BOUND('',#1491,.T.);
#1619=FACE_BOUND('',#1492,.T.);
#1620=FACE_BOUND('',#1493,.T.);
#1621=FACE_BOUND('',#1494,.T.);
#1622=FACE_BOUND('',#1495,.T.);
#1623=FACE_BOUND('',#1496,.T.);
#1624=FACE_BOUND('',#1497,.T.);
#1625=FACE_BOUND('',#1498,.T.);
#1626=FACE_BOUND('',#1499,.T.);
#1627=FACE_BOUND('',#1500,.T.);
#1628=FACE_BOUND('',#1501,.T.);
#1629=FACE_BOUND('',#1502,.T.);
#1630=FACE_BOUND('',#1503,.T.);
#1631=FACE_BOUND('',#1504,.T.);
#1632=FACE_BOUND('',#1505,.T.);
#1633=FACE_BOUND('',#1506,.T.);
#1634=FACE_BOUND('',#1507,.T.);
#1635=FACE_BOUND('',#1508,.T.);
#1636=FACE_BOUND('',#1509,.T.);
#1637=FACE_BOUND('',#1510,.T.);
#1638=FACE_BOUND('',#1511,.T.);
#1639=FACE_BOUND('',#1512,.T.);
#1640=FACE_BOUND('',#1513,.T.);
#1641=FACE_BOUND('',#1514,.T.);
#1642=FACE_BOUND('',#1515,.T.);
#1643=FACE_BOUND('',#1516,.T.);
#1644=FACE_BOUND('',#1517,.T.);
#1645=FACE_BOUND('',#1518,.T.);
#1646=FACE_BOUND('',#1519,.T.);
#1647=FACE_BOUND('',#1520,.T.);
#1648=FACE_BOUND('',#1521,.T.);
#1649=FACE_BOUND('',#1522,.T.);
#1650=FACE_BOUND('',#1523,.T.);
#1651=FACE_BOUND('',#1524,.T.);
#1652=FACE_BOUND('',#1525,.T.);
#1653=FACE_BOUND('',#1526,.T.);
#1654=FACE_BOUND('',#1527,.T.);
#1655=FACE_BOUND('',#1528,.T.);
#1656=FACE_BOUND('',#1529,.T.);
#1657=FACE_BOUND('',#1530,.T.);
#1658=FACE_BOUND('',#1531,.T.);
#1659=FACE_BOUND('',#1532,.T.);
#1660=FACE_BOUND('',#1533,.T.);
#1661=FACE_BOUND('',#1534,.T.);
#1662=FACE_BOUND('',#1535,.T.);
#1663=FACE_BOUND('',#1536,.T.);
#1664=FACE_BOUND('',#1537,.T.);
#1665=FACE_BOUND('',#1538,.T.);
#1666=FACE_BOUND('',#1539,.T.);
#1667=FACE_BOUND('',#1540,.T.);
#1668=FACE_BOUND('',#1541,.T.);
#1669=FACE_BOUND('',#1542,.T.);
#1670=FACE_BOUND('',#1543,.T.);
#1671=FACE_BOUND('',#1544,.T.);
#1672=FACE_BOUND('',#1545,.T.);
#1673=FACE_BOUND('',#1546,.T.);
#1674=FACE_BOUND('',#1547,.T.);
#1675=FACE_BOUND('',#1548,.T.);
#1676=FACE_BOUND('',#1549,.T.);
#1677=FACE_BOUND('',#1550,.T.);
#1678=FACE_BOUND('',#1551,.T.);
#1679=FACE_BOUND('',#1552,.T.);
#1680=FACE_BOUND('',#1553,.T.);
#1681=FACE_BOUND('',#1554,.T.);
#1682=FACE_BOUND('',#1555,.T.);
#1683=FACE_BOUND('',#1556,.T.);
#1684=FACE_BOUND('',#1557,.T.);
#1685=FACE_BOUND('',#1558,.T.);
#1686=FACE_BOUND('',#1559,.T.);
#1687=FACE_BOUND('',#1560,.T.);
#1688=FACE_BOUND('',#1561,.T.);
#1689=FACE_BOUND('',#1562,.T.);
#1690=FACE_BOUND('',#1563,.T.);
#1691=FACE_BOUND('',#1564,.T.);
#1692=FACE_BOUND('',#1565,.T.);
#1693=FACE_BOUND('',#1566,.T.);
#1694=FACE_BOUND('',#1567,.T.);
#1695=FACE_BOUND('',#1568,.T.);
#1696=FACE_BOUND('',#1569,.T.);
#1697=FACE_BOUND('',#1570,.T.);
#1698=FACE_BOUND('',#1571,.T.);
#1699=FACE_BOUND('',#1572,.T.);
#1700=FACE_BOUND('',#1573,.T.);
#1701=PLANE('',#1854);
#1702=PLANE('',#1857);
#1703=PLANE('',#1858);
#1704=PLANE('',#1859);
#1705=PLANE('',#1860);
#1706=PLANE('',#1861);
#1707=PLANE('',#1862);
#1708=PLANE('',#1863);
#1709=PLANE('',#1865);
#1710=PLANE('',#1866);
#1711=PLANE('',#1868);
#1712=PLANE('',#1878);
#1713=PLANE('',#1879);
#1714=PLANE('',#1880);
#1715=PLANE('',#1881);
#1716=PLANE('',#1882);
#1717=PLANE('',#1883);
#1718=PLANE('',#1885);
#1719=PLANE('',#1886);
#1720=PLANE('',#1888);
#1721=PLANE('',#1904);
#1722=PLANE('',#1909);
#1723=PLANE('',#1910);
#1724=PLANE('',#1920);
#1725=PLANE('',#1936);
#1726=PLANE('',#1937);
#1727=PLANE('',#1940);
#1728=PLANE('',#1943);
#1729=PLANE('',#1946);
#1730=PLANE('',#1971);
#1731=PLANE('',#1972);
#1732=PLANE('',#1973);
#1733=PLANE('',#2011);
#1734=PLANE('',#2012);
#1735=PLANE('',#2014);
#1736=PLANE('',#2016);
#1737=PLANE('',#2018);
#1738=PLANE('',#2045);
#1739=PLANE('',#2046);
#1740=PLANE('',#2051);
#1741=PLANE('',#2052);
#1742=ADVANCED_FACE('',(#1574),#1701,.F.);
#1743=ADVANCED_FACE('',(#1575),#1702,.T.);
#1744=ADVANCED_FACE('',(#1576),#1703,.T.);
#1745=ADVANCED_FACE('',(#1577),#1704,.T.);
#1746=ADVANCED_FACE('',(#1578),#1705,.T.);
#1747=ADVANCED_FACE('',(#1579),#1706,.T.);
#1748=ADVANCED_FACE('',(#1580),#1707,.F.);
#1749=ADVANCED_FACE('',(#1581),#1708,.T.);
#1750=ADVANCED_FACE('',(#1582),#1709,.F.);
#1751=ADVANCED_FACE('',(#1583),#1710,.F.);
#1752=ADVANCED_FACE('',(#1584),#1711,.T.);
#1753=ADVANCED_FACE('',(#1585),#24,.T.);
#1754=ADVANCED_FACE('',(#1586),#25,.T.);
#1755=ADVANCED_FACE('',(#1587),#26,.T.);
#1756=ADVANCED_FACE('',(#1588),#1712,.T.);
#1757=ADVANCED_FACE('',(#1589),#1713,.T.);
#1758=ADVANCED_FACE('',(#1590),#1714,.T.);
#1759=ADVANCED_FACE('',(#1591),#1715,.T.);
#1760=ADVANCED_FACE('',(#1592),#1716,.F.);
#1761=ADVANCED_FACE('',(#1593),#1717,.T.);
#1762=ADVANCED_FACE('',(#1594),#1718,.F.);
#1763=ADVANCED_FACE('',(#1595),#1719,.F.);
#1764=ADVANCED_FACE('',(#1596),#1720,.T.);
#1765=ADVANCED_FACE('',(#1597),#27,.T.);
#1766=ADVANCED_FACE('',(#1598),#28,.T.);
#1767=ADVANCED_FACE('',(#1599),#29,.T.);
#1768=ADVANCED_FACE('',(#1600,#1601),#30,.F.);
#1769=ADVANCED_FACE('',(#1602,#1603),#31,.F.);
#1770=ADVANCED_FACE('',(#1604,#1605,#1606),#1721,.T.);
#1771=ADVANCED_FACE('',(#1607),#1722,.T.);
#1772=ADVANCED_FACE('',(#1608,#1609,#1610),#1723,.T.);
#1773=ADVANCED_FACE('',(#1611,#1612,#1613),#1724,.T.);
#1774=ADVANCED_FACE('',(#1614,#1615),#32,.F.);
#1775=ADVANCED_FACE('',(#1616),#33,.T.);
#1776=ADVANCED_FACE('',(#1617),#1725,.F.);
#1777=ADVANCED_FACE('',(#1618),#1726,.T.);
#1778=ADVANCED_FACE('',(#1619),#34,.F.);
#1779=ADVANCED_FACE('',(#1620),#1727,.F.);
#1780=ADVANCED_FACE('',(#1621,#1622),#35,.F.);
#1781=ADVANCED_FACE('',(#1623),#1728,.F.);
#1782=ADVANCED_FACE('',(#1624,#1625),#36,.F.);
#1783=ADVANCED_FACE('',(#1626,#1627,#1628,#1629,#1630,#1631,#1632),#1729,
 .F.);
#1784=ADVANCED_FACE('',(#1633),#1730,.T.);
#1785=ADVANCED_FACE('',(#1634),#1731,.T.);
#1786=ADVANCED_FACE('',(#1635,#1636,#1637),#1732,.T.);
#1787=ADVANCED_FACE('',(#1638),#37,.T.);
#1788=ADVANCED_FACE('',(#1639),#38,.T.);
#1789=ADVANCED_FACE('',(#1640),#39,.T.);
#1790=ADVANCED_FACE('',(#1641),#14,.T.);
#1791=ADVANCED_FACE('',(#1642),#40,.T.);
#1792=ADVANCED_FACE('',(#1643),#41,.T.);
#1793=ADVANCED_FACE('',(#1644),#12,.T.);
#1794=ADVANCED_FACE('',(#1645),#42,.F.);
#1795=ADVANCED_FACE('',(#1646),#43,.F.);
#1796=ADVANCED_FACE('',(#1647),#44,.F.);
#1797=ADVANCED_FACE('',(#1648),#45,.F.);
#1798=ADVANCED_FACE('',(#1649),#46,.T.);
#1799=ADVANCED_FACE('',(#1650),#15,.T.);
#1800=ADVANCED_FACE('',(#1651),#47,.T.);
#1801=ADVANCED_FACE('',(#1652,#1653),#48,.F.);
#1802=ADVANCED_FACE('',(#1654,#1655),#16,.F.);
#1803=ADVANCED_FACE('',(#1656),#49,.F.);
#1804=ADVANCED_FACE('',(#1657),#50,.T.);
#1805=ADVANCED_FACE('',(#1658,#1659),#51,.F.);
#1806=ADVANCED_FACE('',(#1660),#52,.T.);
#1807=ADVANCED_FACE('',(#1661),#1733,.F.);
#1808=ADVANCED_FACE('',(#1662),#1734,.T.);
#1809=ADVANCED_FACE('',(#1663),#53,.F.);
#1810=ADVANCED_FACE('',(#1664),#1735,.F.);
#1811=ADVANCED_FACE('',(#1665,#1666),#54,.F.);
#1812=ADVANCED_FACE('',(#1667),#1736,.F.);
#1813=ADVANCED_FACE('',(#1668,#1669),#55,.F.);
#1814=ADVANCED_FACE('',(#1670),#1737,.T.);
#1815=ADVANCED_FACE('',(#1671),#56,.T.);
#1816=ADVANCED_FACE('',(#1672),#57,.T.);
#1817=ADVANCED_FACE('',(#1673),#58,.T.);
#1818=ADVANCED_FACE('',(#1674),#17,.T.);
#1819=ADVANCED_FACE('',(#1675),#59,.T.);
#1820=ADVANCED_FACE('',(#1676),#60,.T.);
#1821=ADVANCED_FACE('',(#1677),#13,.T.);
#1822=ADVANCED_FACE('',(#1678),#61,.F.);
#1823=ADVANCED_FACE('',(#1679),#62,.F.);
#1824=ADVANCED_FACE('',(#1680),#63,.F.);
#1825=ADVANCED_FACE('',(#1681),#64,.F.);
#1826=ADVANCED_FACE('',(#1682),#65,.T.);
#1827=ADVANCED_FACE('',(#1683),#18,.T.);
#1828=ADVANCED_FACE('',(#1684),#66,.T.);
#1829=ADVANCED_FACE('',(#1685,#1686),#67,.F.);
#1830=ADVANCED_FACE('',(#1687,#1688),#19,.F.);
#1831=ADVANCED_FACE('',(#1689),#68,.F.);
#1832=ADVANCED_FACE('',(#1690),#69,.T.);
#1833=ADVANCED_FACE('',(#1691),#1738,.F.);
#1834=ADVANCED_FACE('',(#1692),#1739,.T.);
#1835=ADVANCED_FACE('',(#1693),#70,.T.);
#1836=ADVANCED_FACE('',(#1694),#71,.T.);
#1837=ADVANCED_FACE('',(#1695),#72,.F.);
#1838=ADVANCED_FACE('',(#1696),#73,.F.);
#1839=ADVANCED_FACE('',(#1697,#1698,#1699),#1740,.T.);
#1840=ADVANCED_FACE('',(#1700),#1741,.T.);
#1841=CLOSED_SHELL('',(#1742,#1743,#1744,#1745,#1746,#1747,#1748,#1749,
#1750,#1751,#1752,#1753,#1754,#1755,#1756,#1757,#1758,#1759,#1760,#1761,
#1762,#1763,#1764,#1765,#1766,#1767,#1768,#1769,#1770,#1771,#1772,#1773,
#1774,#1775,#1776,#1777,#1778,#1779,#1780,#1781,#1782,#1783,#1784,#1785,
#1786,#1787,#1788,#1789,#1790,#1791,#1792,#1793,#1794,#1795,#1796,#1797,
#1798,#1799,#1800,#1801,#1802,#1803,#1804,#1805,#1806,#1807,#1808,#1809,
#1810,#1811,#1812,#1813,#1814,#1815,#1816,#1817,#1818,#1819,#1820,#1821,
#1822,#1823,#1824,#1825,#1826,#1827,#1828,#1829,#1830,#1831,#1832,#1833,
#1834,#1835,#1836,#1837,#1838,#1839,#1840));
#1842=STYLED_ITEM('',(#1843),#1850);
#1843=PRESENTATION_STYLE_ASSIGNMENT((#1844));
#1844=SURFACE_STYLE_USAGE(.BOTH.,#1845);
#1845=SURFACE_SIDE_STYLE('',(#1846));
#1846=SURFACE_STYLE_FILL_AREA(#1847);
#1847=FILL_AREA_STYLE('',(#1848));
#1848=FILL_AREA_STYLE_COLOUR('',#1849);
#1849=COLOUR_RGB('',0.615686274509804,0.811764705882353,0.929411764705882);
#1850=MANIFOLD_SOLID_BREP('palm_down',#1841);
#1851=SHAPE_DEFINITION_REPRESENTATION(#3171,#1852);
#1852=SHAPE_REPRESENTATION('palm_down',(#1853),#3166);
#1853=AXIS2_PLACEMENT_3D('',#2610,#2053,#2054);
#1854=AXIS2_PLACEMENT_3D('',#2611,#2055,#2056);
#1855=AXIS2_PLACEMENT_3D('',#2617,#2059,#2060);
#1856=AXIS2_PLACEMENT_3D('',#2629,#2066,#2067);
#1857=AXIS2_PLACEMENT_3D('',#2632,#2069,#2070);
#1858=AXIS2_PLACEMENT_3D('',#2649,#2079,#2080);
#1859=AXIS2_PLACEMENT_3D('',#2655,#2084,#2085);
#1860=AXIS2_PLACEMENT_3D('',#2668,#2092,#2093);
#1861=AXIS2_PLACEMENT_3D('',#2678,#2099,#2100);
#1862=AXIS2_PLACEMENT_3D('',#2687,#2105,#2106);
#1863=AXIS2_PLACEMENT_3D('',#2696,#2111,#2112);
#1864=AXIS2_PLACEMENT_3D('',#2701,#2115,#2116);
#1865=AXIS2_PLACEMENT_3D('',#2708,#2120,#2121);
#1866=AXIS2_PLACEMENT_3D('',#2711,#2124,#2125);
#1867=AXIS2_PLACEMENT_3D('',#2717,#2128,#2129);
#1868=AXIS2_PLACEMENT_3D('',#2722,#2132,#2133);
#1869=AXIS2_PLACEMENT_3D('',#2729,#2137,#2138);
#1870=AXIS2_PLACEMENT_3D('',#2730,#2139,#2140);
#1871=AXIS2_PLACEMENT_3D('',#2731,#2141,#2142);
#1872=AXIS2_PLACEMENT_3D('',#2732,#2143,#2144);
#1873=AXIS2_PLACEMENT_3D('',#2733,#2145,#2146);
#1874=AXIS2_PLACEMENT_3D('',#2734,#2147,#2148);
#1875=AXIS2_PLACEMENT_3D('',#2735,#2149,#2150);
#1876=AXIS2_PLACEMENT_3D('',#2736,#2151,#2152);
#1877=AXIS2_PLACEMENT_3D('',#2737,#2153,#2154);
#1878=AXIS2_PLACEMENT_3D('',#2744,#2155,#2156);
#1879=AXIS2_PLACEMENT_3D('',#2750,#2160,#2161);
#1880=AXIS2_PLACEMENT_3D('',#2763,#2168,#2169);
#1881=AXIS2_PLACEMENT_3D('',#2773,#2175,#2176);
#1882=AXIS2_PLACEMENT_3D('',#2782,#2181,#2182);
#1883=AXIS2_PLACEMENT_3D('',#2791,#2187,#2188);
#1884=AXIS2_PLACEMENT_3D('',#2802,#2194,#2195);
#1885=AXIS2_PLACEMENT_3D('',#2803,#2196,#2197);
#1886=AXIS2_PLACEMENT_3D('',#2806,#2200,#2201);
#1887=AXIS2_PLACEMENT_3D('',#2816,#2206,#2207);
#1888=AXIS2_PLACEMENT_3D('',#2817,#2208,#2209);
#1889=AXIS2_PLACEMENT_3D('',#2822,#2212,#2213);
#1890=AXIS2_PLACEMENT_3D('',#2825,#2215,#2216);
#1891=AXIS2_PLACEMENT_3D('',#2826,#2217,#2218);
#1892=AXIS2_PLACEMENT_3D('',#2827,#2219,#2220);
#1893=AXIS2_PLACEMENT_3D('',#2828,#2221,#2222);
#1894=AXIS2_PLACEMENT_3D('',#2829,#2223,#2224);
#1895=AXIS2_PLACEMENT_3D('',#2830,#2225,#2226);
#1896=AXIS2_PLACEMENT_3D('',#2831,#2227,#2228);
#1897=AXIS2_PLACEMENT_3D('',#2832,#2229,#2230);
#1898=AXIS2_PLACEMENT_3D('',#2839,#2231,#2232);
#1899=AXIS2_PLACEMENT_3D('',#2840,#2233,#2234);
#1900=AXIS2_PLACEMENT_3D('',#2842,#2235,#2236);
#1901=AXIS2_PLACEMENT_3D('',#2844,#2237,#2238);
#1902=AXIS2_PLACEMENT_3D('',#2845,#2239,#2240);
#1903=AXIS2_PLACEMENT_3D('',#2847,#2241,#2242);
#1904=AXIS2_PLACEMENT_3D('',#2849,#2243,#2244);
#1905=AXIS2_PLACEMENT_3D('',#2853,#2246,#2247);
#1906=AXIS2_PLACEMENT_3D('',#2857,#2249,#2250);
#1907=AXIS2_PLACEMENT_3D('',#2861,#2252,#2253);
#1908=AXIS2_PLACEMENT_3D('',#2862,#2254,#2255);
#1909=AXIS2_PLACEMENT_3D('',#2863,#2256,#2257);
#1910=AXIS2_PLACEMENT_3D('',#2869,#2261,#2262);
#1911=AXIS2_PLACEMENT_3D('',#2870,#2263,#2264);
#1912=AXIS2_PLACEMENT_3D('',#2872,#2265,#2266);
#1913=AXIS2_PLACEMENT_3D('',#2874,#2267,#2268);
#1914=AXIS2_PLACEMENT_3D('',#2878,#2270,#2271);
#1915=AXIS2_PLACEMENT_3D('',#2882,#2273,#2274);
#1916=AXIS2_PLACEMENT_3D('',#2884,#2275,#2276);
#1917=AXIS2_PLACEMENT_3D('',#2886,#2277,#2278);
#1918=AXIS2_PLACEMENT_3D('',#2890,#2280,#2281);
#1919=AXIS2_PLACEMENT_3D('',#2894,#2283,#2284);
#1920=AXIS2_PLACEMENT_3D('',#2895,#2285,#2286);
#1921=AXIS2_PLACEMENT_3D('',#2896,#2287,#2288);
#1922=AXIS2_PLACEMENT_3D('',#2900,#2290,#2291);
#1923=AXIS2_PLACEMENT_3D('',#2904,#2293,#2294);
#1924=AXIS2_PLACEMENT_3D('',#2906,#2295,#2296);
#1925=AXIS2_PLACEMENT_3D('',#2908,#2297,#2298);
#1926=AXIS2_PLACEMENT_3D('',#2912,#2300,#2301);
#1927=AXIS2_PLACEMENT_3D('',#2916,#2303,#2304);
#1928=AXIS2_PLACEMENT_3D('',#2917,#2305,#2306);
#1929=AXIS2_PLACEMENT_3D('',#2919,#2307,#2308);
#1930=AXIS2_PLACEMENT_3D('',#2921,#2309,#2310);
#1931=AXIS2_PLACEMENT_3D('',#2922,#2311,#2312);
#1932=AXIS2_PLACEMENT_3D('',#2924,#2313,#2314);
#1933=AXIS2_PLACEMENT_3D('',#2926,#2315,#2316);
#1934=AXIS2_PLACEMENT_3D('',#2927,#2317,#2318);
#1935=AXIS2_PLACEMENT_3D('',#2928,#2319,#2320);
#1936=AXIS2_PLACEMENT_3D('',#2929,#2321,#2322);
#1937=AXIS2_PLACEMENT_3D('',#2935,#2326,#2327);
#1938=AXIS2_PLACEMENT_3D('',#2941,#2331,#2332);
#1939=AXIS2_PLACEMENT_3D('',#2942,#2333,#2334);
#1940=AXIS2_PLACEMENT_3D('',#2947,#2337,#2338);
#1941=AXIS2_PLACEMENT_3D('',#2953,#2342,#2343);
#1942=AXIS2_PLACEMENT_3D('',#2954,#2344,#2345);
#1943=AXIS2_PLACEMENT_3D('',#2956,#2346,#2347);
#1944=AXIS2_PLACEMENT_3D('',#2962,#2351,#2352);
#1945=AXIS2_PLACEMENT_3D('',#2963,#2353,#2354);
#1946=AXIS2_PLACEMENT_3D('',#2965,#2355,#2356);
#1947=AXIS2_PLACEMENT_3D('',#2966,#2357,#2358);
#1948=AXIS2_PLACEMENT_3D('',#2970,#2360,#2361);
#1949=AXIS2_PLACEMENT_3D('',#2973,#2363,#2364);
#1950=AXIS2_PLACEMENT_3D('',#2978,#2367,#2368);
#1951=AXIS2_PLACEMENT_3D('',#2982,#2370,#2371);
#1952=AXIS2_PLACEMENT_3D('',#2986,#2373,#2374);
#1953=AXIS2_PLACEMENT_3D('',#2988,#2375,#2376);
#1954=AXIS2_PLACEMENT_3D('',#2990,#2377,#2378);
#1955=AXIS2_PLACEMENT_3D('',#2994,#2380,#2381);
#1956=AXIS2_PLACEMENT_3D('',#2998,#2383,#2384);
#1957=AXIS2_PLACEMENT_3D('',#2999,#2385,#2386);
#1958=AXIS2_PLACEMENT_3D('',#3000,#2387,#2388);
#1959=AXIS2_PLACEMENT_3D('',#3001,#2389,#2390);
#1960=AXIS2_PLACEMENT_3D('',#3002,#2391,#2392);
#1961=AXIS2_PLACEMENT_3D('',#3003,#2393,#2394);
#1962=AXIS2_PLACEMENT_3D('',#3004,#2395,#2396);
#1963=AXIS2_PLACEMENT_3D('',#3005,#2397,#2398);
#1964=AXIS2_PLACEMENT_3D('',#3010,#2401,#2402);
#1965=AXIS2_PLACEMENT_3D('',#3013,#2404,#2405);
#1966=AXIS2_PLACEMENT_3D('',#3017,#2407,#2408);
#1967=AXIS2_PLACEMENT_3D('',#3018,#2409,#2410);
#1968=AXIS2_PLACEMENT_3D('',#3020,#2411,#2412);
#1969=AXIS2_PLACEMENT_3D('',#3022,#2413,#2414);
#1970=AXIS2_PLACEMENT_3D('',#3024,#2415,#2416);
#1971=AXIS2_PLACEMENT_3D('',#3026,#2417,#2418);
#1972=AXIS2_PLACEMENT_3D('',#3035,#2423,#2424);
#1973=AXIS2_PLACEMENT_3D('',#3044,#2429,#2430);
#1974=AXIS2_PLACEMENT_3D('',#3045,#2431,#2432);
#1975=AXIS2_PLACEMENT_3D('',#3048,#2434,#2435);
#1976=AXIS2_PLACEMENT_3D('',#3051,#2437,#2438);
#1977=AXIS2_PLACEMENT_3D('',#3054,#2440,#2441);
#1978=AXIS2_PLACEMENT_3D('',#3057,#2443,#2444);
#1979=AXIS2_PLACEMENT_3D('',#3060,#2446,#2447);
#1980=AXIS2_PLACEMENT_3D('',#3061,#2448,#2449);
#1981=AXIS2_PLACEMENT_3D('',#3063,#2450,#2451);
#1982=AXIS2_PLACEMENT_3D('',#3064,#2452,#2453);
#1983=AXIS2_PLACEMENT_3D('',#3065,#2454,#2455);
#1984=AXIS2_PLACEMENT_3D('',#3066,#2456,#2457);
#1985=AXIS2_PLACEMENT_3D('',#3067,#2458,#2459);
#1986=AXIS2_PLACEMENT_3D('',#3068,#2460,#2461);
#1987=AXIS2_PLACEMENT_3D('',#3069,#2462,#2463);
#1988=AXIS2_PLACEMENT_3D('',#3070,#2464,#2465);
#1989=AXIS2_PLACEMENT_3D('',#3071,#2466,#2467);
#1990=AXIS2_PLACEMENT_3D('',#3072,#2468,#2469);
#1991=AXIS2_PLACEMENT_3D('',#3073,#2470,#2471);
#1992=AXIS2_PLACEMENT_3D('',#3074,#2472,#2473);
#1993=AXIS2_PLACEMENT_3D('',#3075,#2474,#2475);
#1994=AXIS2_PLACEMENT_3D('',#3076,#2476,#2477);
#1995=AXIS2_PLACEMENT_3D('',#3077,#2478,#2479);
#1996=AXIS2_PLACEMENT_3D('',#3078,#2480,#2481);
#1997=AXIS2_PLACEMENT_3D('',#3079,#2482,#2483);
#1998=AXIS2_PLACEMENT_3D('',#3080,#2484,#2485);
#1999=AXIS2_PLACEMENT_3D('',#3086,#2486,#2487);
#2000=AXIS2_PLACEMENT_3D('',#3087,#2488,#2489);
#2001=AXIS2_PLACEMENT_3D('',#3088,#2490,#2491);
#2002=AXIS2_PLACEMENT_3D('',#3090,#2492,#2493);
#2003=AXIS2_PLACEMENT_3D('',#3091,#2494,#2495);
#2004=AXIS2_PLACEMENT_3D('',#3092,#2496,#2497);
#2005=AXIS2_PLACEMENT_3D('',#3093,#2498,#2499);
#2006=AXIS2_PLACEMENT_3D('',#3094,#2500,#2501);
#2007=AXIS2_PLACEMENT_3D('',#3095,#2502,#2503);
#2008=AXIS2_PLACEMENT_3D('',#3096,#2504,#2505);
#2009=AXIS2_PLACEMENT_3D('',#3098,#2506,#2507);
#2010=AXIS2_PLACEMENT_3D('',#3099,#2508,#2509);
#2011=AXIS2_PLACEMENT_3D('',#3100,#2510,#2511);
#2012=AXIS2_PLACEMENT_3D('',#3103,#2514,#2515);
#2013=AXIS2_PLACEMENT_3D('',#3106,#2518,#2519);
#2014=AXIS2_PLACEMENT_3D('',#3109,#2522,#2523);
#2015=AXIS2_PLACEMENT_3D('',#3112,#2526,#2527);
#2016=AXIS2_PLACEMENT_3D('',#3113,#2528,#2529);
#2017=AXIS2_PLACEMENT_3D('',#3116,#2532,#2533);
#2018=AXIS2_PLACEMENT_3D('',#3117,#2534,#2535);
#2019=AXIS2_PLACEMENT_3D('',#3121,#2538,#2539);
#2020=AXIS2_PLACEMENT_3D('',#3122,#2540,#2541);
#2021=AXIS2_PLACEMENT_3D('',#3123,#2542,#2543);
#2022=AXIS2_PLACEMENT_3D('',#3124,#2544,#2545);
#2023=AXIS2_PLACEMENT_3D('',#3125,#2546,#2547);
#2024=AXIS2_PLACEMENT_3D('',#3126,#2548,#2549);
#2025=AXIS2_PLACEMENT_3D('',#3127,#2550,#2551);
#2026=AXIS2_PLACEMENT_3D('',#3128,#2552,#2553);
#2027=AXIS2_PLACEMENT_3D('',#3129,#2554,#2555);
#2028=AXIS2_PLACEMENT_3D('',#3130,#2556,#2557);
#2029=AXIS2_PLACEMENT_3D('',#3131,#2558,#2559);
#2030=AXIS2_PLACEMENT_3D('',#3132,#2560,#2561);
#2031=AXIS2_PLACEMENT_3D('',#3133,#2562,#2563);
#2032=AXIS2_PLACEMENT_3D('',#3134,#2564,#2565);
#2033=AXIS2_PLACEMENT_3D('',#3135,#2566,#2567);
#2034=AXIS2_PLACEMENT_3D('',#3136,#2568,#2569);
#2035=AXIS2_PLACEMENT_3D('',#3137,#2570,#2571);
#2036=AXIS2_PLACEMENT_3D('',#3138,#2572,#2573);
#2037=AXIS2_PLACEMENT_3D('',#3144,#2574,#2575);
#2038=AXIS2_PLACEMENT_3D('',#3145,#2576,#2577);
#2039=AXIS2_PLACEMENT_3D('',#3146,#2578,#2579);
#2040=AXIS2_PLACEMENT_3D('',#3148,#2580,#2581);
#2041=AXIS2_PLACEMENT_3D('',#3149,#2582,#2583);
#2042=AXIS2_PLACEMENT_3D('',#3150,#2584,#2585);
#2043=AXIS2_PLACEMENT_3D('',#3151,#2586,#2587);
#2044=AXIS2_PLACEMENT_3D('',#3152,#2588,#2589);
#2045=AXIS2_PLACEMENT_3D('',#3153,#2590,#2591);
#2046=AXIS2_PLACEMENT_3D('',#3156,#2594,#2595);
#2047=AXIS2_PLACEMENT_3D('',#3159,#2598,#2599);
#2048=AXIS2_PLACEMENT_3D('',#3160,#2600,#2601);
#2049=AXIS2_PLACEMENT_3D('',#3161,#2602,#2603);
#2050=AXIS2_PLACEMENT_3D('',#3162,#2604,#2605);
#2051=AXIS2_PLACEMENT_3D('',#3163,#2606,#2607);
#2052=AXIS2_PLACEMENT_3D('',#3164,#2608,#2609);
#2053=DIRECTION('',(0.,0.,1.));
#2054=DIRECTION('',(1.,0.,0.));
#2055=DIRECTION('',(0.,1.,0.));
#2056=DIRECTION('',(0.,0.,1.));
#2057=DIRECTION('',(1.,0.,0.));
#2058=DIRECTION('',(0.,0.,-1.));
#2059=DIRECTION('',(0.,-1.,0.));
#2060=DIRECTION('',(1.,0.,0.));
#2061=DIRECTION('',(1.,0.,0.));
#2062=DIRECTION('',(0.,0.,1.));
#2063=DIRECTION('',(1.,0.,0.));
#2064=DIRECTION('',(0.,0.,1.));
#2065=DIRECTION('',(1.,0.,0.));
#2066=DIRECTION('',(0.,1.,0.));
#2067=DIRECTION('',(-1.,0.,0.));
#2068=DIRECTION('',(0.,0.,-1.));
#2069=DIRECTION('',(0.,1.,0.));
#2070=DIRECTION('',(0.,0.,1.));
#2071=DIRECTION('',(0.,0.,-1.));
#2072=DIRECTION('',(1.,0.,0.));
#2073=DIRECTION('',(0.,0.,-1.));
#2074=DIRECTION('',(1.,0.,0.));
#2075=DIRECTION('',(0.,0.,-1.));
#2076=DIRECTION('',(1.,0.,0.));
#2077=DIRECTION('',(0.,0.,-1.));
#2078=DIRECTION('',(-1.,0.,0.));
#2079=DIRECTION('',(-0.65017768632174,-0.759782189979016,0.));
#2080=DIRECTION('',(0.759782189979016,-0.65017768632174,0.));
#2081=DIRECTION('',(0.,0.,1.));
#2082=DIRECTION('',(-0.759782189979016,0.65017768632174,0.));
#2083=DIRECTION('',(0.759782189979016,-0.65017768632174,0.));
#2084=DIRECTION('',(0.759782189979016,-0.65017768632174,0.));
#2085=DIRECTION('',(0.65017768632174,0.759782189979016,0.));
#2086=DIRECTION('',(0.,0.,1.));
#2087=DIRECTION('',(-0.65017768632174,-0.759782189979016,0.));
#2088=DIRECTION('',(0.,0.,1.));
#2089=DIRECTION('',(0.65017768632174,0.759782189979016,0.));
#2090=DIRECTION('',(0.,0.,1.));
#2091=DIRECTION('',(0.65017768632174,0.759782189979016,0.));
#2092=DIRECTION('',(0.941269883865224,0.33765515800643,0.));
#2093=DIRECTION('',(-0.33765515800643,0.941269883865224,0.));
#2094=DIRECTION('',(0.,0.,-1.));
#2095=DIRECTION('',(0.33765515800643,-0.941269883865224,0.));
#2096=DIRECTION('',(-0.33765515800643,0.941269883865224,0.));
#2097=DIRECTION('',(0.,0.,-1.));
#2098=DIRECTION('',(-0.33765515800643,0.941269883865224,0.));
#2099=DIRECTION('',(0.759782189979016,-0.65017768632174,0.));
#2100=DIRECTION('',(0.65017768632174,0.759782189979016,0.));
#2101=DIRECTION('',(0.,0.,1.));
#2102=DIRECTION('',(-0.65017768632174,-0.759782189979016,0.));
#2103=DIRECTION('',(0.,0.,1.));
#2104=DIRECTION('',(0.65017768632174,0.759782189979016,0.));
#2105=DIRECTION('',(-0.65017768632174,-0.759782189979016,0.));
#2106=DIRECTION('',(0.759782189979016,-0.65017768632174,0.));
#2107=DIRECTION('',(-0.759782189979016,0.65017768632174,0.));
#2108=DIRECTION('',(0.,0.,1.));
#2109=DIRECTION('',(0.759782189979016,-0.65017768632174,0.));
#2110=DIRECTION('',(0.,0.,1.));
#2111=DIRECTION('',(-0.759782189979016,0.65017768632174,0.));
#2112=DIRECTION('',(-0.65017768632174,-0.759782189979016,0.));
#2113=DIRECTION('',(0.,0.,1.));
#2114=DIRECTION('',(0.65017768632174,0.759782189979016,0.));
#2115=DIRECTION('',(-0.759782189979016,0.65017768632174,0.));
#2116=DIRECTION('',(-0.65017768632174,-0.759782189979016,0.));
#2117=DIRECTION('',(-0.65017768632174,-0.759782189979016,0.));
#2118=DIRECTION('',(0.,0.,1.));
#2119=DIRECTION('',(-0.65017768632174,-0.759782189979016,0.));
#2120=DIRECTION('',(-0.65017768632174,-0.759782189979016,0.));
#2121=DIRECTION('',(0.759782189979016,-0.65017768632174,0.));
#2122=DIRECTION('',(-0.759782189979016,0.65017768632174,0.));
#2123=DIRECTION('',(0.759782189979016,-0.65017768632174,0.));
#2124=DIRECTION('',(0.759782189979016,-0.65017768632174,0.));
#2125=DIRECTION('',(0.65017768632174,0.759782189979016,0.));
#2126=DIRECTION('',(-0.65017768632174,-0.759782189979016,0.));
#2127=DIRECTION('',(0.,0.,-1.));
#2128=DIRECTION('',(0.759782189979016,-0.65017768632174,0.));
#2129=DIRECTION('',(0.65017768632174,0.759782189979016,0.));
#2130=DIRECTION('',(-0.65017768632174,-0.759782189979016,0.));
#2131=DIRECTION('',(0.,0.,-1.));
#2132=DIRECTION('',(1.,4.02458330258306E-16,0.));
#2133=DIRECTION('',(-4.02458330258306E-16,1.,0.));
#2134=DIRECTION('',(4.02458330258306E-16,-1.,0.));
#2135=DIRECTION('',(0.,0.,-1.));
#2136=DIRECTION('',(4.02458330258306E-16,-1.,0.));
#2137=DIRECTION('',(1.,4.02458330258306E-16,0.));
#2138=DIRECTION('',(-4.02458330258306E-16,1.,0.));
#2139=DIRECTION('',(0.,0.,1.));
#2140=DIRECTION('',(1.,0.,0.));
#2141=DIRECTION('',(0.,0.,1.));
#2142=DIRECTION('',(1.,0.,0.));
#2143=DIRECTION('',(0.,0.,1.));
#2144=DIRECTION('',(1.,0.,0.));
#2145=DIRECTION('',(0.,0.,-1.));
#2146=DIRECTION('',(-1.,0.,0.));
#2147=DIRECTION('',(0.,0.,1.));
#2148=DIRECTION('',(1.,0.,0.));
#2149=DIRECTION('',(0.,0.,-1.));
#2150=DIRECTION('',(-1.,0.,0.));
#2151=DIRECTION('',(0.,0.,1.));
#2152=DIRECTION('',(1.,0.,0.));
#2153=DIRECTION('',(0.,0.,1.));
#2154=DIRECTION('',(1.,0.,0.));
#2155=DIRECTION('',(0.65017768632174,-0.759782189979016,0.));
#2156=DIRECTION('',(-0.759782189979016,-0.65017768632174,0.));
#2157=DIRECTION('',(-0.759782189979016,-0.65017768632174,0.));
#2158=DIRECTION('',(0.,0.,1.));
#2159=DIRECTION('',(-0.759782189979016,-0.65017768632174,0.));
#2160=DIRECTION('',(-0.759782189979016,-0.65017768632174,0.));
#2161=DIRECTION('',(-0.65017768632174,0.759782189979016,0.));
#2162=DIRECTION('',(0.,0.,1.));
#2163=DIRECTION('',(-0.65017768632174,0.759782189979016,0.));
#2164=DIRECTION('',(0.,0.,1.));
#2165=DIRECTION('',(-0.65017768632174,0.759782189979016,0.));
#2166=DIRECTION('',(0.,0.,1.));
#2167=DIRECTION('',(-0.65017768632174,0.759782189979016,0.));
#2168=DIRECTION('',(-0.941269883865224,0.33765515800643,0.));
#2169=DIRECTION('',(0.33765515800643,0.941269883865224,0.));
#2170=DIRECTION('',(0.33765515800643,0.941269883865224,0.));
#2171=DIRECTION('',(0.,0.,-1.));
#2172=DIRECTION('',(0.33765515800643,0.941269883865224,0.));
#2173=DIRECTION('',(0.,0.,-1.));
#2174=DIRECTION('',(0.33765515800643,0.941269883865224,0.));
#2175=DIRECTION('',(-0.759782189979016,-0.65017768632174,0.));
#2176=DIRECTION('',(-0.65017768632174,0.759782189979016,0.));
#2177=DIRECTION('',(0.,0.,1.));
#2178=DIRECTION('',(-0.65017768632174,0.759782189979016,0.));
#2179=DIRECTION('',(0.,0.,1.));
#2180=DIRECTION('',(-0.65017768632174,0.759782189979016,0.));
#2181=DIRECTION('',(0.65017768632174,-0.759782189979016,0.));
#2182=DIRECTION('',(-0.759782189979016,-0.65017768632174,0.));
#2183=DIRECTION('',(-0.759782189979016,-0.65017768632174,0.));
#2184=DIRECTION('',(0.,0.,1.));
#2185=DIRECTION('',(-0.759782189979016,-0.65017768632174,0.));
#2186=DIRECTION('',(0.,0.,1.));
#2187=DIRECTION('',(0.759782189979016,0.65017768632174,0.));
#2188=DIRECTION('',(0.65017768632174,-0.759782189979016,0.));
#2189=DIRECTION('',(0.65017768632174,-0.759782189979016,0.));
#2190=DIRECTION('',(0.,0.,1.));
#2191=DIRECTION('',(0.65017768632174,-0.759782189979016,0.));
#2192=DIRECTION('',(0.,0.,1.));
#2193=DIRECTION('',(0.65017768632174,-0.759782189979016,0.));
#2194=DIRECTION('',(-0.759782189979016,-0.65017768632174,0.));
#2195=DIRECTION('',(0.65017768632174,-0.759782189979016,0.));
#2196=DIRECTION('',(0.65017768632174,-0.759782189979016,0.));
#2197=DIRECTION('',(-0.759782189979016,-0.65017768632174,0.));
#2198=DIRECTION('',(-0.759782189979016,-0.65017768632174,0.));
#2199=DIRECTION('',(-0.759782189979016,-0.65017768632174,0.));
#2200=DIRECTION('',(-0.759782189979016,-0.65017768632174,0.));
#2201=DIRECTION('',(-0.65017768632174,0.759782189979016,0.));
#2202=DIRECTION('',(0.,0.,-1.));
#2203=DIRECTION('',(-0.65017768632174,0.759782189979016,0.));
#2204=DIRECTION('',(0.,0.,-1.));
#2205=DIRECTION('',(0.65017768632174,-0.759782189979016,0.));
#2206=DIRECTION('',(0.759782189979016,0.65017768632174,0.));
#2207=DIRECTION('',(-0.65017768632174,0.759782189979016,0.));
#2208=DIRECTION('',(-1.,4.02458330258306E-16,0.));
#2209=DIRECTION('',(4.02458330258306E-16,1.,0.));
#2210=DIRECTION('',(0.,0.,-1.));
#2211=DIRECTION('',(4.02458330258306E-16,1.,0.));
#2212=DIRECTION('',(1.,-4.02458330258306E-16,0.));
#2213=DIRECTION('',(4.02458330258306E-16,1.,0.));
#2214=DIRECTION('',(-4.02458330258306E-16,-1.,0.));
#2215=DIRECTION('',(0.,0.,1.));
#2216=DIRECTION('',(-1.,0.,0.));
#2217=DIRECTION('',(0.,0.,1.));
#2218=DIRECTION('',(1.,0.,0.));
#2219=DIRECTION('',(0.,0.,-1.));
#2220=DIRECTION('',(-1.,0.,0.));
#2221=DIRECTION('',(0.,0.,-1.));
#2222=DIRECTION('',(1.,0.,0.));
#2223=DIRECTION('',(0.,0.,1.));
#2224=DIRECTION('',(1.,0.,0.));
#2225=DIRECTION('',(0.,0.,1.));
#2226=DIRECTION('',(1.,0.,0.));
#2227=DIRECTION('',(0.,0.,1.));
#2228=DIRECTION('',(-1.,0.,0.));
#2229=DIRECTION('',(0.,0.,1.));
#2230=DIRECTION('',(1.,0.,0.));
#2231=DIRECTION('',(0.,0.,1.));
#2232=DIRECTION('',(1.,0.,0.));
#2233=DIRECTION('',(0.,0.,-1.));
#2234=DIRECTION('',(-1.,0.,0.));
#2235=DIRECTION('',(0.,0.,1.));
#2236=DIRECTION('',(1.,0.,0.));
#2237=DIRECTION('',(0.,0.,1.));
#2238=DIRECTION('',(1.,0.,0.));
#2239=DIRECTION('',(0.,0.,-1.));
#2240=DIRECTION('',(-1.,0.,0.));
#2241=DIRECTION('',(0.,0.,1.));
#2242=DIRECTION('',(1.,0.,0.));
#2243=DIRECTION('',(0.,0.,-1.));
#2244=DIRECTION('',(-1.,0.,0.));
#2245=DIRECTION('',(0.,-1.,0.));
#2246=DIRECTION('',(0.,0.,-1.));
#2247=DIRECTION('',(-1.,0.,0.));
#2248=DIRECTION('',(1.,0.,0.));
#2249=DIRECTION('',(0.,0.,-1.));
#2250=DIRECTION('',(-1.,0.,0.));
#2251=DIRECTION('',(0.,-1.,0.));
#2252=DIRECTION('',(0.,0.,-1.));
#2253=DIRECTION('',(-1.,0.,0.));
#2254=DIRECTION('',(0.,0.,-1.));
#2255=DIRECTION('',(-1.,0.,0.));
#2256=DIRECTION('',(0.,-1.,0.));
#2257=DIRECTION('',(1.,0.,0.));
#2258=DIRECTION('',(0.,0.,-1.));
#2259=DIRECTION('',(1.,0.,0.));
#2260=DIRECTION('',(0.,0.,-1.));
#2261=DIRECTION('',(0.,0.,1.));
#2262=DIRECTION('',(1.,0.,0.));
#2263=DIRECTION('',(0.,0.,1.));
#2264=DIRECTION('',(1.,0.,0.));
#2265=DIRECTION('',(0.,0.,1.));
#2266=DIRECTION('',(1.,0.,0.));
#2267=DIRECTION('',(0.,0.,1.));
#2268=DIRECTION('',(1.,0.,0.));
#2269=DIRECTION('',(0.759782189979016,-0.65017768632174,0.));
#2270=DIRECTION('',(0.,0.,1.));
#2271=DIRECTION('',(1.,0.,0.));
#2272=DIRECTION('',(0.65017768632174,0.759782189979016,0.));
#2273=DIRECTION('',(0.,0.,1.));
#2274=DIRECTION('',(1.,0.,0.));
#2275=DIRECTION('',(0.,0.,1.));
#2276=DIRECTION('',(1.,0.,0.));
#2277=DIRECTION('',(0.,0.,1.));
#2278=DIRECTION('',(1.,0.,0.));
#2279=DIRECTION('',(0.65017768632174,0.759782189979016,0.));
#2280=DIRECTION('',(0.,0.,1.));
#2281=DIRECTION('',(1.,0.,0.));
#2282=DIRECTION('',(0.759782189979016,-0.65017768632174,0.));
#2283=DIRECTION('',(0.,0.,1.));
#2284=DIRECTION('',(1.,0.,0.));
#2285=DIRECTION('',(0.,0.,1.));
#2286=DIRECTION('',(-1.,0.,0.));
#2287=DIRECTION('',(0.,0.,-1.));
#2288=DIRECTION('',(-1.,0.,0.));
#2289=DIRECTION('',(-0.759782189979016,-0.65017768632174,0.));
#2290=DIRECTION('',(0.,0.,-1.));
#2291=DIRECTION('',(-1.,0.,0.));
#2292=DIRECTION('',(-0.65017768632174,0.759782189979016,0.));
#2293=DIRECTION('',(0.,0.,-1.));
#2294=DIRECTION('',(-1.,0.,0.));
#2295=DIRECTION('',(0.,0.,-1.));
#2296=DIRECTION('',(-1.,0.,0.));
#2297=DIRECTION('',(0.,0.,-1.));
#2298=DIRECTION('',(-1.,0.,0.));
#2299=DIRECTION('',(-0.65017768632174,0.759782189979016,0.));
#2300=DIRECTION('',(0.,0.,-1.));
#2301=DIRECTION('',(-1.,0.,0.));
#2302=DIRECTION('',(-0.759782189979016,-0.65017768632174,0.));
#2303=DIRECTION('',(0.,0.,-1.));
#2304=DIRECTION('',(-1.,0.,0.));
#2305=DIRECTION('',(0.,0.,-1.));
#2306=DIRECTION('',(-1.,0.,0.));
#2307=DIRECTION('',(0.,0.,-1.));
#2308=DIRECTION('',(-1.,0.,0.));
#2309=DIRECTION('',(0.,0.,-1.));
#2310=DIRECTION('',(-1.,0.,0.));
#2311=DIRECTION('',(0.,0.,-1.));
#2312=DIRECTION('',(-1.,0.,0.));
#2313=DIRECTION('',(0.,0.,1.));
#2314=DIRECTION('',(1.,0.,0.));
#2315=DIRECTION('',(0.,0.,-1.));
#2316=DIRECTION('',(-1.,0.,0.));
#2317=DIRECTION('',(0.,0.,1.));
#2318=DIRECTION('',(1.,0.,0.));
#2319=DIRECTION('',(0.,0.,1.));
#2320=DIRECTION('',(1.,0.,0.));
#2321=DIRECTION('',(-0.65017768632174,-0.759782189979016,0.));
#2322=DIRECTION('',(0.759782189979016,-0.65017768632174,0.));
#2323=DIRECTION('',(0.759782189979016,-0.65017768632174,0.));
#2324=DIRECTION('',(0.,0.,1.));
#2325=DIRECTION('',(0.,0.,1.));
#2326=DIRECTION('',(0.759782189979016,-0.65017768632174,0.));
#2327=DIRECTION('',(0.65017768632174,0.759782189979016,0.));
#2328=DIRECTION('',(0.65017768632174,0.759782189979016,0.));
#2329=DIRECTION('',(0.,0.,-1.));
#2330=DIRECTION('',(0.,0.,1.));
#2331=DIRECTION('',(0.,0.,1.));
#2332=DIRECTION('',(1.,0.,0.));
#2333=DIRECTION('',(0.,0.,1.));
#2334=DIRECTION('',(1.,0.,0.));
#2335=DIRECTION('',(0.,0.,1.));
#2336=DIRECTION('',(0.,0.,1.));
#2337=DIRECTION('',(0.759782189979016,-0.65017768632174,0.));
#2338=DIRECTION('',(0.65017768632174,0.759782189979016,0.));
#2339=DIRECTION('',(0.,0.,1.));
#2340=DIRECTION('',(0.65017768632174,0.759782189979016,0.));
#2341=DIRECTION('',(0.,0.,1.));
#2342=DIRECTION('',(0.,0.,1.));
#2343=DIRECTION('',(1.,0.,0.));
#2344=DIRECTION('',(0.,0.,1.));
#2345=DIRECTION('',(1.,0.,0.));
#2346=DIRECTION('',(-0.65017768632174,-0.759782189979016,0.));
#2347=DIRECTION('',(0.759782189979016,-0.65017768632174,0.));
#2348=DIRECTION('',(0.,0.,1.));
#2349=DIRECTION('',(0.759782189979016,-0.65017768632174,0.));
#2350=DIRECTION('',(0.,0.,1.));
#2351=DIRECTION('',(0.,0.,1.));
#2352=DIRECTION('',(1.,0.,0.));
#2353=DIRECTION('',(0.,0.,1.));
#2354=DIRECTION('',(1.,0.,0.));
#2355=DIRECTION('',(0.,0.,1.));
#2356=DIRECTION('',(1.,0.,0.));
#2357=DIRECTION('',(0.,0.,-1.));
#2358=DIRECTION('',(-1.,0.,0.));
#2359=DIRECTION('',(0.,-1.,0.));
#2360=DIRECTION('',(0.,0.,1.));
#2361=DIRECTION('',(1.,0.,0.));
#2362=DIRECTION('',(-0.759782189979016,-0.65017768632174,0.));
#2363=DIRECTION('',(0.,0.,-1.));
#2364=DIRECTION('',(-1.,0.,0.));
#2365=DIRECTION('',(-0.65017768632174,0.759782189979016,0.));
#2366=DIRECTION('',(-0.759782189979016,-0.65017768632174,0.));
#2367=DIRECTION('',(0.,0.,-1.));
#2368=DIRECTION('',(-1.,0.,0.));
#2369=DIRECTION('',(-0.759782189979016,-0.65017768632174,0.));
#2370=DIRECTION('',(0.,0.,-1.));
#2371=DIRECTION('',(-1.,0.,0.));
#2372=DIRECTION('',(-0.65017768632174,0.759782189979016,0.));
#2373=DIRECTION('',(0.,0.,-1.));
#2374=DIRECTION('',(-1.,0.,0.));
#2375=DIRECTION('',(0.,0.,-1.));
#2376=DIRECTION('',(-1.,0.,0.));
#2377=DIRECTION('',(0.,0.,-1.));
#2378=DIRECTION('',(-1.,0.,0.));
#2379=DIRECTION('',(-0.65017768632174,0.759782189979016,0.));
#2380=DIRECTION('',(0.,0.,-1.));
#2381=DIRECTION('',(-1.,0.,0.));
#2382=DIRECTION('',(-0.759782189979016,-0.65017768632174,0.));
#2383=DIRECTION('',(0.,0.,-1.));
#2384=DIRECTION('',(-1.,0.,0.));
#2385=DIRECTION('',(0.,0.,-1.));
#2386=DIRECTION('',(-1.,0.,0.));
#2387=DIRECTION('',(0.,0.,1.));
#2388=DIRECTION('',(1.,0.,0.));
#2389=DIRECTION('',(0.,0.,1.));
#2390=DIRECTION('',(1.,0.,0.));
#2391=DIRECTION('',(0.,0.,1.));
#2392=DIRECTION('',(1.,0.,0.));
#2393=DIRECTION('',(0.,0.,1.));
#2394=DIRECTION('',(1.,0.,0.));
#2395=DIRECTION('',(0.,0.,1.));
#2396=DIRECTION('',(1.,0.,0.));
#2397=DIRECTION('',(0.,0.,1.));
#2398=DIRECTION('',(1.,0.,0.));
#2399=DIRECTION('',(0.759782189979016,-0.65017768632174,0.));
#2400=DIRECTION('',(0.65017768632174,0.759782189979016,0.));
#2401=DIRECTION('',(0.,0.,1.));
#2402=DIRECTION('',(1.,0.,0.));
#2403=DIRECTION('',(0.759782189979016,-0.65017768632174,0.));
#2404=DIRECTION('',(0.,0.,1.));
#2405=DIRECTION('',(1.,0.,0.));
#2406=DIRECTION('',(0.,-1.,0.));
#2407=DIRECTION('',(0.,0.,-1.));
#2408=DIRECTION('',(-1.,0.,0.));
#2409=DIRECTION('',(0.,0.,-1.));
#2410=DIRECTION('',(-1.,0.,0.));
#2411=DIRECTION('',(0.,0.,-1.));
#2412=DIRECTION('',(-1.,0.,0.));
#2413=DIRECTION('',(0.,0.,-1.));
#2414=DIRECTION('',(-1.,0.,0.));
#2415=DIRECTION('',(0.,0.,1.));
#2416=DIRECTION('',(1.,0.,0.));
#2417=DIRECTION('',(0.759782189979016,-0.65017768632174,0.));
#2418=DIRECTION('',(0.65017768632174,0.759782189979016,0.));
#2419=DIRECTION('',(-0.65017768632174,-0.759782189979016,0.));
#2420=DIRECTION('',(0.,0.,-1.));
#2421=DIRECTION('',(-0.65017768632174,-0.759782189979016,0.));
#2422=DIRECTION('',(0.,0.,-1.));
#2423=DIRECTION('',(-2.4591500190519E-16,1.,0.));
#2424=DIRECTION('',(-1.,-2.4591500190519E-16,0.));
#2425=DIRECTION('',(1.,2.4591500190519E-16,0.));
#2426=DIRECTION('',(0.,0.,-1.));
#2427=DIRECTION('',(1.,2.4591500190519E-16,0.));
#2428=DIRECTION('',(0.,0.,-1.));
#2429=DIRECTION('',(0.,0.,1.));
#2430=DIRECTION('',(1.,0.,0.));
#2431=DIRECTION('',(0.,0.,1.));
#2432=DIRECTION('',(1.,0.,0.));
#2433=DIRECTION('',(-0.33765515800643,0.941269883865224,0.));
#2434=DIRECTION('',(0.,0.,1.));
#2435=DIRECTION('',(1.,0.,0.));
#2436=DIRECTION('',(1.,0.,0.));
#2437=DIRECTION('',(0.,0.,1.));
#2438=DIRECTION('',(1.,0.,0.));
#2439=DIRECTION('',(0.65017768632174,-0.759782189979016,0.));
#2440=DIRECTION('',(0.,0.,-1.));
#2441=DIRECTION('',(-1.,0.,0.));
#2442=DIRECTION('',(-1.,0.,0.));
#2443=DIRECTION('',(0.,0.,-1.));
#2444=DIRECTION('',(-1.,0.,0.));
#2445=DIRECTION('',(0.33765515800643,0.941269883865224,0.));
#2446=DIRECTION('',(0.,0.,-1.));
#2447=DIRECTION('',(-1.,0.,0.));
#2448=DIRECTION('',(0.,0.,-1.));
#2449=DIRECTION('',(-1.,0.,0.));
#2450=DIRECTION('',(0.,0.,1.));
#2451=DIRECTION('',(1.,0.,0.));
#2452=DIRECTION('',(0.,0.,1.));
#2453=DIRECTION('',(1.,0.,0.));
#2454=DIRECTION('',(-0.759782189979016,0.65017768632174,0.));
#2455=DIRECTION('',(-0.65017768632174,-0.759782189979016,0.));
#2456=DIRECTION('',(0.759782189979015,-0.65017768632174,0.));
#2457=DIRECTION('',(0.650177686321741,0.759782189979016,0.));
#2458=DIRECTION('',(0.,0.,1.));
#2459=DIRECTION('',(1.,0.,0.));
#2460=DIRECTION('',(0.65017768632174,0.759782189979015,0.));
#2461=DIRECTION('',(-0.759782189979016,0.650177686321741,0.));
#2462=DIRECTION('',(0.759782189979016,-0.65017768632174,0.));
#2463=DIRECTION('',(0.65017768632174,0.759782189979016,0.));
#2464=DIRECTION('',(0.759782189979018,-0.650177686321738,0.));
#2465=DIRECTION('',(0.650177686321738,0.759782189979018,0.));
#2466=DIRECTION('',(-0.65017768632174,-0.759782189979016,0.));
#2467=DIRECTION('',(0.759782189979016,-0.65017768632174,0.));
#2468=DIRECTION('',(0.650177686321738,0.759782189979018,0.));
#2469=DIRECTION('',(-0.759782189979018,0.650177686321738,0.));
#2470=DIRECTION('',(0.,-1.73472347597681E-15,-1.));
#2471=DIRECTION('',(0.,1.,-1.73472347597681E-15));
#2472=DIRECTION('',(0.,0.,-1.));
#2473=DIRECTION('',(-1.,0.,0.));
#2474=DIRECTION('',(0.,0.,1.));
#2475=DIRECTION('',(1.,0.,0.));
#2476=DIRECTION('',(0.,0.,1.));
#2477=DIRECTION('',(1.,0.,0.));
#2478=DIRECTION('',(0.,0.,1.));
#2479=DIRECTION('',(1.,0.,0.));
#2480=DIRECTION('',(-0.33765515800643,0.941269883865224,0.));
#2481=DIRECTION('',(-0.941269883865224,-0.33765515800643,0.));
#2482=DIRECTION('',(-0.33765515800643,0.941269883865224,0.));
#2483=DIRECTION('',(-0.941269883865225,-0.33765515800643,0.));
#2484=DIRECTION('',(0.,0.,1.));
#2485=DIRECTION('',(1.,0.,0.));
#2486=DIRECTION('',(1.,0.,0.));
#2487=DIRECTION('',(0.,0.,-1.));
#2488=DIRECTION('',(0.,0.,-1.));
#2489=DIRECTION('',(-1.,0.,0.));
#2490=DIRECTION('',(0.,0.,-1.));
#2491=DIRECTION('',(-1.,0.,0.));
#2492=DIRECTION('',(0.,0.,-1.));
#2493=DIRECTION('',(-1.,0.,0.));
#2494=DIRECTION('',(0.,0.,-1.));
#2495=DIRECTION('',(-1.,0.,0.));
#2496=DIRECTION('',(0.,0.,1.));
#2497=DIRECTION('',(1.,0.,0.));
#2498=DIRECTION('',(0.,0.,-1.));
#2499=DIRECTION('',(-1.,0.,0.));
#2500=DIRECTION('',(0.,0.,1.));
#2501=DIRECTION('',(1.,0.,0.));
#2502=DIRECTION('',(0.,0.,-1.));
#2503=DIRECTION('',(1.,0.,0.));
#2504=DIRECTION('',(0.,0.,1.));
#2505=DIRECTION('',(1.,0.,0.));
#2506=DIRECTION('',(0.,0.,-1.));
#2507=DIRECTION('',(1.,0.,0.));
#2508=DIRECTION('',(0.,0.,-1.));
#2509=DIRECTION('',(-1.,0.,0.));
#2510=DIRECTION('',(0.65017768632174,-0.759782189979016,0.));
#2511=DIRECTION('',(-0.759782189979016,-0.65017768632174,0.));
#2512=DIRECTION('',(0.,0.,1.));
#2513=DIRECTION('',(0.,0.,1.));
#2514=DIRECTION('',(-0.759782189979016,-0.65017768632174,0.));
#2515=DIRECTION('',(-0.65017768632174,0.759782189979016,0.));
#2516=DIRECTION('',(0.,0.,1.));
#2517=DIRECTION('',(0.,0.,-1.));
#2518=DIRECTION('',(0.,0.,1.));
#2519=DIRECTION('',(-1.,0.,0.));
#2520=DIRECTION('',(0.,0.,1.));
#2521=DIRECTION('',(0.,0.,1.));
#2522=DIRECTION('',(-0.759782189979016,-0.65017768632174,0.));
#2523=DIRECTION('',(-0.65017768632174,0.759782189979016,0.));
#2524=DIRECTION('',(0.,0.,1.));
#2525=DIRECTION('',(0.,0.,1.));
#2526=DIRECTION('',(0.,0.,1.));
#2527=DIRECTION('',(-1.,0.,0.));
#2528=DIRECTION('',(0.65017768632174,-0.759782189979016,0.));
#2529=DIRECTION('',(-0.759782189979016,-0.65017768632174,0.));
#2530=DIRECTION('',(0.,0.,1.));
#2531=DIRECTION('',(0.,0.,1.));
#2532=DIRECTION('',(0.,0.,1.));
#2533=DIRECTION('',(-1.,0.,0.));
#2534=DIRECTION('',(-0.759782189979016,-0.65017768632174,0.));
#2535=DIRECTION('',(-0.65017768632174,0.759782189979016,0.));
#2536=DIRECTION('',(0.65017768632174,-0.759782189979016,0.));
#2537=DIRECTION('',(0.,0.,-1.));
#2538=DIRECTION('',(0.,0.,1.));
#2539=DIRECTION('',(-1.,0.,0.));
#2540=DIRECTION('',(0.,0.,1.));
#2541=DIRECTION('',(-1.,0.,0.));
#2542=DIRECTION('',(0.759782189979016,0.65017768632174,0.));
#2543=DIRECTION('',(0.65017768632174,-0.759782189979016,0.));
#2544=DIRECTION('',(0.759782189979015,0.65017768632174,0.));
#2545=DIRECTION('',(-0.650177686321741,0.759782189979016,0.));
#2546=DIRECTION('',(0.,0.,1.));
#2547=DIRECTION('',(-1.,0.,0.));
#2548=DIRECTION('',(0.65017768632174,-0.759782189979015,0.));
#2549=DIRECTION('',(0.759782189979016,0.650177686321741,0.));
#2550=DIRECTION('',(-0.759782189979016,-0.65017768632174,0.));
#2551=DIRECTION('',(-0.65017768632174,0.759782189979016,0.));
#2552=DIRECTION('',(0.759782189979018,0.650177686321738,0.));
#2553=DIRECTION('',(-0.650177686321738,0.759782189979018,0.));
#2554=DIRECTION('',(0.65017768632174,-0.759782189979016,0.));
#2555=DIRECTION('',(-0.759782189979016,-0.65017768632174,0.));
#2556=DIRECTION('',(0.650177686321738,-0.759782189979018,0.));
#2557=DIRECTION('',(0.759782189979018,0.650177686321738,0.));
#2558=DIRECTION('',(0.,-1.73472347597681E-15,-1.));
#2559=DIRECTION('',(0.,1.,-1.73472347597681E-15));
#2560=DIRECTION('',(0.,0.,-1.));
#2561=DIRECTION('',(1.,0.,0.));
#2562=DIRECTION('',(0.,0.,1.));
#2563=DIRECTION('',(-1.,0.,0.));
#2564=DIRECTION('',(0.,0.,1.));
#2565=DIRECTION('',(-1.,0.,0.));
#2566=DIRECTION('',(0.,0.,1.));
#2567=DIRECTION('',(-1.,0.,0.));
#2568=DIRECTION('',(0.33765515800643,0.941269883865224,0.));
#2569=DIRECTION('',(0.941269883865224,-0.33765515800643,0.));
#2570=DIRECTION('',(-0.33765515800643,-0.941269883865224,0.));
#2571=DIRECTION('',(0.941269883865225,-0.33765515800643,0.));
#2572=DIRECTION('',(0.,0.,1.));
#2573=DIRECTION('',(-1.,0.,0.));
#2574=DIRECTION('',(-1.,0.,0.));
#2575=DIRECTION('',(0.,0.,-1.));
#2576=DIRECTION('',(0.,0.,-1.));
#2577=DIRECTION('',(1.,0.,0.));
#2578=DIRECTION('',(0.,0.,1.));
#2579=DIRECTION('',(1.,0.,0.));
#2580=DIRECTION('',(0.,0.,-1.));
#2581=DIRECTION('',(1.,0.,0.));
#2582=DIRECTION('',(0.,0.,-1.));
#2583=DIRECTION('',(1.,0.,0.));
#2584=DIRECTION('',(0.,0.,1.));
#2585=DIRECTION('',(1.,0.,0.));
#2586=DIRECTION('',(0.,0.,-1.));
#2587=DIRECTION('',(1.,0.,0.));
#2588=DIRECTION('',(0.,0.,-1.));
#2589=DIRECTION('',(-1.,0.,0.));
#2590=DIRECTION('',(1.,0.,0.));
#2591=DIRECTION('',(0.,0.,-1.));
#2592=DIRECTION('',(0.,0.,-1.));
#2593=DIRECTION('',(0.,0.,1.));
#2594=DIRECTION('',(1.,0.,0.));
#2595=DIRECTION('',(0.,0.,-1.));
#2596=DIRECTION('',(0.,0.,-1.));
#2597=DIRECTION('',(0.,0.,1.));
#2598=DIRECTION('',(0.,0.,1.));
#2599=DIRECTION('',(1.,0.,0.));
#2600=DIRECTION('',(0.,0.,-1.));
#2601=DIRECTION('',(-1.,0.,0.));
#2602=DIRECTION('',(0.,0.,-1.));
#2603=DIRECTION('',(-1.,0.,0.));
#2604=DIRECTION('',(0.,0.,-1.));
#2605=DIRECTION('',(-1.,0.,0.));
#2606=DIRECTION('',(0.,0.,1.));
#2607=DIRECTION('',(1.,0.,0.));
#2608=DIRECTION('',(0.,0.,1.));
#2609=DIRECTION('',(1.,0.,0.));
#2610=CARTESIAN_POINT('',(0.,0.,0.));
#2611=CARTESIAN_POINT('',(0.00877499708556573,-0.0186445686542679,0.0136));
#2612=CARTESIAN_POINT('',(0.00877499708556573,-0.0186445686542679,0.0043));
#2613=CARTESIAN_POINT('',(-0.0175499941711314,-0.0186445686542679,0.0043));
#2614=CARTESIAN_POINT('',(0.0175499941711314,-0.0186445686542679,0.0043));
#2615=CARTESIAN_POINT('',(-0.0175499941711314,-0.0186445686542679,0.0136));
#2616=CARTESIAN_POINT('',(-0.0175499941711314,-0.0186445686542679,-0.0126));
#2617=CARTESIAN_POINT('',(-0.0190880352651858,-0.0186445686542679,-0.0126));
#2618=CARTESIAN_POINT('',(-0.0190880352651858,-0.0186445686542679,-0.0136));
#2619=CARTESIAN_POINT('',(0.00877499708556573,-0.0186445686542679,-0.0136));
#2620=CARTESIAN_POINT('',(-0.0146,-0.0186445686542679,-0.0136));
#2621=CARTESIAN_POINT('',(-0.0146,-0.0186445686542679,-0.0116));
#2622=CARTESIAN_POINT('',(-0.0146,-0.0186445686542679,-0.0116));
#2623=CARTESIAN_POINT('',(0.0058,-0.0186445686542679,-0.0116));
#2624=CARTESIAN_POINT('',(0.0146,-0.0186445686542679,-0.0116));
#2625=CARTESIAN_POINT('',(0.0146,-0.0186445686542679,0.0136));
#2626=CARTESIAN_POINT('',(0.0146,-0.0186445686542679,-0.0136));
#2627=CARTESIAN_POINT('',(0.00877499708556573,-0.0186445686542679,-0.0136));
#2628=CARTESIAN_POINT('',(0.0190880352651858,-0.0186445686542679,-0.0136));
#2629=CARTESIAN_POINT('',(0.0190880352651858,-0.0186445686542679,-0.0126));
#2630=CARTESIAN_POINT('',(0.0175499941711314,-0.0186445686542679,-0.0126));
#2631=CARTESIAN_POINT('',(0.0175499941711314,-0.0186445686542679,0.0136));
#2632=CARTESIAN_POINT('',(0.00228696365109621,0.02,0.0136));
#2633=CARTESIAN_POINT('',(-0.00457392730219241,0.02,0.0043));
#2634=CARTESIAN_POINT('',(-0.00457392730219241,0.02,0.0043));
#2635=CARTESIAN_POINT('',(-0.00457392730219241,0.02,-0.0068));
#2636=CARTESIAN_POINT('',(0.00228696365109621,0.02,0.0043));
#2637=CARTESIAN_POINT('',(0.00457392730219241,0.02,0.0043));
#2638=CARTESIAN_POINT('',(0.00457392730219241,0.02,0.0043));
#2639=CARTESIAN_POINT('',(0.00457392730219241,0.02,-0.0068));
#2640=CARTESIAN_POINT('',(0.00228696365109621,0.02,-0.0068));
#2641=CARTESIAN_POINT('',(0.00587205008805717,0.02,-0.0068));
#2642=CARTESIAN_POINT('',(0.00587205008805717,0.02,0.0136));
#2643=CARTESIAN_POINT('',(0.00587205008805717,0.02,-0.0136));
#2644=CARTESIAN_POINT('',(0.00228696365109621,0.02,-0.0136));
#2645=CARTESIAN_POINT('',(-0.00587205008805717,0.02,-0.0136));
#2646=CARTESIAN_POINT('',(-0.00587205008805717,0.02,0.0136));
#2647=CARTESIAN_POINT('',(-0.00587205008805717,0.02,-0.0068));
#2648=CARTESIAN_POINT('',(-0.00228696365109621,0.02,-0.0068));
#2649=CARTESIAN_POINT('',(0.0105385367868215,-0.0126445686542679,-0.0116));
#2650=CARTESIAN_POINT('',(0.0203942440200458,-0.0210785132906105,-0.0116));
#2651=CARTESIAN_POINT('',(0.0203942440200458,-0.0210785132906105,-0.0126));
#2652=CARTESIAN_POINT('',(0.0203942440200458,-0.0210785132906105,0.0043));
#2653=CARTESIAN_POINT('',(0.0105385367868215,-0.0126445686542679,0.0043));
#2654=CARTESIAN_POINT('',(0.0203942440200458,-0.0210785132906105,-0.0126));
#2655=CARTESIAN_POINT('',(0.0142304036017642,0.00278699940654222,-0.0116));
#2656=CARTESIAN_POINT('',(0.0230423913404194,0.013084478823316,-0.0116));
#2657=CARTESIAN_POINT('',(0.0230423913404194,0.013084478823316,-0.0136));
#2658=CARTESIAN_POINT('',(0.0230423913404194,0.013084478823316,0.0043));
#2659=CARTESIAN_POINT('',(0.0142304036017642,0.00278699940654222,0.0043));
#2660=CARTESIAN_POINT('',(0.0069321590728027,-0.00574155567597223,0.0043));
#2661=CARTESIAN_POINT('',(0.0069321590728027,-0.00574155567597222,-0.0116));
#2662=CARTESIAN_POINT('',(0.0069321590728027,-0.00574155567597222,-0.0116));
#2663=CARTESIAN_POINT('',(0.0142304036017642,0.00278699940654222,-0.0116));
#2664=CARTESIAN_POINT('',(0.0143116758125544,0.0028819721802896,-0.0116));
#2665=CARTESIAN_POINT('',(0.0143116758125544,0.0028819721802896,-0.0116));
#2666=CARTESIAN_POINT('',(0.0143116758125544,0.0028819721802896,-0.0136));
#2667=CARTESIAN_POINT('',(0.0142304036017642,0.00278699940654222,-0.0136));
#2668=CARTESIAN_POINT('',(0.0226536282384506,0.0141682205970292,-0.0116));
#2669=CARTESIAN_POINT('',(0.0228463086570823,0.0136310918993976,0.0068));
#2670=CARTESIAN_POINT('',(0.0228463086570823,0.0136310918993976,-0.0068));
#2671=CARTESIAN_POINT('',(0.0228463086570823,0.0136310918993976,0.0043));
#2672=CARTESIAN_POINT('',(0.0226536282384506,0.0141682205970292,0.0043));
#2673=CARTESIAN_POINT('',(0.0226536282384506,0.0141682205970292,-0.0136));
#2674=CARTESIAN_POINT('',(0.0218773813676859,0.0163321377905627,-0.0136));
#2675=CARTESIAN_POINT('',(0.0218773813676859,0.0163321377905627,0.0136));
#2676=CARTESIAN_POINT('',(0.0218773813676859,0.0163321377905627,-0.0068));
#2677=CARTESIAN_POINT('',(0.0226536282384506,0.0141682205970292,-0.0068));
#2678=CARTESIAN_POINT('',(0.0334015224142915,-0.010492640214922,-0.0116));
#2679=CARTESIAN_POINT('',(0.0337266112574524,-0.0101127491199325,0.0136));
#2680=CARTESIAN_POINT('',(0.0337266112574524,-0.0101127491199325,-0.0126));
#2681=CARTESIAN_POINT('',(0.0337266112574524,-0.0101127491199325,0.0043));
#2682=CARTESIAN_POINT('',(0.0334015224142915,-0.010492640214922,0.0043));
#2683=CARTESIAN_POINT('',(0.024624123648948,-0.0207496997796387,0.0043));
#2684=CARTESIAN_POINT('',(0.024624123648948,-0.0207496997796387,-0.0116));
#2685=CARTESIAN_POINT('',(0.024624123648948,-0.0207496997796387,-0.0126));
#2686=CARTESIAN_POINT('',(0.0343767889437741,-0.00935296692995346,-0.0126));
#2687=CARTESIAN_POINT('',(0.0332371156588056,-0.00837770040047085,-0.0116));
#2688=CARTESIAN_POINT('',(0.0332371156588056,-0.00837770040047085,0.0043));
#2689=CARTESIAN_POINT('',(0.0336170067537951,-0.00870278924363172,0.0043));
#2690=CARTESIAN_POINT('',(0.0320974423738371,-0.00740243387098824,0.0043));
#2691=CARTESIAN_POINT('',(0.0336170067537951,-0.00870278924363172,-0.0136));
#2692=CARTESIAN_POINT('',(0.0336170067537951,-0.00870278924363172,-0.0126));
#2693=CARTESIAN_POINT('',(0.0332371156588056,-0.00837770040047085,-0.0126));
#2694=CARTESIAN_POINT('',(0.0320974423738371,-0.00740243387098824,-0.0126));
#2695=CARTESIAN_POINT('',(0.0320974423738371,-0.00740243387098824,-0.0116));
#2696=CARTESIAN_POINT('',(0.0311221758443545,-0.00854210715595677,-0.0116));
#2697=CARTESIAN_POINT('',(0.0222797593103789,-0.0188751449396714,-0.0116));
#2698=CARTESIAN_POINT('',(0.0222797593103789,-0.0188751449396714,-0.0116));
#2699=CARTESIAN_POINT('',(0.0222797593103788,-0.0188751449396714,0.0043));
#2700=CARTESIAN_POINT('',(0.0311221758443545,-0.00854210715595677,0.0043));
#2701=CARTESIAN_POINT('',(0.0314472646875153,-0.00816221606096726,-0.0126));
#2702=CARTESIAN_POINT('',(0.0314472646875153,-0.00816221606096726,-0.0136));
#2703=CARTESIAN_POINT('',(0.0311221758443545,-0.00854210715595677,-0.0136));
#2704=CARTESIAN_POINT('',(0.0296592760501305,-0.0102516170834096,-0.0136));
#2705=CARTESIAN_POINT('',(0.0296592760501305,-0.0102516170834096,-0.0116));
#2706=CARTESIAN_POINT('',(0.0296592760501305,-0.0102516170834096,-0.0116));
#2707=CARTESIAN_POINT('',(0.0311221758443545,-0.00854210715595677,-0.0116));
#2708=CARTESIAN_POINT('',(0.0146059591915908,-0.0123083503078218,-0.0116));
#2709=CARTESIAN_POINT('',(0.0146059591915908,-0.0123083503078218,0.0043));
#2710=CARTESIAN_POINT('',(0.0146059591915908,-0.0123083503078218,-0.0116));
#2711=CARTESIAN_POINT('',(0.0127108392218062,0.0040873547791857,0.0043));
#2712=CARTESIAN_POINT('',(0.0127108392218062,0.0040873547791857,0.0043));
#2713=CARTESIAN_POINT('',(0.0211452565832381,0.0139436144277129,0.0043));
#2714=CARTESIAN_POINT('',(0.00382643712046146,-0.00629474634058964,0.0043));
#2715=CARTESIAN_POINT('',(0.0211452565832381,0.0139436144277129,-0.0068));
#2716=CARTESIAN_POINT('',(0.0211452565832381,0.0139436144277129,-0.00451062686715412));
#2717=CARTESIAN_POINT('',(0.020393391473398,0.0130650027316473,-0.0068));
#2718=CARTESIAN_POINT('',(0.020393391473398,0.0130650027316473,-0.0043));
#2719=CARTESIAN_POINT('',(0.0127108392218062,0.0040873547791857,-0.0043));
#2720=CARTESIAN_POINT('',(0.00382643712046146,-0.00629474634058964,-0.0043));
#2721=CARTESIAN_POINT('',(0.00382643712046147,-0.00629474634058964,0.0043));
#2722=CARTESIAN_POINT('',(0.00457392730219241,0.01304,0.0043));
#2723=CARTESIAN_POINT('',(0.00457392730219241,0.01304,0.0043));
#2724=CARTESIAN_POINT('',(0.00457392730219241,0.00802156708127425,0.0043));
#2725=CARTESIAN_POINT('',(0.00457392730219241,0.00802156708127425,0.0043));
#2726=CARTESIAN_POINT('',(0.00457392730219241,0.00802156708127425,-0.0043));
#2727=CARTESIAN_POINT('',(0.00457392730219241,0.01304,-0.0043));
#2728=CARTESIAN_POINT('',(0.00457392730219241,0.0175,-0.0043));
#2729=CARTESIAN_POINT('',(0.00457392730219241,0.0175,-0.0068));
#2730=CARTESIAN_POINT('',(0.022344777079011,-0.0187991667206735,-0.0116));
#2731=CARTESIAN_POINT('',(0.022344777079011,-0.0187991667206735,0.0043));
#2732=CARTESIAN_POINT('',(0.022344777079011,-0.0187991667206735,-0.0126));
#2733=CARTESIAN_POINT('',(0.0329668290674734,-0.00946257143361074,-0.0116));
#2734=CARTESIAN_POINT('',(0.0329668290674734,-0.00946257143361074,0.0043));
#2735=CARTESIAN_POINT('',(0.0329668290674734,-0.00946257143361074,-0.0126));
#2736=CARTESIAN_POINT('',(0.0219050387732171,0.0132934367413912,0.0043));
#2737=CARTESIAN_POINT('',(0.0219050387732171,0.0132934367413912,0.0043));
#2738=CARTESIAN_POINT('',(0.0211452565832381,0.0139436144277129,-0.00451062686715412));
#2739=CARTESIAN_POINT('',(0.0213072734439414,0.0141329434801064,-0.00460557712334215));
#2740=CARTESIAN_POINT('',(0.0217304233592212,0.0143389257094721,-0.00489732264680775));
#2741=CARTESIAN_POINT('',(0.0224480612141697,0.0142401681914355,-0.00569071244776006));
#2742=CARTESIAN_POINT('',(0.0227515930020139,0.0138951275331869,-0.00635647376502227));
#2743=CARTESIAN_POINT('',(0.0228463086570823,0.0136310918993976,-0.0068));
#2744=CARTESIAN_POINT('',(-0.0105385367868215,-0.0126445686542679,-0.0116));
#2745=CARTESIAN_POINT('',(-0.0105385367868215,-0.0126445686542679,0.0043));
#2746=CARTESIAN_POINT('',(-0.0203942440200458,-0.0210785132906105,0.0043));
#2747=CARTESIAN_POINT('',(-0.0203942440200458,-0.0210785132906105,-0.0116));
#2748=CARTESIAN_POINT('',(-0.0203942440200458,-0.0210785132906105,-0.0126));
#2749=CARTESIAN_POINT('',(-0.0203942440200458,-0.0210785132906105,-0.0126));
#2750=CARTESIAN_POINT('',(-0.0142304036017642,0.00278699940654222,-0.0116));
#2751=CARTESIAN_POINT('',(-0.0069321590728027,-0.00574155567597222,-0.0116));
#2752=CARTESIAN_POINT('',(-0.0069321590728027,-0.00574155567597222,-0.0116));
#2753=CARTESIAN_POINT('',(-0.00693215907280271,-0.00574155567597223,0.0043));
#2754=CARTESIAN_POINT('',(-0.0142304036017642,0.00278699940654222,0.0043));
#2755=CARTESIAN_POINT('',(-0.0230423913404194,0.013084478823316,0.0043));
#2756=CARTESIAN_POINT('',(-0.0230423913404194,0.013084478823316,-0.0116));
#2757=CARTESIAN_POINT('',(-0.0230423913404194,0.013084478823316,-0.0136));
#2758=CARTESIAN_POINT('',(-0.0142304036017642,0.00278699940654222,-0.0136));
#2759=CARTESIAN_POINT('',(-0.0143116758125544,0.0028819721802896,-0.0136));
#2760=CARTESIAN_POINT('',(-0.0143116758125544,0.0028819721802896,-0.0116));
#2761=CARTESIAN_POINT('',(-0.0143116758125544,0.0028819721802896,-0.0116));
#2762=CARTESIAN_POINT('',(-0.0142304036017642,0.00278699940654222,-0.0116));
#2763=CARTESIAN_POINT('',(-0.0226536282384506,0.0141682205970292,-0.0116));
#2764=CARTESIAN_POINT('',(-0.0226536282384506,0.0141682205970292,0.0043));
#2765=CARTESIAN_POINT('',(-0.0228463086570823,0.0136310918993976,0.0043));
#2766=CARTESIAN_POINT('',(-0.0228463086570823,0.0136310918993976,0.0068));
#2767=CARTESIAN_POINT('',(-0.0228463086570823,0.0136310918993976,-0.0068));
#2768=CARTESIAN_POINT('',(-0.0226536282384506,0.0141682205970292,-0.0068));
#2769=CARTESIAN_POINT('',(-0.0218773813676859,0.0163321377905627,-0.0068));
#2770=CARTESIAN_POINT('',(-0.0218773813676859,0.0163321377905627,0.0136));
#2771=CARTESIAN_POINT('',(-0.0218773813676859,0.0163321377905627,-0.0136));
#2772=CARTESIAN_POINT('',(-0.0226536282384506,0.0141682205970292,-0.0136));
#2773=CARTESIAN_POINT('',(-0.0334015224142915,-0.010492640214922,-0.0116));
#2774=CARTESIAN_POINT('',(-0.024624123648948,-0.0207496997796387,-0.0116));
#2775=CARTESIAN_POINT('',(-0.024624123648948,-0.0207496997796387,0.0043));
#2776=CARTESIAN_POINT('',(-0.024624123648948,-0.0207496997796387,-0.0126));
#2777=CARTESIAN_POINT('',(-0.0334015224142915,-0.010492640214922,0.0043));
#2778=CARTESIAN_POINT('',(-0.0337266112574524,-0.0101127491199325,0.0043));
#2779=CARTESIAN_POINT('',(-0.0337266112574524,-0.0101127491199325,0.0136));
#2780=CARTESIAN_POINT('',(-0.0337266112574524,-0.0101127491199325,-0.0126));
#2781=CARTESIAN_POINT('',(-0.0343767889437741,-0.00935296692995346,-0.0126));
#2782=CARTESIAN_POINT('',(-0.0332371156588056,-0.00837770040047085,-0.0116));
#2783=CARTESIAN_POINT('',(-0.0332371156588056,-0.00837770040047085,0.0043));
#2784=CARTESIAN_POINT('',(-0.0320974423738371,-0.00740243387098824,0.0043));
#2785=CARTESIAN_POINT('',(-0.0336170067537951,-0.00870278924363172,0.0043));
#2786=CARTESIAN_POINT('',(-0.0320974423738371,-0.00740243387098824,-0.0116));
#2787=CARTESIAN_POINT('',(-0.0320974423738371,-0.00740243387098824,-0.0126));
#2788=CARTESIAN_POINT('',(-0.0332371156588056,-0.00837770040047085,-0.0126));
#2789=CARTESIAN_POINT('',(-0.0336170067537951,-0.00870278924363172,-0.0126));
#2790=CARTESIAN_POINT('',(-0.0336170067537951,-0.00870278924363172,-0.0136));
#2791=CARTESIAN_POINT('',(-0.0311221758443545,-0.00854210715595677,-0.0116));
#2792=CARTESIAN_POINT('',(-0.0311221758443545,-0.00854210715595677,0.0043));
#2793=CARTESIAN_POINT('',(-0.0222797593103789,-0.0188751449396714,0.0043));
#2794=CARTESIAN_POINT('',(-0.0222797593103789,-0.0188751449396714,-0.0116));
#2795=CARTESIAN_POINT('',(-0.0222797593103789,-0.0188751449396714,-0.0116));
#2796=CARTESIAN_POINT('',(-0.0311221758443545,-0.00854210715595677,-0.0116));
#2797=CARTESIAN_POINT('',(-0.0296592760501305,-0.0102516170834096,-0.0116));
#2798=CARTESIAN_POINT('',(-0.0296592760501305,-0.0102516170834096,-0.0116));
#2799=CARTESIAN_POINT('',(-0.0296592760501305,-0.0102516170834096,-0.0136));
#2800=CARTESIAN_POINT('',(-0.0311221758443545,-0.00854210715595677,-0.0136));
#2801=CARTESIAN_POINT('',(-0.0314472646875153,-0.00816221606096726,-0.0136));
#2802=CARTESIAN_POINT('',(-0.0314472646875153,-0.00816221606096726,-0.0126));
#2803=CARTESIAN_POINT('',(-0.0146059591915908,-0.0123083503078218,-0.0116));
#2804=CARTESIAN_POINT('',(-0.0146059591915908,-0.0123083503078218,0.0043));
#2805=CARTESIAN_POINT('',(-0.0146059591915908,-0.0123083503078218,-0.0116));
#2806=CARTESIAN_POINT('',(-0.0127108392218062,0.0040873547791857,0.0043));
#2807=CARTESIAN_POINT('',(-0.0211452565832381,0.0139436144277129,-0.0068));
#2808=CARTESIAN_POINT('',(-0.0211452565832381,0.0139436144277129,0.0043));
#2809=CARTESIAN_POINT('',(-0.0211452565832381,0.0139436144277129,-0.00451062686715412));
#2810=CARTESIAN_POINT('',(-0.0127108392218062,0.0040873547791857,0.0043));
#2811=CARTESIAN_POINT('',(-0.00382643712046146,-0.00629474634058964,0.0043));
#2812=CARTESIAN_POINT('',(-0.00382643712046147,-0.00629474634058964,0.0043));
#2813=CARTESIAN_POINT('',(-0.00382643712046146,-0.00629474634058964,-0.0043));
#2814=CARTESIAN_POINT('',(-0.0127108392218062,0.0040873547791857,-0.0043));
#2815=CARTESIAN_POINT('',(-0.020393391473398,0.0130650027316473,-0.0043));
#2816=CARTESIAN_POINT('',(-0.020393391473398,0.0130650027316473,-0.0068));
#2817=CARTESIAN_POINT('',(-0.00457392730219241,0.01304,0.0043));
#2818=CARTESIAN_POINT('',(-0.00457392730219241,0.00802156708127425,0.0043));
#2819=CARTESIAN_POINT('',(-0.00457392730219241,0.00802156708127425,0.0043));
#2820=CARTESIAN_POINT('',(-0.00457392730219241,0.00802156708127425,-0.0043));
#2821=CARTESIAN_POINT('',(-0.00457392730219241,0.01304,0.0043));
#2822=CARTESIAN_POINT('',(-0.00457392730219241,0.0175,-0.0068));
#2823=CARTESIAN_POINT('',(-0.00457392730219241,0.0175,-0.0043));
#2824=CARTESIAN_POINT('',(-0.00457392730219241,0.01304,-0.0043));
#2825=CARTESIAN_POINT('',(-0.022344777079011,-0.0187991667206735,-0.0116));
#2826=CARTESIAN_POINT('',(-0.022344777079011,-0.0187991667206735,0.0043));
#2827=CARTESIAN_POINT('',(-0.022344777079011,-0.0187991667206735,-0.0126));
#2828=CARTESIAN_POINT('',(-0.0329668290674734,-0.00946257143361074,-0.0116));
#2829=CARTESIAN_POINT('',(-0.0329668290674734,-0.00946257143361074,0.0043));
#2830=CARTESIAN_POINT('',(-0.0329668290674734,-0.00946257143361074,-0.0126));
#2831=CARTESIAN_POINT('',(-0.0219050387732171,0.0132934367413912,0.0043));
#2832=CARTESIAN_POINT('',(-0.0219050387732171,0.0132934367413912,0.0043));
#2833=CARTESIAN_POINT('',(-0.0211452565832381,0.0139436144277129,-0.00451062686715412));
#2834=CARTESIAN_POINT('',(-0.0213072734439414,0.0141329434801064,-0.00460557712334215));
#2835=CARTESIAN_POINT('',(-0.0217304233592212,0.0143389257094721,-0.00489732264680775));
#2836=CARTESIAN_POINT('',(-0.0224480612141697,0.0142401681914355,-0.00569071244776006));
#2837=CARTESIAN_POINT('',(-0.0227515930020139,0.0138951275331869,-0.00635647376502227));
#2838=CARTESIAN_POINT('',(-0.0228463086570823,0.0136310918993976,-0.0068));
#2839=CARTESIAN_POINT('',(0.005,-0.0127445686542679,-0.0285));
#2840=CARTESIAN_POINT('',(0.005,-0.0127445686542679,-0.0116));
#2841=CARTESIAN_POINT('',(0.00335,-0.0127445686542679,-0.0116));
#2842=CARTESIAN_POINT('',(0.005,-0.0127445686542679,0.0043));
#2843=CARTESIAN_POINT('',(0.00665,-0.0127445686542679,0.0043));
#2844=CARTESIAN_POINT('',(-0.005,-0.0127445686542679,-0.0285));
#2845=CARTESIAN_POINT('',(-0.005,-0.0127445686542679,-0.0116));
#2846=CARTESIAN_POINT('',(-0.00665,-0.0127445686542679,-0.0116));
#2847=CARTESIAN_POINT('',(-0.005,-0.0127445686542679,0.0043));
#2848=CARTESIAN_POINT('',(-0.00335,-0.0127445686542679,0.0043));
#2849=CARTESIAN_POINT('',(0.0058,-0.0086445686542679,-0.0116));
#2850=CARTESIAN_POINT('',(-0.0116,-0.0086445686542679,-0.0116));
#2851=CARTESIAN_POINT('',(-0.0116,-0.0136445686542679,-0.0116));
#2852=CARTESIAN_POINT('',(-0.0116,-0.0156445686542679,-0.0116));
#2853=CARTESIAN_POINT('',(-0.0066,-0.0136445686542679,-0.0116));
#2854=CARTESIAN_POINT('',(-0.0066,-0.0086445686542679,-0.0116));
#2855=CARTESIAN_POINT('',(0.0058,-0.0086445686542679,-0.0116));
#2856=CARTESIAN_POINT('',(0.0066,-0.0086445686542679,-0.0116));
#2857=CARTESIAN_POINT('',(0.0066,-0.0136445686542679,-0.0116));
#2858=CARTESIAN_POINT('',(0.0116,-0.0136445686542679,-0.0116));
#2859=CARTESIAN_POINT('',(0.0116,-0.0086445686542679,-0.0116));
#2860=CARTESIAN_POINT('',(0.0116,-0.0156445686542679,-0.0116));
#2861=CARTESIAN_POINT('',(0.0146,-0.0156445686542679,-0.0116));
#2862=CARTESIAN_POINT('',(-0.0146,-0.0156445686542679,-0.0116));
#2863=CARTESIAN_POINT('',(0.,-0.0086445686542679,0.));
#2864=CARTESIAN_POINT('',(-0.0066,-0.0086445686542679,-0.0116));
#2865=CARTESIAN_POINT('',(-0.0066,-0.0086445686542679,-0.0136));
#2866=CARTESIAN_POINT('',(0.00877499708556573,-0.0086445686542679,-0.0136));
#2867=CARTESIAN_POINT('',(0.0066,-0.0086445686542679,-0.0136));
#2868=CARTESIAN_POINT('',(0.0066,-0.0086445686542679,-0.0116));
#2869=CARTESIAN_POINT('',(0.00355220683915798,-0.000119523174787875,-0.0116));
#2870=CARTESIAN_POINT('',(0.00995809258166647,-0.00543540799929404,-0.0116));
#2871=CARTESIAN_POINT('',(0.0111580925816665,-0.00543540799929404,-0.0116));
#2872=CARTESIAN_POINT('',(0.0221146076213307,-0.0158382509804419,-0.0116));
#2873=CARTESIAN_POINT('',(0.0233146076213307,-0.0158382509804419,-0.0116));
#2874=CARTESIAN_POINT('',(0.0288994938601515,-0.00960143939708781,-0.0116));
#2875=CARTESIAN_POINT('',(0.0282493161738298,-0.0103612215870668,-0.0116));
#2876=CARTESIAN_POINT('',(0.0274895339838508,-0.00971104390074509,-0.0116));
#2877=CARTESIAN_POINT('',(0.0267297517938718,-0.00906086621442335,-0.0116));
#2878=CARTESIAN_POINT('',(0.0273799294801935,-0.00830108402444434,-0.0116));
#2879=CARTESIAN_POINT('',(0.0266201472902145,-0.0076509063381226,-0.0116));
#2880=CARTESIAN_POINT('',(0.0280830470844384,-0.00594139641066981,-0.0116));
#2881=CARTESIAN_POINT('',(0.0292902494441992,-0.00453068842738631,-0.0116));
#2882=CARTESIAN_POINT('',(0.0285304672542202,-0.00388051074106457,-0.0116));
#2883=CARTESIAN_POINT('',(0.0287256249318211,-0.00289973886092454,-0.0116));
#2884=CARTESIAN_POINT('',(0.0306,0.00652,-0.0116));
#2885=CARTESIAN_POINT('',(0.0216486459191725,0.00303890502515728,-0.0116));
#2886=CARTESIAN_POINT('',(0.0207166416989631,0.00267645760343678,-0.0116));
#2887=CARTESIAN_POINT('',(0.0199568595089841,0.00332663528975852,-0.0116));
#2888=CARTESIAN_POINT('',(0.0188137043666944,0.00199077136245543,-0.0116));
#2889=CARTESIAN_POINT('',(0.0173508045724705,0.000281261435002636,-0.0116));
#2890=CARTESIAN_POINT('',(0.0165910223824915,0.000931439121324377,-0.0116));
#2891=CARTESIAN_POINT('',(0.0159408446961697,0.000171656931345361,-0.0116));
#2892=CARTESIAN_POINT('',(0.0151810625061907,0.000821834617667102,-0.0116));
#2893=CARTESIAN_POINT('',(0.0144212803162117,0.00147201230398884,-0.0116));
#2894=CARTESIAN_POINT('',(0.0150714580025334,0.00223179449396786,-0.0116));
#2895=CARTESIAN_POINT('',(-0.00355220683915798,-0.000119523174787875,-0.0116));
#2896=CARTESIAN_POINT('',(-0.0150714580025334,0.00223179449396786,-0.0116));
#2897=CARTESIAN_POINT('',(-0.0144212803162117,0.00147201230398884,-0.0116));
#2898=CARTESIAN_POINT('',(-0.0151810625061907,0.000821834617667102,-0.0116));
#2899=CARTESIAN_POINT('',(-0.0159408446961697,0.000171656931345361,-0.0116));
#2900=CARTESIAN_POINT('',(-0.0165910223824915,0.000931439121324377,-0.0116));
#2901=CARTESIAN_POINT('',(-0.0173508045724705,0.000281261435002636,-0.0116));
#2902=CARTESIAN_POINT('',(-0.0188137043666944,0.00199077136245543,-0.0116));
#2903=CARTESIAN_POINT('',(-0.0199568595089841,0.00332663528975852,-0.0116));
#2904=CARTESIAN_POINT('',(-0.0207166416989631,0.00267645760343678,-0.0116));
#2905=CARTESIAN_POINT('',(-0.0216486459191725,0.00303890502515728,-0.0116));
#2906=CARTESIAN_POINT('',(-0.0306,0.00652,-0.0116));
#2907=CARTESIAN_POINT('',(-0.0287256249318211,-0.00289973886092454,-0.0116));
#2908=CARTESIAN_POINT('',(-0.0285304672542202,-0.00388051074106457,-0.0116));
#2909=CARTESIAN_POINT('',(-0.0292902494441992,-0.00453068842738631,-0.0116));
#2910=CARTESIAN_POINT('',(-0.0280830470844384,-0.00594139641066981,-0.0116));
#2911=CARTESIAN_POINT('',(-0.0266201472902145,-0.0076509063381226,-0.0116));
#2912=CARTESIAN_POINT('',(-0.0273799294801935,-0.00830108402444434,-0.0116));
#2913=CARTESIAN_POINT('',(-0.0267297517938718,-0.00906086621442335,-0.0116));
#2914=CARTESIAN_POINT('',(-0.0274895339838508,-0.00971104390074509,-0.0116));
#2915=CARTESIAN_POINT('',(-0.0282493161738298,-0.0103612215870668,-0.0116));
#2916=CARTESIAN_POINT('',(-0.0288994938601515,-0.00960143939708781,-0.0116));
#2917=CARTESIAN_POINT('',(-0.00995809258166647,-0.00543540799929404,-0.0116));
#2918=CARTESIAN_POINT('',(-0.0111580925816665,-0.00543540799929404,-0.0116));
#2919=CARTESIAN_POINT('',(-0.0221146076213307,-0.0158382509804419,-0.0116));
#2920=CARTESIAN_POINT('',(-0.0233146076213307,-0.0158382509804419,-0.0116));
#2921=CARTESIAN_POINT('',(0.0127,0.01304,0.0136));
#2922=CARTESIAN_POINT('',(0.0127,0.01304,-0.008));
#2923=CARTESIAN_POINT('',(0.01105,0.01304,-0.008));
#2924=CARTESIAN_POINT('',(0.0127,0.01304,-0.0043));
#2925=CARTESIAN_POINT('',(0.01435,0.01304,-0.0043));
#2926=CARTESIAN_POINT('',(0.0127,0.01304,0.0136));
#2927=CARTESIAN_POINT('',(0.0127,0.01304,-0.0068));
#2928=CARTESIAN_POINT('',(0.0127,0.01304,-0.0136));
#2929=CARTESIAN_POINT('',(0.0274895339838508,-0.00971104390074509,-0.0136));
#2930=CARTESIAN_POINT('',(0.0274895339838508,-0.00971104390074509,-0.0136));
#2931=CARTESIAN_POINT('',(0.0267297517938718,-0.00906086621442335,-0.0136));
#2932=CARTESIAN_POINT('',(0.0282493161738298,-0.0103612215870668,-0.0136));
#2933=CARTESIAN_POINT('',(0.0267297517938718,-0.00906086621442335,-0.0136));
#2934=CARTESIAN_POINT('',(0.0282493161738298,-0.0103612215870668,-0.0136));
#2935=CARTESIAN_POINT('',(0.0280830470844384,-0.00594139641066981,-0.0136));
#2936=CARTESIAN_POINT('',(0.0280830470844384,-0.00594139641066981,-0.0136));
#2937=CARTESIAN_POINT('',(0.0266201472902145,-0.0076509063381226,-0.0136));
#2938=CARTESIAN_POINT('',(0.0292902494441992,-0.00453068842738631,-0.0136));
#2939=CARTESIAN_POINT('',(0.0292902494441992,-0.00453068842738632,-0.0116));
#2940=CARTESIAN_POINT('',(0.0266201472902145,-0.0076509063381226,-0.0136));
#2941=CARTESIAN_POINT('',(0.0306,0.00652,-0.0136));
#2942=CARTESIAN_POINT('',(0.0306,0.00652,-0.0136));
#2943=CARTESIAN_POINT('',(0.0216486459191725,0.00303890502515728,-0.0136));
#2944=CARTESIAN_POINT('',(0.0287256249318211,-0.00289973886092454,-0.0136));
#2945=CARTESIAN_POINT('',(0.0216486459191725,0.00303890502515728,-0.0136));
#2946=CARTESIAN_POINT('',(0.0287256249318211,-0.00289973886092454,-0.0136));
#2947=CARTESIAN_POINT('',(0.0188137043666944,0.00199077136245543,-0.0136));
#2948=CARTESIAN_POINT('',(0.0199568595089841,0.00332663528975852,-0.0136));
#2949=CARTESIAN_POINT('',(0.0199568595089841,0.00332663528975852,-0.0136));
#2950=CARTESIAN_POINT('',(0.0188137043666944,0.00199077136245543,-0.0136));
#2951=CARTESIAN_POINT('',(0.0173508045724705,0.000281261435002636,-0.0136));
#2952=CARTESIAN_POINT('',(0.0173508045724705,0.000281261435002637,-0.0116));
#2953=CARTESIAN_POINT('',(0.0221146076213307,-0.0158382509804419,-0.0136));
#2954=CARTESIAN_POINT('',(0.0221146076213307,-0.0158382509804419,-0.0136));
#2955=CARTESIAN_POINT('',(0.0233146076213307,-0.0158382509804419,-0.0136));
#2956=CARTESIAN_POINT('',(0.0151810625061907,0.000821834617667102,-0.0136));
#2957=CARTESIAN_POINT('',(0.0159408446961697,0.000171656931345361,-0.0136));
#2958=CARTESIAN_POINT('',(0.0159408446961697,0.000171656931345361,-0.0136));
#2959=CARTESIAN_POINT('',(0.0151810625061907,0.000821834617667102,-0.0136));
#2960=CARTESIAN_POINT('',(0.0144212803162117,0.00147201230398884,-0.0136));
#2961=CARTESIAN_POINT('',(0.0144212803162117,0.00147201230398884,-0.0136));
#2962=CARTESIAN_POINT('',(0.00995809258166647,-0.00543540799929404,-0.0136));
#2963=CARTESIAN_POINT('',(0.00995809258166647,-0.00543540799929404,-0.0136));
#2964=CARTESIAN_POINT('',(0.0111580925816665,-0.00543540799929404,-0.0136));
#2965=CARTESIAN_POINT('',(0.00355220683915798,-0.000119523174787875,-0.0136));
#2966=CARTESIAN_POINT('',(-0.0066,-0.0136445686542679,-0.0136));
#2967=CARTESIAN_POINT('',(-0.0116,-0.0136445686542679,-0.0136));
#2968=CARTESIAN_POINT('',(-0.0116,-0.0086445686542679,-0.0136));
#2969=CARTESIAN_POINT('',(-0.0116,-0.0156445686542679,-0.0136));
#2970=CARTESIAN_POINT('',(-0.0146,-0.0156445686542679,-0.0136));
#2971=CARTESIAN_POINT('',(-0.0182001718574532,-0.0178847864642889,-0.0136));
#2972=CARTESIAN_POINT('',(-0.0210444217063675,-0.0203187311006315,-0.0136));
#2973=CARTESIAN_POINT('',(-0.022344777079011,-0.0187991667206735,-0.0136));
#2974=CARTESIAN_POINT('',(-0.023864341458969,-0.0200995220933169,-0.0136));
#2975=CARTESIAN_POINT('',(-0.023864341458969,-0.0200995220933169,-0.0136));
#2976=CARTESIAN_POINT('',(-0.0329668290674734,-0.00946257143361074,-0.0136));
#2977=CARTESIAN_POINT('',(-0.0113712757858563,0.00901765494267149,-0.0136));
#2978=CARTESIAN_POINT('',(-0.0288994938601515,-0.00960143939708781,-0.0136));
#2979=CARTESIAN_POINT('',(-0.0282493161738298,-0.0103612215870668,-0.0136));
#2980=CARTESIAN_POINT('',(-0.0274895339838508,-0.00971104390074509,-0.0136));
#2981=CARTESIAN_POINT('',(-0.0267297517938718,-0.00906086621442335,-0.0136));
#2982=CARTESIAN_POINT('',(-0.0273799294801935,-0.00830108402444434,-0.0136));
#2983=CARTESIAN_POINT('',(-0.0266201472902145,-0.0076509063381226,-0.0136));
#2984=CARTESIAN_POINT('',(-0.0280830470844384,-0.00594139641066981,-0.0136));
#2985=CARTESIAN_POINT('',(-0.0292902494441992,-0.00453068842738631,-0.0136));
#2986=CARTESIAN_POINT('',(-0.0285304672542202,-0.00388051074106457,-0.0136));
#2987=CARTESIAN_POINT('',(-0.0287256249318211,-0.00289973886092454,-0.0136));
#2988=CARTESIAN_POINT('',(-0.0306,0.00652,-0.0136));
#2989=CARTESIAN_POINT('',(-0.0216486459191725,0.00303890502515728,-0.0136));
#2990=CARTESIAN_POINT('',(-0.0207166416989631,0.00267645760343678,-0.0136));
#2991=CARTESIAN_POINT('',(-0.0199568595089841,0.00332663528975852,-0.0136));
#2992=CARTESIAN_POINT('',(-0.0188137043666944,0.00199077136245543,-0.0136));
#2993=CARTESIAN_POINT('',(-0.0173508045724705,0.000281261435002636,-0.0136));
#2994=CARTESIAN_POINT('',(-0.0165910223824915,0.000931439121324377,-0.0136));
#2995=CARTESIAN_POINT('',(-0.0159408446961697,0.000171656931345361,-0.0136));
#2996=CARTESIAN_POINT('',(-0.0151810625061907,0.000821834617667102,-0.0136));
#2997=CARTESIAN_POINT('',(-0.0144212803162117,0.00147201230398884,-0.0136));
#2998=CARTESIAN_POINT('',(-0.0150714580025334,0.00223179449396786,-0.0136));
#2999=CARTESIAN_POINT('',(-0.0127,0.01304,-0.0136));
#3000=CARTESIAN_POINT('',(0.0150714580025334,0.00223179449396786,-0.0136));
#3001=CARTESIAN_POINT('',(0.0165910223824915,0.000931439121324377,-0.0136));
#3002=CARTESIAN_POINT('',(0.0207166416989631,0.00267645760343678,-0.0136));
#3003=CARTESIAN_POINT('',(0.0285304672542202,-0.00388051074106457,-0.0136));
#3004=CARTESIAN_POINT('',(0.0273799294801935,-0.00830108402444434,-0.0136));
#3005=CARTESIAN_POINT('',(0.0288994938601515,-0.00960143939708781,-0.0136));
#3006=CARTESIAN_POINT('',(0.0113712757858563,0.00901765494267149,-0.0136));
#3007=CARTESIAN_POINT('',(0.0329668290674734,-0.00946257143361074,-0.0136));
#3008=CARTESIAN_POINT('',(0.023864341458969,-0.0200995220933169,-0.0136));
#3009=CARTESIAN_POINT('',(0.023864341458969,-0.0200995220933169,-0.0136));
#3010=CARTESIAN_POINT('',(0.022344777079011,-0.0187991667206735,-0.0136));
#3011=CARTESIAN_POINT('',(0.0210444217063675,-0.0203187311006315,-0.0136));
#3012=CARTESIAN_POINT('',(0.0182001718574532,-0.0178847864642889,-0.0136));
#3013=CARTESIAN_POINT('',(0.0146,-0.0156445686542679,-0.0136));
#3014=CARTESIAN_POINT('',(0.0116,-0.0156445686542679,-0.0136));
#3015=CARTESIAN_POINT('',(0.0116,-0.0086445686542679,-0.0136));
#3016=CARTESIAN_POINT('',(0.0116,-0.0136445686542679,-0.0136));
#3017=CARTESIAN_POINT('',(0.0066,-0.0136445686542679,-0.0136));
#3018=CARTESIAN_POINT('',(0.0127,0.01304,-0.0136));
#3019=CARTESIAN_POINT('',(0.01145,0.01304,-0.0136));
#3020=CARTESIAN_POINT('',(-0.0221146076213307,-0.0158382509804419,-0.0136));
#3021=CARTESIAN_POINT('',(-0.0233146076213307,-0.0158382509804419,-0.0136));
#3022=CARTESIAN_POINT('',(-0.00995809258166647,-0.00543540799929404,-0.0136));
#3023=CARTESIAN_POINT('',(-0.0111580925816665,-0.00543540799929404,-0.0136));
#3024=CARTESIAN_POINT('',(-0.0127,0.01304,-0.0136));
#3025=CARTESIAN_POINT('',(-0.01145,0.01304,-0.0136));
#3026=CARTESIAN_POINT('',(0.00228696365109621,0.00497961085475043,0.0043));
#3027=CARTESIAN_POINT('',(0.00228696365109621,0.00497961085475043,-0.0043));
#3028=CARTESIAN_POINT('',(0.00433370949217143,0.00737138939495251,-0.0043));
#3029=CARTESIAN_POINT('',(0.,0.00230711949156262,-0.0043));
#3030=CARTESIAN_POINT('',(0.00433370949217143,0.00737138939495251,0.0043));
#3031=CARTESIAN_POINT('',(0.00433370949217143,0.00737138939495251,0.0043));
#3032=CARTESIAN_POINT('',(0.00228696365109621,0.00497961085475043,0.0043));
#3033=CARTESIAN_POINT('',(8.67361737988404E-19,0.00230711949156262,0.0043));
#3034=CARTESIAN_POINT('',(-8.67361737988404E-19,0.00230711949156262,0.0043));
#3035=CARTESIAN_POINT('',(0.00176353970125581,-0.0066445686542679,0.0043));
#3036=CARTESIAN_POINT('',(0.00176353970125581,-0.0066445686542679,0.0043));
#3037=CARTESIAN_POINT('',(-0.00306665493048245,-0.0066445686542679,0.0043));
#3038=CARTESIAN_POINT('',(0.00306665493048245,-0.0066445686542679,0.0043));
#3039=CARTESIAN_POINT('',(0.00306665493048245,-0.0066445686542679,0.0043));
#3040=CARTESIAN_POINT('',(0.00306665493048245,-0.0066445686542679,-0.0043));
#3041=CARTESIAN_POINT('',(0.00176353970125581,-0.0066445686542679,-0.0043));
#3042=CARTESIAN_POINT('',(-0.00306665493048245,-0.0066445686542679,-0.0043));
#3043=CARTESIAN_POINT('',(-0.00306665493048245,-0.0066445686542679,0.0043));
#3044=CARTESIAN_POINT('',(0.00355220683915798,-0.000119523174787875,-0.0043));
#3045=CARTESIAN_POINT('',(0.00306665493048245,-0.0056445686542679,-0.0043));
#3046=CARTESIAN_POINT('',(0.0226636781615029,0.00673620118195327,-0.0043));
#3047=CARTESIAN_POINT('',(0.0195242066580229,0.0154879998955466,-0.0043));
#3048=CARTESIAN_POINT('',(0.0127,0.01304,-0.0043));
#3049=CARTESIAN_POINT('',(0.00698415360598275,0.0175,-0.0043));
#3050=CARTESIAN_POINT('',(0.00355220683915798,0.0175,-0.0043));
#3051=CARTESIAN_POINT('',(0.00357392730219241,0.00802156708127425,-0.0043));
#3052=CARTESIAN_POINT('',(-0.00228696365109621,0.00497961085475043,-0.0043));
#3053=CARTESIAN_POINT('',(-0.00433370949217143,0.00737138939495251,-0.0043));
#3054=CARTESIAN_POINT('',(-0.00357392730219241,0.00802156708127425,-0.0043));
#3055=CARTESIAN_POINT('',(-0.00355220683915798,0.0175,-0.0043));
#3056=CARTESIAN_POINT('',(-0.00698415360598275,0.0175,-0.0043));
#3057=CARTESIAN_POINT('',(-0.0127,0.01304,-0.0043));
#3058=CARTESIAN_POINT('',(-0.0195242066580229,0.0154879998955466,-0.0043));
#3059=CARTESIAN_POINT('',(-0.0226636781615029,0.00673620118195327,-0.0043));
#3060=CARTESIAN_POINT('',(-0.00306665493048245,-0.0056445686542679,-0.0043));
#3061=CARTESIAN_POINT('',(-0.0127,0.01304,-0.0043));
#3062=CARTESIAN_POINT('',(-0.01435,0.01304,-0.0043));
#3063=CARTESIAN_POINT('',(0.0207166416989631,0.00267645760343678,-0.0136));
#3064=CARTESIAN_POINT('',(0.0285304672542202,-0.00388051074106457,-0.0136));
#3065=CARTESIAN_POINT('',(0.0111887144731433,-0.0118847864642889,-0.0126));
#3066=CARTESIAN_POINT('',(0.0210444217063675,-0.0203187311006315,-0.0126));
#3067=CARTESIAN_POINT('',(0.022344777079011,-0.0187991667206735,-0.0126));
#3068=CARTESIAN_POINT('',(0.023864341458969,-0.0200995220933169,-0.0126));
#3069=CARTESIAN_POINT('',(0.0113712757858563,0.00901765494267149,-0.0126));
#3070=CARTESIAN_POINT('',(0.0329668290674734,-0.00946257143361074,-0.0126));
#3071=CARTESIAN_POINT('',(0.0326417402243125,-0.00984246252860025,-0.0126));
#3072=CARTESIAN_POINT('',(0.0329668290674734,-0.00946257143361074,-0.0126));
#3073=CARTESIAN_POINT('',(0.0329668290674734,-0.00946257143361074,-0.0126));
#3074=CARTESIAN_POINT('',(0.0165910223824915,0.000931439121324377,-0.0136));
#3075=CARTESIAN_POINT('',(0.0150714580025334,0.00223179449396786,-0.0136));
#3076=CARTESIAN_POINT('',(0.0273799294801935,-0.00830108402444434,-0.0136));
#3077=CARTESIAN_POINT('',(0.0288994938601515,-0.00960143939708781,-0.0116));
#3078=CARTESIAN_POINT('',(0.0226636781615029,0.00673620118195327,-0.0068));
#3079=CARTESIAN_POINT('',(0.0195242066580229,0.0154879998955466,-0.0068));
#3080=CARTESIAN_POINT('',(0.0127,0.01304,-0.0068));
#3081=CARTESIAN_POINT('',(0.00587205008805717,0.02,-0.0068));
#3082=CARTESIAN_POINT('',(0.00587205008805717,0.02,-0.00610695371092189));
#3083=CARTESIAN_POINT('',(0.00611570167827988,0.0193902955497514,-0.00477478152707018));
#3084=CARTESIAN_POINT('',(0.00668470094917802,0.0181137508288597,-0.0043));
#3085=CARTESIAN_POINT('',(0.00698415360598275,0.0175,-0.0043));
#3086=CARTESIAN_POINT('',(0.00228696365109621,0.0175,-0.0068));
#3087=CARTESIAN_POINT('',(0.0127,0.01304,-0.0086));
#3088=CARTESIAN_POINT('',(0.0127,0.01304,-0.00856568542494924));
#3089=CARTESIAN_POINT('',(0.01145,0.01304,-0.00856568542494924));
#3090=CARTESIAN_POINT('',(0.0127,0.01304,-0.008));
#3091=CARTESIAN_POINT('',(0.00306665493048245,-0.0056445686542679,0.0043));
#3092=CARTESIAN_POINT('',(0.00306665493048245,-0.0056445686542679,0.0043));
#3093=CARTESIAN_POINT('',(0.00357392730219241,0.00802156708127425,0.0043));
#3094=CARTESIAN_POINT('',(0.00357392730219241,0.00802156708127425,0.0043));
#3095=CARTESIAN_POINT('',(-0.0127,0.01304,0.0136));
#3096=CARTESIAN_POINT('',(-0.0127,0.01304,-0.008));
#3097=CARTESIAN_POINT('',(-0.01105,0.01304,-0.008));
#3098=CARTESIAN_POINT('',(-0.0127,0.01304,0.0136));
#3099=CARTESIAN_POINT('',(-0.0127,0.01304,-0.0068));
#3100=CARTESIAN_POINT('',(-0.0274895339838508,-0.00971104390074509,-0.0136));
#3101=CARTESIAN_POINT('',(-0.0282493161738298,-0.0103612215870668,-0.0136));
#3102=CARTESIAN_POINT('',(-0.0267297517938718,-0.00906086621442335,-0.0136));
#3103=CARTESIAN_POINT('',(-0.0280830470844384,-0.00594139641066981,-0.0136));
#3104=CARTESIAN_POINT('',(-0.0266201472902145,-0.0076509063381226,-0.0136));
#3105=CARTESIAN_POINT('',(-0.0292902494441992,-0.00453068842738632,-0.0116));
#3106=CARTESIAN_POINT('',(-0.0306,0.00652,-0.0136));
#3107=CARTESIAN_POINT('',(-0.0287256249318211,-0.00289973886092454,-0.0136));
#3108=CARTESIAN_POINT('',(-0.0216486459191725,0.00303890502515728,-0.0136));
#3109=CARTESIAN_POINT('',(-0.0188137043666944,0.00199077136245543,-0.0136));
#3110=CARTESIAN_POINT('',(-0.0173508045724705,0.000281261435002637,-0.0116));
#3111=CARTESIAN_POINT('',(-0.0199568595089841,0.00332663528975852,-0.0136));
#3112=CARTESIAN_POINT('',(-0.0221146076213307,-0.0158382509804419,-0.0136));
#3113=CARTESIAN_POINT('',(-0.0151810625061907,0.000821834617667102,-0.0136));
#3114=CARTESIAN_POINT('',(-0.0144212803162117,0.00147201230398884,-0.0136));
#3115=CARTESIAN_POINT('',(-0.0159408446961697,0.000171656931345361,-0.0136));
#3116=CARTESIAN_POINT('',(-0.00995809258166647,-0.00543540799929404,-0.0136));
#3117=CARTESIAN_POINT('',(-0.00228696365109621,0.00497961085475043,0.0043));
#3118=CARTESIAN_POINT('',(-0.00228696365109621,0.00497961085475043,0.0043));
#3119=CARTESIAN_POINT('',(-0.00433370949217143,0.00737138939495251,0.0043));
#3120=CARTESIAN_POINT('',(-0.00433370949217143,0.00737138939495251,0.0043));
#3121=CARTESIAN_POINT('',(-0.0207166416989631,0.00267645760343678,-0.0136));
#3122=CARTESIAN_POINT('',(-0.0285304672542202,-0.00388051074106457,-0.0136));
#3123=CARTESIAN_POINT('',(-0.0111887144731433,-0.0118847864642889,-0.0126));
#3124=CARTESIAN_POINT('',(-0.0210444217063675,-0.0203187311006315,-0.0126));
#3125=CARTESIAN_POINT('',(-0.022344777079011,-0.0187991667206735,-0.0126));
#3126=CARTESIAN_POINT('',(-0.023864341458969,-0.0200995220933169,-0.0126));
#3127=CARTESIAN_POINT('',(-0.0113712757858563,0.00901765494267149,-0.0126));
#3128=CARTESIAN_POINT('',(-0.0329668290674734,-0.00946257143361074,-0.0126));
#3129=CARTESIAN_POINT('',(-0.0326417402243125,-0.00984246252860025,-0.0126));
#3130=CARTESIAN_POINT('',(-0.0329668290674734,-0.00946257143361074,-0.0126));
#3131=CARTESIAN_POINT('',(-0.0329668290674734,-0.00946257143361074,-0.0126));
#3132=CARTESIAN_POINT('',(-0.0165910223824915,0.000931439121324377,-0.0136));
#3133=CARTESIAN_POINT('',(-0.0150714580025334,0.00223179449396786,-0.0136));
#3134=CARTESIAN_POINT('',(-0.0273799294801935,-0.00830108402444434,-0.0136));
#3135=CARTESIAN_POINT('',(-0.0288994938601515,-0.00960143939708781,-0.0116));
#3136=CARTESIAN_POINT('',(-0.0226636781615029,0.00673620118195327,-0.0068));
#3137=CARTESIAN_POINT('',(-0.0195242066580229,0.0154879998955466,-0.0068));
#3138=CARTESIAN_POINT('',(-0.0127,0.01304,-0.0068));
#3139=CARTESIAN_POINT('',(-0.00587205008805717,0.02,-0.0068));
#3140=CARTESIAN_POINT('',(-0.00587205008805717,0.02,-0.00610695371092189));
#3141=CARTESIAN_POINT('',(-0.00611570167827988,0.0193902955497514,-0.00477478152707018));
#3142=CARTESIAN_POINT('',(-0.00668470094917802,0.0181137508288597,-0.0043));
#3143=CARTESIAN_POINT('',(-0.00698415360598275,0.0175,-0.0043));
#3144=CARTESIAN_POINT('',(-0.00228696365109621,0.0175,-0.0068));
#3145=CARTESIAN_POINT('',(-0.0127,0.01304,-0.0086));
#3146=CARTESIAN_POINT('',(-0.0127,0.01304,-0.00856568542494924));
#3147=CARTESIAN_POINT('',(-0.01145,0.01304,-0.00856568542494924));
#3148=CARTESIAN_POINT('',(-0.0127,0.01304,-0.008));
#3149=CARTESIAN_POINT('',(-0.00306665493048245,-0.0056445686542679,0.0043));
#3150=CARTESIAN_POINT('',(-0.00306665493048245,-0.0056445686542679,0.0043));
#3151=CARTESIAN_POINT('',(-0.00357392730219241,0.00802156708127425,0.0043));
#3152=CARTESIAN_POINT('',(-0.00357392730219241,0.00802156708127425,0.0043));
#3153=CARTESIAN_POINT('',(0.0116,-0.0086445686542679,-0.0126));
#3154=CARTESIAN_POINT('',(0.0116,-0.0136445686542679,-0.0116));
#3155=CARTESIAN_POINT('',(0.0116,-0.0156445686542679,-0.0126));
#3156=CARTESIAN_POINT('',(-0.0116,-0.0086445686542679,-0.0126));
#3157=CARTESIAN_POINT('',(-0.0116,-0.0136445686542679,-0.0116));
#3158=CARTESIAN_POINT('',(-0.0116,-0.0156445686542679,-0.0136));
#3159=CARTESIAN_POINT('',(0.0146,-0.0156445686542679,-0.0126));
#3160=CARTESIAN_POINT('',(-0.0146,-0.0156445686542679,0.0136));
#3161=CARTESIAN_POINT('',(0.0066,-0.0136445686542679,-0.0116));
#3162=CARTESIAN_POINT('',(-0.0066,-0.0136445686542679,-0.0116));
#3163=CARTESIAN_POINT('',(0.00355220683915798,-0.000119523174787875,0.0043));
#3164=CARTESIAN_POINT('',(0.00355220683915798,-0.000119523174787875,0.0043));
#3165=MECHANICAL_DESIGN_GEOMETRIC_PRESENTATION_REPRESENTATION('',(#1842),
#3166);
#3166=(
GEOMETRIC_REPRESENTATION_CONTEXT(3)
GLOBAL_UNCERTAINTY_ASSIGNED_CONTEXT((#3167))
GLOBAL_UNIT_ASSIGNED_CONTEXT((#3170,#3169,#3168))
REPRESENTATION_CONTEXT('palm_down','TOP_LEVEL_ASSEMBLY_PART')
);
#3167=UNCERTAINTY_MEASURE_WITH_UNIT(LENGTH_MEASURE(2.E-5),#3170,
'DISTANCE_ACCURACY_VALUE','Maximum Tolerance applied to model');
#3168=(
NAMED_UNIT(*)
SI_UNIT($,.STERADIAN.)
SOLID_ANGLE_UNIT()
);
#3169=(
NAMED_UNIT(*)
PLANE_ANGLE_UNIT()
SI_UNIT($,.RADIAN.)
);
#3170=(
LENGTH_UNIT()
NAMED_UNIT(*)
SI_UNIT($,.METRE.)
);
#3171=PRODUCT_DEFINITION_SHAPE('','',#3172);
#3172=PRODUCT_DEFINITION('','',#3174,#3173);
#3173=PRODUCT_DEFINITION_CONTEXT('',#3180,'design');
#3174=PRODUCT_DEFINITION_FORMATION_WITH_SPECIFIED_SOURCE('','',#3176,
 .NOT_KNOWN.);
#3175=PRODUCT_RELATED_PRODUCT_CATEGORY('','',(#3176));
#3176=PRODUCT('palm_down','palm_down','palm_down',(#3178));
#3177=PRODUCT_CATEGORY('','');
#3178=PRODUCT_CONTEXT('',#3180,'mechanical');
#3179=APPLICATION_PROTOCOL_DEFINITION('international standard',
'ap242_managed_model_based_3d_engineering',2020,#3180);
#3180=APPLICATION_CONTEXT('managed model based 3d engineering');
ENDSEC;
END-ISO-10303-21;
