ISO-10303-21;
HEADER;
/* Generated by software containing ST-Developer
 * from STEP Tools, Inc. (www.steptools.com) 
 */
/* OPTION: using custom renumber hook */

FILE_DESCRIPTION(
/* description */ ('STEP AP242 Edition 2',
'CAx-IF Rec.Pracs.---Representation and Presentation of Product Manufa
cturing Information (PMI)---4.0---2014-10-13',
'CAx-IF Rec.Pracs.---3D Tessellated Geometry---0.4---2014-09-14','2;1',
'CAx-IF Rec.Pracs.---User Defined Attributes---1.5---2016-08-15'),
/* implementation_level */ '2;1');

FILE_NAME(
/* name */ 'gripper - servo_output_adapter',
/* time_stamp */ '2026-02-08T09:29:50Z',
/* author */ (''),
/* organization */ (''),
/* preprocessor_version */ 'ST-DEVELOPER v20',
/* originating_system */ 'ONSHAPE BY PTC INC, 1.210',
/* authorisation */ '  ');

FILE_SCHEMA (('AP242_MANAGED_MODEL_BASED_3D_ENGINEERING_MIM_LF { 1 0 10303 442 3 1 4 }'));
ENDSEC;

DATA;
#10=SHAPE_REPRESENTATION_RELATIONSHIP('','',#1165,#11);
#11=ADVANCED_BREP_SHAPE_REPRESENTATION('',(#1163),#2131);
#12=DEGENERATE_TOROIDAL_SURFACE('',#1307,0.000200000000000003,0.001,.T.);
#13=DEGENERATE_TOROIDAL_SURFACE('',#1318,0.000200000000000003,0.001,.T.);
#14=(
BOUNDED_SURFACE()
B_SPLINE_SURFACE(3,2,((#2056,#2057,#2058),(#2059,#2060,#2061),(#2062,#2063,
#2064),(#2065,#2066,#2067)),.UNSPECIFIED.,.F.,.F.,.F.)
B_SPLINE_SURFACE_WITH_KNOTS((4,4),(3,3),(-4.55364912443912E-18,0.00260893335370605),
(0.,1.),.PIECEWISE_BEZIER_KNOTS.)
GEOMETRIC_REPRESENTATION_ITEM()
RATIONAL_B_SPLINE_SURFACE(((1.,0.585935554134037,1.),(1.,0.60557526686887,
1.),(1.,0.627536879750511,1.),(1.,0.627536880196243,1.)))
REPRESENTATION_ITEM('')
SURFACE()
);
#15=(
BOUNDED_SURFACE()
B_SPLINE_SURFACE(3,2,((#2069,#2070,#2071),(#2072,#2073,#2074),(#2075,#2076,
#2077),(#2078,#2079,#2080),(#2081,#2082,#2083)),.UNSPECIFIED.,.F.,.F.,.F.)
B_SPLINE_SURFACE_WITH_KNOTS((4,1,4),(3,3),(0.00262137213115138,0.00493805756988189,
0.00725474300861241),(0.,1.),.UNSPECIFIED.)
GEOMETRIC_REPRESENTATION_ITEM()
RATIONAL_B_SPLINE_SURFACE(((1.,0.585935554134034,1.),(1.,0.604006135445041,
1.),(1.,0.648500149814873,1.),(1.,0.689166734792744,1.),(1.,0.707106781186546,
1.)))
REPRESENTATION_ITEM('')
SURFACE()
);
#16=(
BOUNDED_SURFACE()
B_SPLINE_SURFACE(3,2,((#2094,#2095,#2096),(#2097,#2098,#2099),(#2100,#2101,
#2102),(#2103,#2104,#2105)),.UNSPECIFIED.,.F.,.F.,.F.)
B_SPLINE_SURFACE_WITH_KNOTS((4,4),(3,3),(5.63785129692462E-18,0.00261021565756659),
(0.,1.),.PIECEWISE_BEZIER_KNOTS.)
GEOMETRIC_REPRESENTATION_ITEM()
RATIONAL_B_SPLINE_SURFACE(((1.,0.627536880196243,1.),(1.,0.627536879672624,
1.),(1.,0.605569343184549,1.),(1.,0.585935554134041,1.)))
REPRESENTATION_ITEM('')
SURFACE()
);
#17=(
BOUNDED_SURFACE()
B_SPLINE_SURFACE(3,2,((#2107,#2108,#2109),(#2110,#2111,#2112),(#2113,#2114,
#2115),(#2116,#2117,#2118),(#2119,#2120,#2121)),.UNSPECIFIED.,.F.,.F.,.F.)
B_SPLINE_SURFACE_WITH_KNOTS((4,1,4),(3,3),(-5.63785129692462E-18,0.00232085373627379,
0.00464170747254758),(0.,1.),.UNSPECIFIED.)
GEOMETRIC_REPRESENTATION_ITEM()
RATIONAL_B_SPLINE_SURFACE(((1.,0.707106781186546,1.),(1.,0.68911635853474,
1.),(1.,0.648403941287211,1.),(1.,0.603978445418462,1.),(1.,0.58593555413403,
1.)))
REPRESENTATION_ITEM('')
SURFACE()
);
#18=TOROIDAL_SURFACE('',#1293,0.0207,0.0035);
#19=TOROIDAL_SURFACE('',#1294,0.0207,0.0035);
#20=TOROIDAL_SURFACE('',#1299,0.0112,0.003);
#21=TOROIDAL_SURFACE('',#1300,0.0112,0.003);
#22=TOROIDAL_SURFACE('',#1311,0.0042,0.001);
#23=TOROIDAL_SURFACE('',#1322,0.0042,0.001);
#24=B_SPLINE_CURVE_WITH_KNOTS('',3,(#1745,#1746,#1747,#1748,#1749),
 .UNSPECIFIED.,.F.,.F.,(4,1,4),(0.,0.00246676710814303,0.00493353421628606),
 .UNSPECIFIED.);
#25=B_SPLINE_CURVE_WITH_KNOTS('',3,(#1750,#1751,#1752,#1753,#1754),
 .UNSPECIFIED.,.F.,.F.,(4,1,4),(0.,0.00246697449291001,0.00493394898582003),
 .UNSPECIFIED.);
#26=B_SPLINE_CURVE_WITH_KNOTS('',3,(#1763,#1764,#1765,#1766,#1767),
 .UNSPECIFIED.,.F.,.F.,(4,1,4),(0.,0.00242996538773907,0.00485993077547815),
 .UNSPECIFIED.);
#27=B_SPLINE_CURVE_WITH_KNOTS('',3,(#1768,#1769,#1770,#1771,#1772),
 .UNSPECIFIED.,.F.,.F.,(4,1,4),(0.,0.00243001735165527,0.00486003470331054),
 .UNSPECIFIED.);
#28=B_SPLINE_CURVE_WITH_KNOTS('',3,(#1779,#1780,#1781,#1782,#1783),
 .UNSPECIFIED.,.F.,.F.,(4,1,4),(0.,0.00277333915864205,0.0055466783172841),
 .UNSPECIFIED.);
#29=B_SPLINE_CURVE_WITH_KNOTS('',3,(#1791,#1792,#1793,#1794,#1795),
 .UNSPECIFIED.,.F.,.F.,(4,1,4),(0.,0.00277339253133313,0.00554678506266626),
 .UNSPECIFIED.);
#30=B_SPLINE_CURVE_WITH_KNOTS('',3,(#1841,#1842,#1843,#1844),
 .UNSPECIFIED.,.F.,.F.,(4,4),(1.86835436258807E-17,0.0025500999554147),
 .UNSPECIFIED.);
#31=B_SPLINE_CURVE_WITH_KNOTS('',3,(#1851,#1852,#1853,#1854),
 .UNSPECIFIED.,.F.,.F.,(4,4),(0.,0.00255239848239976),.UNSPECIFIED.);
#32=B_SPLINE_CURVE_WITH_KNOTS('',3,(#1861,#1862,#1863,#1864),
 .UNSPECIFIED.,.F.,.F.,(4,4),(0.,0.00465307614278779),.UNSPECIFIED.);
#33=B_SPLINE_CURVE_WITH_KNOTS('',3,(#1865,#1866,#1867,#1868),
 .UNSPECIFIED.,.F.,.F.,(4,4),(0.00264723623145885,0.0073484718276784),
 .UNSPECIFIED.);
#34=B_SPLINE_CURVE_WITH_KNOTS('',3,(#1956,#1957,#1958,#1959,#1960,#1961,
#1962),.UNSPECIFIED.,.F.,.F.,(4,1,1,1,4),(0.,0.000539444792276551,0.0010788895845531,
0.00161833437682965,0.0021577791691062),.UNSPECIFIED.);
#35=B_SPLINE_CURVE_WITH_KNOTS('',3,(#1963,#1964,#1965,#1966,#1967,#1968,
#1969),.UNSPECIFIED.,.F.,.F.,(4,1,1,1,4),(0.,0.000544232837376015,0.00108846567475203,
0.00163269851212804,0.00217693134950406),.UNSPECIFIED.);
#36=B_SPLINE_CURVE_WITH_KNOTS('',3,(#1987,#1988,#1989,#1990),
 .UNSPECIFIED.,.F.,.F.,(4,4),(0.,0.0014779462224056),.UNSPECIFIED.);
#37=B_SPLINE_CURVE_WITH_KNOTS('',3,(#1994,#1995,#1996,#1997),
 .UNSPECIFIED.,.F.,.F.,(4,4),(0.,0.00147794622240559),.UNSPECIFIED.);
#38=B_SPLINE_CURVE_WITH_KNOTS('',3,(#2029,#2030,#2031,#2032),
 .UNSPECIFIED.,.F.,.F.,(4,4),(0.,0.00204898235107738),.UNSPECIFIED.);
#39=B_SPLINE_CURVE_WITH_KNOTS('',3,(#2034,#2035,#2036,#2037),
 .UNSPECIFIED.,.F.,.F.,(4,4),(0.00205217702972588,0.00576198135645189),
 .UNSPECIFIED.);
#40=B_SPLINE_CURVE_WITH_KNOTS('',3,(#2039,#2040,#2041,#2042),
 .UNSPECIFIED.,.F.,.F.,(4,4),(0.,0.00372206560919494),.UNSPECIFIED.);
#41=B_SPLINE_CURVE_WITH_KNOTS('',3,(#2044,#2045,#2046,#2047),
 .UNSPECIFIED.,.F.,.F.,(4,4),(0.,0.00204653230296131),.UNSPECIFIED.);
#42=PLANE('',#1188);
#43=PLANE('',#1189);
#44=PLANE('',#1193);
#45=PLANE('',#1197);
#46=PLANE('',#1208);
#47=PLANE('',#1211);
#48=PLANE('',#1214);
#49=PLANE('',#1217);
#50=PLANE('',#1220);
#51=PLANE('',#1224);
#52=PLANE('',#1250);
#53=PLANE('',#1256);
#54=PLANE('',#1259);
#55=PLANE('',#1262);
#56=PLANE('',#1265);
#57=PLANE('',#1269);
#58=PLANE('',#1279);
#59=PLANE('',#1283);
#60=PLANE('',#1288);
#61=LINE('',#1686,#105);
#62=LINE('',#1690,#106);
#63=LINE('',#1692,#107);
#64=LINE('',#1697,#108);
#65=LINE('',#1724,#109);
#66=LINE('',#1728,#110);
#67=LINE('',#1730,#111);
#68=LINE('',#1733,#112);
#69=LINE('',#1735,#113);
#70=LINE('',#1737,#114);
#71=LINE('',#1739,#115);
#72=LINE('',#1741,#116);
#73=LINE('',#1743,#117);
#74=LINE('',#1756,#118);
#75=LINE('',#1759,#119);
#76=LINE('',#1761,#120);
#77=LINE('',#1774,#121);
#78=LINE('',#1776,#122);
#79=LINE('',#1778,#123);
#80=LINE('',#1785,#124);
#81=LINE('',#1787,#125);
#82=LINE('',#1789,#126);
#83=LINE('',#1797,#127);
#84=LINE('',#1838,#128);
#85=LINE('',#1846,#129);
#86=LINE('',#1849,#130);
#87=LINE('',#1856,#131);
#88=LINE('',#1859,#132);
#89=LINE('',#1870,#133);
#90=LINE('',#1874,#134);
#91=LINE('',#1895,#135);
#92=LINE('',#1899,#136);
#93=LINE('',#1944,#137);
#94=LINE('',#1949,#138);
#95=LINE('',#1953,#139);
#96=LINE('',#1971,#140);
#97=LINE('',#1973,#141);
#98=LINE('',#1978,#142);
#99=LINE('',#1999,#143);
#100=LINE('',#2000,#144);
#101=LINE('',#2009,#145);
#102=LINE('',#2013,#146);
#103=LINE('',#2018,#147);
#104=LINE('',#2025,#148);
#105=VECTOR('',#1329,1.);
#106=VECTOR('',#1332,1.);
#107=VECTOR('',#1335,1.);
#108=VECTOR('',#1338,1.);
#109=VECTOR('',#1369,1.);
#110=VECTOR('',#1372,1.);
#111=VECTOR('',#1375,1.);
#112=VECTOR('',#1376,1.);
#113=VECTOR('',#1377,1.);
#114=VECTOR('',#1378,1.);
#115=VECTOR('',#1379,1.);
#116=VECTOR('',#1380,1.);
#117=VECTOR('',#1381,1.);
#118=VECTOR('',#1384,1.);
#119=VECTOR('',#1385,1.);
#120=VECTOR('',#1386,1.);
#121=VECTOR('',#1387,1.);
#122=VECTOR('',#1388,1.);
#123=VECTOR('',#1389,1.);
#124=VECTOR('',#1390,1.);
#125=VECTOR('',#1391,1.);
#126=VECTOR('',#1392,1.);
#127=VECTOR('',#1393,1.);
#128=VECTOR('',#1452,1.);
#129=VECTOR('',#1453,1.);
#130=VECTOR('',#1456,1.);
#131=VECTOR('',#1459,1.);
#132=VECTOR('',#1460,1.);
#133=VECTOR('',#1461,1.);
#134=VECTOR('',#1466,1.);
#135=VECTOR('',#1491,1.);
#136=VECTOR('',#1494,1.);
#137=VECTOR('',#1557,1.);
#138=VECTOR('',#1560,1.);
#139=VECTOR('',#1565,1.);
#140=VECTOR('',#1566,1.);
#141=VECTOR('',#1567,1.);
#142=VECTOR('',#1576,1.);
#143=VECTOR('',#1589,1.);
#144=VECTOR('',#1590,1.);
#145=VECTOR('',#1601,1.);
#146=VECTOR('',#1604,1.);
#147=VECTOR('',#1611,1.);
#148=VECTOR('',#1618,1.);
#149=ORIENTED_EDGE('',*,*,#453,.F.);
#150=ORIENTED_EDGE('',*,*,#454,.T.);
#151=ORIENTED_EDGE('',*,*,#455,.T.);
#152=ORIENTED_EDGE('',*,*,#456,.T.);
#153=ORIENTED_EDGE('',*,*,#457,.F.);
#154=ORIENTED_EDGE('',*,*,#458,.T.);
#155=ORIENTED_EDGE('',*,*,#459,.T.);
#156=ORIENTED_EDGE('',*,*,#460,.T.);
#157=ORIENTED_EDGE('',*,*,#461,.F.);
#158=ORIENTED_EDGE('',*,*,#462,.T.);
#159=ORIENTED_EDGE('',*,*,#463,.F.);
#160=ORIENTED_EDGE('',*,*,#464,.T.);
#161=ORIENTED_EDGE('',*,*,#465,.F.);
#162=ORIENTED_EDGE('',*,*,#466,.T.);
#163=ORIENTED_EDGE('',*,*,#467,.F.);
#164=ORIENTED_EDGE('',*,*,#468,.T.);
#165=ORIENTED_EDGE('',*,*,#469,.F.);
#166=ORIENTED_EDGE('',*,*,#470,.T.);
#167=ORIENTED_EDGE('',*,*,#471,.T.);
#168=ORIENTED_EDGE('',*,*,#472,.T.);
#169=ORIENTED_EDGE('',*,*,#473,.F.);
#170=ORIENTED_EDGE('',*,*,#474,.T.);
#171=ORIENTED_EDGE('',*,*,#475,.T.);
#172=ORIENTED_EDGE('',*,*,#476,.T.);
#173=ORIENTED_EDGE('',*,*,#477,.F.);
#174=ORIENTED_EDGE('',*,*,#478,.T.);
#175=ORIENTED_EDGE('',*,*,#479,.T.);
#176=ORIENTED_EDGE('',*,*,#480,.T.);
#177=ORIENTED_EDGE('',*,*,#459,.F.);
#178=ORIENTED_EDGE('',*,*,#481,.T.);
#179=ORIENTED_EDGE('',*,*,#482,.T.);
#180=ORIENTED_EDGE('',*,*,#483,.T.);
#181=ORIENTED_EDGE('',*,*,#484,.F.);
#182=ORIENTED_EDGE('',*,*,#485,.T.);
#183=ORIENTED_EDGE('',*,*,#457,.T.);
#184=ORIENTED_EDGE('',*,*,#486,.T.);
#185=ORIENTED_EDGE('',*,*,#487,.T.);
#186=ORIENTED_EDGE('',*,*,#488,.T.);
#187=ORIENTED_EDGE('',*,*,#489,.F.);
#188=ORIENTED_EDGE('',*,*,#456,.F.);
#189=ORIENTED_EDGE('',*,*,#490,.T.);
#190=ORIENTED_EDGE('',*,*,#491,.F.);
#191=ORIENTED_EDGE('',*,*,#492,.F.);
#192=ORIENTED_EDGE('',*,*,#493,.T.);
#193=ORIENTED_EDGE('',*,*,#494,.T.);
#194=ORIENTED_EDGE('',*,*,#495,.F.);
#195=ORIENTED_EDGE('',*,*,#496,.F.);
#196=ORIENTED_EDGE('',*,*,#497,.T.);
#197=ORIENTED_EDGE('',*,*,#496,.T.);
#198=ORIENTED_EDGE('',*,*,#487,.F.);
#199=ORIENTED_EDGE('',*,*,#498,.T.);
#200=ORIENTED_EDGE('',*,*,#479,.F.);
#201=ORIENTED_EDGE('',*,*,#499,.T.);
#202=ORIENTED_EDGE('',*,*,#471,.F.);
#203=ORIENTED_EDGE('',*,*,#500,.T.);
#204=ORIENTED_EDGE('',*,*,#465,.T.);
#205=ORIENTED_EDGE('',*,*,#463,.T.);
#206=ORIENTED_EDGE('',*,*,#461,.T.);
#207=ORIENTED_EDGE('',*,*,#467,.T.);
#208=ORIENTED_EDGE('',*,*,#501,.F.);
#209=ORIENTED_EDGE('',*,*,#502,.F.);
#210=ORIENTED_EDGE('',*,*,#503,.F.);
#211=ORIENTED_EDGE('',*,*,#504,.F.);
#212=ORIENTED_EDGE('',*,*,#497,.F.);
#213=ORIENTED_EDGE('',*,*,#505,.F.);
#214=ORIENTED_EDGE('',*,*,#506,.T.);
#215=ORIENTED_EDGE('',*,*,#453,.T.);
#216=ORIENTED_EDGE('',*,*,#489,.T.);
#217=ORIENTED_EDGE('',*,*,#507,.T.);
#218=ORIENTED_EDGE('',*,*,#469,.T.);
#219=ORIENTED_EDGE('',*,*,#508,.T.);
#220=ORIENTED_EDGE('',*,*,#477,.T.);
#221=ORIENTED_EDGE('',*,*,#509,.F.);
#222=ORIENTED_EDGE('',*,*,#504,.T.);
#223=ORIENTED_EDGE('',*,*,#464,.F.);
#224=ORIENTED_EDGE('',*,*,#509,.T.);
#225=ORIENTED_EDGE('',*,*,#510,.F.);
#226=ORIENTED_EDGE('',*,*,#503,.T.);
#227=ORIENTED_EDGE('',*,*,#462,.F.);
#228=ORIENTED_EDGE('',*,*,#510,.T.);
#229=ORIENTED_EDGE('',*,*,#511,.F.);
#230=ORIENTED_EDGE('',*,*,#502,.T.);
#231=ORIENTED_EDGE('',*,*,#466,.F.);
#232=ORIENTED_EDGE('',*,*,#511,.T.);
#233=ORIENTED_EDGE('',*,*,#512,.F.);
#234=ORIENTED_EDGE('',*,*,#501,.T.);
#235=ORIENTED_EDGE('',*,*,#512,.T.);
#236=ORIENTED_EDGE('',*,*,#468,.F.);
#237=ORIENTED_EDGE('',*,*,#513,.T.);
#238=ORIENTED_EDGE('',*,*,#514,.T.);
#239=ORIENTED_EDGE('',*,*,#515,.T.);
#240=ORIENTED_EDGE('',*,*,#505,.T.);
#241=ORIENTED_EDGE('',*,*,#476,.F.);
#242=ORIENTED_EDGE('',*,*,#516,.F.);
#243=ORIENTED_EDGE('',*,*,#517,.T.);
#244=ORIENTED_EDGE('',*,*,#518,.T.);
#245=ORIENTED_EDGE('',*,*,#519,.T.);
#246=ORIENTED_EDGE('',*,*,#520,.T.);
#247=ORIENTED_EDGE('',*,*,#521,.T.);
#248=ORIENTED_EDGE('',*,*,#513,.F.);
#249=ORIENTED_EDGE('',*,*,#522,.T.);
#250=ORIENTED_EDGE('',*,*,#523,.T.);
#251=ORIENTED_EDGE('',*,*,#524,.T.);
#252=ORIENTED_EDGE('',*,*,#525,.T.);
#253=ORIENTED_EDGE('',*,*,#526,.T.);
#254=ORIENTED_EDGE('',*,*,#495,.T.);
#255=ORIENTED_EDGE('',*,*,#527,.F.);
#256=ORIENTED_EDGE('',*,*,#528,.F.);
#257=ORIENTED_EDGE('',*,*,#529,.F.);
#258=ORIENTED_EDGE('',*,*,#530,.F.);
#259=ORIENTED_EDGE('',*,*,#526,.F.);
#260=ORIENTED_EDGE('',*,*,#531,.T.);
#261=ORIENTED_EDGE('',*,*,#516,.T.);
#262=ORIENTED_EDGE('',*,*,#475,.F.);
#263=ORIENTED_EDGE('',*,*,#532,.T.);
#264=ORIENTED_EDGE('',*,*,#533,.F.);
#265=ORIENTED_EDGE('',*,*,#534,.T.);
#266=ORIENTED_EDGE('',*,*,#482,.F.);
#267=ORIENTED_EDGE('',*,*,#535,.T.);
#268=ORIENTED_EDGE('',*,*,#533,.T.);
#269=ORIENTED_EDGE('',*,*,#536,.T.);
#270=ORIENTED_EDGE('',*,*,#537,.F.);
#271=ORIENTED_EDGE('',*,*,#538,.T.);
#272=ORIENTED_EDGE('',*,*,#539,.F.);
#273=ORIENTED_EDGE('',*,*,#540,.T.);
#274=ORIENTED_EDGE('',*,*,#541,.F.);
#275=ORIENTED_EDGE('',*,*,#542,.T.);
#276=ORIENTED_EDGE('',*,*,#543,.F.);
#277=ORIENTED_EDGE('',*,*,#544,.T.);
#278=ORIENTED_EDGE('',*,*,#535,.F.);
#279=ORIENTED_EDGE('',*,*,#545,.T.);
#280=ORIENTED_EDGE('',*,*,#546,.F.);
#281=ORIENTED_EDGE('',*,*,#547,.T.);
#282=ORIENTED_EDGE('',*,*,#545,.F.);
#283=ORIENTED_EDGE('',*,*,#473,.T.);
#284=ORIENTED_EDGE('',*,*,#548,.T.);
#285=ORIENTED_EDGE('',*,*,#484,.T.);
#286=ORIENTED_EDGE('',*,*,#549,.T.);
#287=ORIENTED_EDGE('',*,*,#537,.T.);
#288=ORIENTED_EDGE('',*,*,#550,.T.);
#289=ORIENTED_EDGE('',*,*,#544,.F.);
#290=ORIENTED_EDGE('',*,*,#542,.F.);
#291=ORIENTED_EDGE('',*,*,#540,.F.);
#292=ORIENTED_EDGE('',*,*,#547,.F.);
#293=ORIENTED_EDGE('',*,*,#551,.T.);
#294=ORIENTED_EDGE('',*,*,#527,.T.);
#295=ORIENTED_EDGE('',*,*,#551,.F.);
#296=ORIENTED_EDGE('',*,*,#546,.T.);
#297=ORIENTED_EDGE('',*,*,#552,.T.);
#298=ORIENTED_EDGE('',*,*,#528,.T.);
#299=ORIENTED_EDGE('',*,*,#543,.T.);
#300=ORIENTED_EDGE('',*,*,#552,.F.);
#301=ORIENTED_EDGE('',*,*,#553,.T.);
#302=ORIENTED_EDGE('',*,*,#529,.T.);
#303=ORIENTED_EDGE('',*,*,#541,.T.);
#304=ORIENTED_EDGE('',*,*,#553,.F.);
#305=ORIENTED_EDGE('',*,*,#554,.T.);
#306=ORIENTED_EDGE('',*,*,#530,.T.);
#307=ORIENTED_EDGE('',*,*,#539,.T.);
#308=ORIENTED_EDGE('',*,*,#554,.F.);
#309=ORIENTED_EDGE('',*,*,#555,.T.);
#310=ORIENTED_EDGE('',*,*,#556,.T.);
#311=ORIENTED_EDGE('',*,*,#557,.F.);
#312=ORIENTED_EDGE('',*,*,#558,.T.);
#313=ORIENTED_EDGE('',*,*,#559,.F.);
#314=ORIENTED_EDGE('',*,*,#560,.T.);
#315=ORIENTED_EDGE('',*,*,#555,.F.);
#316=ORIENTED_EDGE('',*,*,#561,.T.);
#317=ORIENTED_EDGE('',*,*,#562,.T.);
#318=ORIENTED_EDGE('',*,*,#563,.T.);
#319=ORIENTED_EDGE('',*,*,#564,.F.);
#320=ORIENTED_EDGE('',*,*,#563,.F.);
#321=ORIENTED_EDGE('',*,*,#565,.T.);
#322=ORIENTED_EDGE('',*,*,#492,.T.);
#323=ORIENTED_EDGE('',*,*,#566,.T.);
#324=ORIENTED_EDGE('',*,*,#567,.T.);
#325=ORIENTED_EDGE('',*,*,#519,.F.);
#326=ORIENTED_EDGE('',*,*,#568,.T.);
#327=ORIENTED_EDGE('',*,*,#569,.F.);
#328=ORIENTED_EDGE('',*,*,#570,.T.);
#329=ORIENTED_EDGE('',*,*,#571,.T.);
#330=ORIENTED_EDGE('',*,*,#572,.T.);
#331=ORIENTED_EDGE('',*,*,#557,.T.);
#332=ORIENTED_EDGE('',*,*,#573,.T.);
#333=ORIENTED_EDGE('',*,*,#566,.F.);
#334=ORIENTED_EDGE('',*,*,#574,.T.);
#335=ORIENTED_EDGE('',*,*,#575,.F.);
#336=ORIENTED_EDGE('',*,*,#576,.T.);
#337=ORIENTED_EDGE('',*,*,#562,.F.);
#338=ORIENTED_EDGE('',*,*,#577,.T.);
#339=ORIENTED_EDGE('',*,*,#578,.T.);
#340=ORIENTED_EDGE('',*,*,#579,.T.);
#341=ORIENTED_EDGE('',*,*,#580,.T.);
#342=ORIENTED_EDGE('',*,*,#581,.T.);
#343=ORIENTED_EDGE('',*,*,#569,.T.);
#344=ORIENTED_EDGE('',*,*,#582,.T.);
#345=ORIENTED_EDGE('',*,*,#493,.F.);
#346=ORIENTED_EDGE('',*,*,#565,.F.);
#347=ORIENTED_EDGE('',*,*,#575,.T.);
#348=ORIENTED_EDGE('',*,*,#583,.T.);
#349=ORIENTED_EDGE('',*,*,#584,.T.);
#350=ORIENTED_EDGE('',*,*,#559,.T.);
#351=ORIENTED_EDGE('',*,*,#564,.T.);
#352=ORIENTED_EDGE('',*,*,#491,.T.);
#353=ORIENTED_EDGE('',*,*,#585,.T.);
#354=ORIENTED_EDGE('',*,*,#571,.F.);
#355=ORIENTED_EDGE('',*,*,#586,.T.);
#356=ORIENTED_EDGE('',*,*,#587,.T.);
#357=ORIENTED_EDGE('',*,*,#588,.T.);
#358=ORIENTED_EDGE('',*,*,#576,.F.);
#359=ORIENTED_EDGE('',*,*,#455,.F.);
#360=ORIENTED_EDGE('',*,*,#589,.T.);
#361=ORIENTED_EDGE('',*,*,#590,.T.);
#362=ORIENTED_EDGE('',*,*,#586,.F.);
#363=ORIENTED_EDGE('',*,*,#572,.F.);
#364=ORIENTED_EDGE('',*,*,#585,.F.);
#365=ORIENTED_EDGE('',*,*,#490,.F.);
#366=ORIENTED_EDGE('',*,*,#581,.F.);
#367=ORIENTED_EDGE('',*,*,#591,.T.);
#368=ORIENTED_EDGE('',*,*,#592,.T.);
#369=ORIENTED_EDGE('',*,*,#524,.F.);
#370=ORIENTED_EDGE('',*,*,#494,.F.);
#371=ORIENTED_EDGE('',*,*,#582,.F.);
#372=ORIENTED_EDGE('',*,*,#570,.F.);
#373=ORIENTED_EDGE('',*,*,#532,.F.);
#374=ORIENTED_EDGE('',*,*,#474,.F.);
#375=ORIENTED_EDGE('',*,*,#550,.F.);
#376=ORIENTED_EDGE('',*,*,#536,.F.);
#377=ORIENTED_EDGE('',*,*,#534,.F.);
#378=ORIENTED_EDGE('',*,*,#538,.F.);
#379=ORIENTED_EDGE('',*,*,#549,.F.);
#380=ORIENTED_EDGE('',*,*,#483,.F.);
#381=ORIENTED_EDGE('',*,*,#500,.F.);
#382=ORIENTED_EDGE('',*,*,#470,.F.);
#383=ORIENTED_EDGE('',*,*,#507,.F.);
#384=ORIENTED_EDGE('',*,*,#488,.F.);
#385=ORIENTED_EDGE('',*,*,#499,.F.);
#386=ORIENTED_EDGE('',*,*,#478,.F.);
#387=ORIENTED_EDGE('',*,*,#508,.F.);
#388=ORIENTED_EDGE('',*,*,#472,.F.);
#389=ORIENTED_EDGE('',*,*,#481,.F.);
#390=ORIENTED_EDGE('',*,*,#458,.F.);
#391=ORIENTED_EDGE('',*,*,#485,.F.);
#392=ORIENTED_EDGE('',*,*,#548,.F.);
#393=ORIENTED_EDGE('',*,*,#480,.F.);
#394=ORIENTED_EDGE('',*,*,#498,.F.);
#395=ORIENTED_EDGE('',*,*,#486,.F.);
#396=ORIENTED_EDGE('',*,*,#460,.F.);
#397=ORIENTED_EDGE('',*,*,#506,.F.);
#398=ORIENTED_EDGE('',*,*,#515,.F.);
#399=ORIENTED_EDGE('',*,*,#593,.F.);
#400=ORIENTED_EDGE('',*,*,#454,.F.);
#401=ORIENTED_EDGE('',*,*,#593,.T.);
#402=ORIENTED_EDGE('',*,*,#514,.F.);
#403=ORIENTED_EDGE('',*,*,#594,.F.);
#404=ORIENTED_EDGE('',*,*,#589,.F.);
#405=ORIENTED_EDGE('',*,*,#594,.T.);
#406=ORIENTED_EDGE('',*,*,#521,.F.);
#407=ORIENTED_EDGE('',*,*,#595,.F.);
#408=ORIENTED_EDGE('',*,*,#590,.F.);
#409=ORIENTED_EDGE('',*,*,#595,.T.);
#410=ORIENTED_EDGE('',*,*,#520,.F.);
#411=ORIENTED_EDGE('',*,*,#596,.F.);
#412=ORIENTED_EDGE('',*,*,#587,.F.);
#413=ORIENTED_EDGE('',*,*,#596,.T.);
#414=ORIENTED_EDGE('',*,*,#567,.F.);
#415=ORIENTED_EDGE('',*,*,#597,.F.);
#416=ORIENTED_EDGE('',*,*,#588,.F.);
#417=ORIENTED_EDGE('',*,*,#597,.T.);
#418=ORIENTED_EDGE('',*,*,#573,.F.);
#419=ORIENTED_EDGE('',*,*,#598,.F.);
#420=ORIENTED_EDGE('',*,*,#583,.F.);
#421=ORIENTED_EDGE('',*,*,#560,.F.);
#422=ORIENTED_EDGE('',*,*,#584,.F.);
#423=ORIENTED_EDGE('',*,*,#598,.T.);
#424=ORIENTED_EDGE('',*,*,#556,.F.);
#425=ORIENTED_EDGE('',*,*,#531,.F.);
#426=ORIENTED_EDGE('',*,*,#525,.F.);
#427=ORIENTED_EDGE('',*,*,#599,.F.);
#428=ORIENTED_EDGE('',*,*,#517,.F.);
#429=ORIENTED_EDGE('',*,*,#599,.T.);
#430=ORIENTED_EDGE('',*,*,#592,.F.);
#431=ORIENTED_EDGE('',*,*,#600,.F.);
#432=ORIENTED_EDGE('',*,*,#518,.F.);
#433=ORIENTED_EDGE('',*,*,#600,.T.);
#434=ORIENTED_EDGE('',*,*,#591,.F.);
#435=ORIENTED_EDGE('',*,*,#601,.F.);
#436=ORIENTED_EDGE('',*,*,#522,.F.);
#437=ORIENTED_EDGE('',*,*,#601,.T.);
#438=ORIENTED_EDGE('',*,*,#580,.F.);
#439=ORIENTED_EDGE('',*,*,#602,.F.);
#440=ORIENTED_EDGE('',*,*,#523,.F.);
#441=ORIENTED_EDGE('',*,*,#602,.T.);
#442=ORIENTED_EDGE('',*,*,#579,.F.);
#443=ORIENTED_EDGE('',*,*,#603,.F.);
#444=ORIENTED_EDGE('',*,*,#568,.F.);
#445=ORIENTED_EDGE('',*,*,#603,.T.);
#446=ORIENTED_EDGE('',*,*,#578,.F.);
#447=ORIENTED_EDGE('',*,*,#604,.F.);
#448=ORIENTED_EDGE('',*,*,#574,.F.);
#449=ORIENTED_EDGE('',*,*,#561,.F.);
#450=ORIENTED_EDGE('',*,*,#558,.F.);
#451=ORIENTED_EDGE('',*,*,#604,.T.);
#452=ORIENTED_EDGE('',*,*,#577,.F.);
#453=EDGE_CURVE('',#605,#606,#715,.T.);
#454=EDGE_CURVE('',#605,#607,#61,.F.);
#455=EDGE_CURVE('',#607,#608,#716,.T.);
#456=EDGE_CURVE('',#608,#606,#62,.T.);
#457=EDGE_CURVE('',#609,#610,#63,.T.);
#458=EDGE_CURVE('',#609,#611,#717,.F.);
#459=EDGE_CURVE('',#611,#612,#64,.T.);
#460=EDGE_CURVE('',#612,#610,#718,.T.);
#461=EDGE_CURVE('',#613,#613,#719,.T.);
#462=EDGE_CURVE('',#614,#614,#720,.T.);
#463=EDGE_CURVE('',#615,#615,#721,.T.);
#464=EDGE_CURVE('',#616,#616,#722,.T.);
#465=EDGE_CURVE('',#617,#617,#723,.T.);
#466=EDGE_CURVE('',#618,#618,#724,.T.);
#467=EDGE_CURVE('',#619,#619,#725,.T.);
#468=EDGE_CURVE('',#620,#620,#726,.T.);
#469=EDGE_CURVE('',#621,#622,#727,.T.);
#470=EDGE_CURVE('',#621,#623,#65,.F.);
#471=EDGE_CURVE('',#623,#624,#728,.T.);
#472=EDGE_CURVE('',#624,#622,#66,.T.);
#473=EDGE_CURVE('',#625,#626,#67,.T.);
#474=EDGE_CURVE('',#625,#627,#68,.T.);
#475=EDGE_CURVE('',#627,#628,#69,.T.);
#476=EDGE_CURVE('',#628,#629,#70,.T.);
#477=EDGE_CURVE('',#630,#629,#71,.T.);
#478=EDGE_CURVE('',#630,#631,#72,.T.);
#479=EDGE_CURVE('',#631,#632,#73,.T.);
#480=EDGE_CURVE('',#632,#612,#24,.T.);
#481=EDGE_CURVE('',#611,#626,#25,.T.);
#482=EDGE_CURVE('',#633,#634,#74,.T.);
#483=EDGE_CURVE('',#634,#635,#75,.F.);
#484=EDGE_CURVE('',#636,#635,#76,.T.);
#485=EDGE_CURVE('',#636,#609,#26,.T.);
#486=EDGE_CURVE('',#610,#637,#27,.T.);
#487=EDGE_CURVE('',#637,#638,#77,.T.);
#488=EDGE_CURVE('',#638,#639,#78,.F.);
#489=EDGE_CURVE('',#606,#639,#79,.T.);
#490=EDGE_CURVE('',#608,#640,#28,.T.);
#491=EDGE_CURVE('',#641,#640,#80,.T.);
#492=EDGE_CURVE('',#642,#641,#81,.T.);
#493=EDGE_CURVE('',#642,#643,#82,.T.);
#494=EDGE_CURVE('',#643,#644,#29,.T.);
#495=EDGE_CURVE('',#633,#644,#83,.T.);
#496=EDGE_CURVE('',#645,#645,#729,.T.);
#497=EDGE_CURVE('',#646,#646,#730,.T.);
#498=EDGE_CURVE('',#637,#632,#731,.F.);
#499=EDGE_CURVE('',#631,#624,#732,.T.);
#500=EDGE_CURVE('',#623,#638,#733,.T.);
#501=EDGE_CURVE('',#647,#647,#734,.T.);
#502=EDGE_CURVE('',#648,#648,#735,.T.);
#503=EDGE_CURVE('',#649,#649,#736,.T.);
#504=EDGE_CURVE('',#650,#650,#737,.T.);
#505=EDGE_CURVE('',#651,#629,#738,.T.);
#506=EDGE_CURVE('',#651,#605,#739,.T.);
#507=EDGE_CURVE('',#639,#621,#740,.F.);
#508=EDGE_CURVE('',#622,#630,#741,.F.);
#509=EDGE_CURVE('',#652,#652,#742,.T.);
#510=EDGE_CURVE('',#653,#653,#743,.T.);
#511=EDGE_CURVE('',#654,#654,#744,.T.);
#512=EDGE_CURVE('',#655,#655,#745,.T.);
#513=EDGE_CURVE('',#656,#657,#84,.T.);
#514=EDGE_CURVE('',#657,#658,#30,.T.);
#515=EDGE_CURVE('',#658,#651,#85,.T.);
#516=EDGE_CURVE('',#659,#628,#746,.T.);
#517=EDGE_CURVE('',#659,#660,#86,.T.);
#518=EDGE_CURVE('',#660,#656,#31,.T.);
#519=EDGE_CURVE('',#661,#662,#87,.T.);
#520=EDGE_CURVE('',#662,#663,#88,.F.);
#521=EDGE_CURVE('',#663,#657,#32,.T.);
#522=EDGE_CURVE('',#656,#664,#33,.T.);
#523=EDGE_CURVE('',#664,#661,#89,.T.);
#524=EDGE_CURVE('',#644,#665,#747,.F.);
#525=EDGE_CURVE('',#665,#666,#90,.F.);
#526=EDGE_CURVE('',#666,#633,#748,.T.);
#527=EDGE_CURVE('',#667,#667,#749,.F.);
#528=EDGE_CURVE('',#668,#668,#750,.F.);
#529=EDGE_CURVE('',#669,#669,#751,.F.);
#530=EDGE_CURVE('',#670,#670,#752,.F.);
#531=EDGE_CURVE('',#666,#659,#753,.F.);
#532=EDGE_CURVE('',#627,#671,#754,.T.);
#533=EDGE_CURVE('',#672,#671,#755,.T.);
#534=EDGE_CURVE('',#672,#634,#756,.T.);
#535=EDGE_CURVE('',#673,#673,#757,.T.);
#536=EDGE_CURVE('',#671,#674,#91,.T.);
#537=EDGE_CURVE('',#675,#674,#758,.T.);
#538=EDGE_CURVE('',#675,#672,#92,.F.);
#539=EDGE_CURVE('',#676,#676,#759,.T.);
#540=EDGE_CURVE('',#677,#677,#760,.T.);
#541=EDGE_CURVE('',#678,#678,#761,.T.);
#542=EDGE_CURVE('',#679,#679,#762,.T.);
#543=EDGE_CURVE('',#680,#680,#763,.T.);
#544=EDGE_CURVE('',#681,#681,#764,.T.);
#545=EDGE_CURVE('',#682,#682,#765,.T.);
#546=EDGE_CURVE('',#683,#683,#766,.T.);
#547=EDGE_CURVE('',#684,#684,#767,.T.);
#548=EDGE_CURVE('',#626,#636,#768,.T.);
#549=EDGE_CURVE('',#635,#675,#769,.F.);
#550=EDGE_CURVE('',#674,#625,#770,.F.);
#551=EDGE_CURVE('',#685,#685,#771,.T.);
#552=EDGE_CURVE('',#686,#686,#772,.T.);
#553=EDGE_CURVE('',#687,#687,#773,.T.);
#554=EDGE_CURVE('',#688,#688,#774,.T.);
#555=EDGE_CURVE('',#689,#690,#93,.T.);
#556=EDGE_CURVE('',#690,#691,#775,.T.);
#557=EDGE_CURVE('',#692,#691,#94,.T.);
#558=EDGE_CURVE('',#692,#689,#776,.F.);
#559=EDGE_CURVE('',#693,#694,#95,.T.);
#560=EDGE_CURVE('',#693,#690,#34,.T.);
#561=EDGE_CURVE('',#689,#695,#35,.T.);
#562=EDGE_CURVE('',#695,#696,#96,.T.);
#563=EDGE_CURVE('',#696,#694,#97,.T.);
#564=EDGE_CURVE('',#694,#641,#777,.T.);
#565=EDGE_CURVE('',#696,#642,#778,.T.);
#566=EDGE_CURVE('',#697,#698,#98,.T.);
#567=EDGE_CURVE('',#698,#662,#779,.F.);
#568=EDGE_CURVE('',#661,#697,#780,.T.);
#569=EDGE_CURVE('',#699,#700,#781,.T.);
#570=EDGE_CURVE('',#699,#700,#36,.T.);
#571=EDGE_CURVE('',#701,#702,#782,.T.);
#572=EDGE_CURVE('',#702,#701,#37,.T.);
#573=EDGE_CURVE('',#691,#698,#99,.F.);
#574=EDGE_CURVE('',#697,#692,#100,.T.);
#575=EDGE_CURVE('',#703,#703,#783,.T.);
#576=EDGE_CURVE('',#704,#704,#784,.T.);
#577=EDGE_CURVE('',#695,#705,#785,.T.);
#578=EDGE_CURVE('',#705,#706,#101,.F.);
#579=EDGE_CURVE('',#706,#707,#786,.F.);
#580=EDGE_CURVE('',#707,#708,#102,.F.);
#581=EDGE_CURVE('',#708,#699,#787,.T.);
#582=EDGE_CURVE('',#700,#643,#788,.T.);
#583=EDGE_CURVE('',#709,#710,#103,.T.);
#584=EDGE_CURVE('',#710,#693,#789,.F.);
#585=EDGE_CURVE('',#640,#702,#790,.F.);
#586=EDGE_CURVE('',#701,#711,#791,.F.);
#587=EDGE_CURVE('',#711,#712,#104,.T.);
#588=EDGE_CURVE('',#712,#709,#792,.T.);
#589=EDGE_CURVE('',#607,#713,#38,.T.);
#590=EDGE_CURVE('',#713,#711,#39,.T.);
#591=EDGE_CURVE('',#708,#714,#40,.T.);
#592=EDGE_CURVE('',#714,#665,#41,.T.);
#593=EDGE_CURVE('',#607,#658,#793,.T.);
#594=EDGE_CURVE('',#713,#657,#794,.T.);
#595=EDGE_CURVE('',#711,#663,#795,.T.);
#596=EDGE_CURVE('',#712,#662,#796,.T.);
#597=EDGE_CURVE('',#709,#698,#797,.T.);
#598=EDGE_CURVE('',#710,#691,#798,.T.);
#599=EDGE_CURVE('',#660,#665,#799,.T.);
#600=EDGE_CURVE('',#656,#714,#800,.T.);
#601=EDGE_CURVE('',#664,#708,#801,.T.);
#602=EDGE_CURVE('',#661,#707,#802,.T.);
#603=EDGE_CURVE('',#697,#706,#803,.T.);
#604=EDGE_CURVE('',#692,#705,#804,.T.);
#605=VERTEX_POINT('',#1684);
#606=VERTEX_POINT('',#1685);
#607=VERTEX_POINT('',#1687);
#608=VERTEX_POINT('',#1689);
#609=VERTEX_POINT('',#1693);
#610=VERTEX_POINT('',#1694);
#611=VERTEX_POINT('',#1696);
#612=VERTEX_POINT('',#1698);
#613=VERTEX_POINT('',#1702);
#614=VERTEX_POINT('',#1704);
#615=VERTEX_POINT('',#1707);
#616=VERTEX_POINT('',#1709);
#617=VERTEX_POINT('',#1712);
#618=VERTEX_POINT('',#1714);
#619=VERTEX_POINT('',#1717);
#620=VERTEX_POINT('',#1719);
#621=VERTEX_POINT('',#1722);
#622=VERTEX_POINT('',#1723);
#623=VERTEX_POINT('',#1725);
#624=VERTEX_POINT('',#1727);
#625=VERTEX_POINT('',#1731);
#626=VERTEX_POINT('',#1732);
#627=VERTEX_POINT('',#1734);
#628=VERTEX_POINT('',#1736);
#629=VERTEX_POINT('',#1738);
#630=VERTEX_POINT('',#1740);
#631=VERTEX_POINT('',#1742);
#632=VERTEX_POINT('',#1744);
#633=VERTEX_POINT('',#1757);
#634=VERTEX_POINT('',#1758);
#635=VERTEX_POINT('',#1760);
#636=VERTEX_POINT('',#1762);
#637=VERTEX_POINT('',#1773);
#638=VERTEX_POINT('',#1775);
#639=VERTEX_POINT('',#1777);
#640=VERTEX_POINT('',#1784);
#641=VERTEX_POINT('',#1786);
#642=VERTEX_POINT('',#1788);
#643=VERTEX_POINT('',#1790);
#644=VERTEX_POINT('',#1796);
#645=VERTEX_POINT('',#1800);
#646=VERTEX_POINT('',#1802);
#647=VERTEX_POINT('',#1809);
#648=VERTEX_POINT('',#1811);
#649=VERTEX_POINT('',#1813);
#650=VERTEX_POINT('',#1815);
#651=VERTEX_POINT('',#1817);
#652=VERTEX_POINT('',#1823);
#653=VERTEX_POINT('',#1827);
#654=VERTEX_POINT('',#1831);
#655=VERTEX_POINT('',#1835);
#656=VERTEX_POINT('',#1839);
#657=VERTEX_POINT('',#1840);
#658=VERTEX_POINT('',#1845);
#659=VERTEX_POINT('',#1848);
#660=VERTEX_POINT('',#1850);
#661=VERTEX_POINT('',#1857);
#662=VERTEX_POINT('',#1858);
#663=VERTEX_POINT('',#1860);
#664=VERTEX_POINT('',#1869);
#665=VERTEX_POINT('',#1873);
#666=VERTEX_POINT('',#1875);
#667=VERTEX_POINT('',#1879);
#668=VERTEX_POINT('',#1881);
#669=VERTEX_POINT('',#1883);
#670=VERTEX_POINT('',#1885);
#671=VERTEX_POINT('',#1888);
#672=VERTEX_POINT('',#1890);
#673=VERTEX_POINT('',#1893);
#674=VERTEX_POINT('',#1896);
#675=VERTEX_POINT('',#1898);
#676=VERTEX_POINT('',#1902);
#677=VERTEX_POINT('',#1904);
#678=VERTEX_POINT('',#1907);
#679=VERTEX_POINT('',#1909);
#680=VERTEX_POINT('',#1912);
#681=VERTEX_POINT('',#1914);
#682=VERTEX_POINT('',#1917);
#683=VERTEX_POINT('',#1920);
#684=VERTEX_POINT('',#1922);
#685=VERTEX_POINT('',#1929);
#686=VERTEX_POINT('',#1933);
#687=VERTEX_POINT('',#1937);
#688=VERTEX_POINT('',#1941);
#689=VERTEX_POINT('',#1945);
#690=VERTEX_POINT('',#1946);
#691=VERTEX_POINT('',#1948);
#692=VERTEX_POINT('',#1950);
#693=VERTEX_POINT('',#1954);
#694=VERTEX_POINT('',#1955);
#695=VERTEX_POINT('',#1970);
#696=VERTEX_POINT('',#1972);
#697=VERTEX_POINT('',#1979);
#698=VERTEX_POINT('',#1980);
#699=VERTEX_POINT('',#1985);
#700=VERTEX_POINT('',#1986);
#701=VERTEX_POINT('',#1992);
#702=VERTEX_POINT('',#1993);
#703=VERTEX_POINT('',#2003);
#704=VERTEX_POINT('',#2005);
#705=VERTEX_POINT('',#2008);
#706=VERTEX_POINT('',#2010);
#707=VERTEX_POINT('',#2012);
#708=VERTEX_POINT('',#2014);
#709=VERTEX_POINT('',#2019);
#710=VERTEX_POINT('',#2020);
#711=VERTEX_POINT('',#2024);
#712=VERTEX_POINT('',#2026);
#713=VERTEX_POINT('',#2033);
#714=VERTEX_POINT('',#2043);
#715=CIRCLE('',#1168,0.0172);
#716=CIRCLE('',#1169,0.0172);
#717=CIRCLE('',#1171,0.0142);
#718=CIRCLE('',#1172,0.0142);
#719=CIRCLE('',#1174,0.0011);
#720=CIRCLE('',#1175,0.0011);
#721=CIRCLE('',#1177,0.0011);
#722=CIRCLE('',#1178,0.0011);
#723=CIRCLE('',#1180,0.0011);
#724=CIRCLE('',#1181,0.0011);
#725=CIRCLE('',#1183,0.0011);
#726=CIRCLE('',#1184,0.0011);
#727=CIRCLE('',#1186,0.008);
#728=CIRCLE('',#1187,0.008);
#729=CIRCLE('',#1191,0.003);
#730=CIRCLE('',#1192,0.003);
#731=CIRCLE('',#1194,0.0112);
#732=CIRCLE('',#1195,0.003);
#733=CIRCLE('',#1196,0.003);
#734=CIRCLE('',#1198,0.0017);
#735=CIRCLE('',#1199,0.0017);
#736=CIRCLE('',#1200,0.0017);
#737=CIRCLE('',#1201,0.0017);
#738=CIRCLE('',#1202,0.0032);
#739=CIRCLE('',#1203,0.001);
#740=CIRCLE('',#1204,0.003);
#741=CIRCLE('',#1205,0.003);
#742=CIRCLE('',#1207,0.0017);
#743=CIRCLE('',#1210,0.0017);
#744=CIRCLE('',#1213,0.0017);
#745=CIRCLE('',#1216,0.0017);
#746=CIRCLE('',#1219,0.0032);
#747=CIRCLE('',#1222,0.0172);
#748=CIRCLE('',#1223,0.0172);
#749=CIRCLE('',#1225,0.0017);
#750=CIRCLE('',#1226,0.0017);
#751=CIRCLE('',#1227,0.0017);
#752=CIRCLE('',#1228,0.0017);
#753=CIRCLE('',#1229,0.001);
#754=CIRCLE('',#1230,0.003);
#755=CIRCLE('',#1231,0.008);
#756=CIRCLE('',#1232,0.003);
#757=CIRCLE('',#1233,0.003);
#758=CIRCLE('',#1235,0.008);
#759=CIRCLE('',#1237,0.0011);
#760=CIRCLE('',#1238,0.0011);
#761=CIRCLE('',#1240,0.0011);
#762=CIRCLE('',#1241,0.0011);
#763=CIRCLE('',#1243,0.0011);
#764=CIRCLE('',#1244,0.0011);
#765=CIRCLE('',#1246,0.003);
#766=CIRCLE('',#1248,0.0011);
#767=CIRCLE('',#1249,0.0011);
#768=CIRCLE('',#1251,0.0112);
#769=CIRCLE('',#1252,0.003);
#770=CIRCLE('',#1253,0.003);
#771=CIRCLE('',#1255,0.0017);
#772=CIRCLE('',#1258,0.0017);
#773=CIRCLE('',#1261,0.0017);
#774=CIRCLE('',#1264,0.0017);
#775=CIRCLE('',#1267,0.0032);
#776=CIRCLE('',#1268,0.0032);
#777=CIRCLE('',#1271,0.0045000000000002);
#778=CIRCLE('',#1272,0.0045000000000002);
#779=CIRCLE('',#1274,0.0012);
#780=CIRCLE('',#1275,0.0012);
#781=CIRCLE('',#1277,0.0025);
#782=CIRCLE('',#1278,0.0025);
#783=CIRCLE('',#1281,0.0031);
#784=CIRCLE('',#1282,0.0031);
#785=CIRCLE('',#1284,0.0042);
#786=CIRCLE('',#1285,0.000200000000000003);
#787=CIRCLE('',#1286,0.0207);
#788=CIRCLE('',#1287,0.0207);
#789=CIRCLE('',#1289,0.0042);
#790=CIRCLE('',#1290,0.0207);
#791=CIRCLE('',#1291,0.0207);
#792=CIRCLE('',#1292,0.000200000000000003);
#793=CIRCLE('',#1302,0.001);
#794=CIRCLE('',#1303,0.001);
#795=CIRCLE('',#1304,0.001);
#796=CIRCLE('',#1306,0.001);
#797=CIRCLE('',#1308,0.001);
#798=CIRCLE('',#1310,0.001);
#799=CIRCLE('',#1313,0.001);
#800=CIRCLE('',#1314,0.001);
#801=CIRCLE('',#1315,0.001);
#802=CIRCLE('',#1317,0.001);
#803=CIRCLE('',#1319,0.001);
#804=CIRCLE('',#1321,0.001);
#805=EDGE_LOOP('',(#149,#150,#151,#152));
#806=EDGE_LOOP('',(#153,#154,#155,#156));
#807=EDGE_LOOP('',(#157));
#808=EDGE_LOOP('',(#158));
#809=EDGE_LOOP('',(#159));
#810=EDGE_LOOP('',(#160));
#811=EDGE_LOOP('',(#161));
#812=EDGE_LOOP('',(#162));
#813=EDGE_LOOP('',(#163));
#814=EDGE_LOOP('',(#164));
#815=EDGE_LOOP('',(#165,#166,#167,#168));
#816=EDGE_LOOP('',(#169,#170,#171,#172,#173,#174,#175,#176,#177,#178));
#817=EDGE_LOOP('',(#179,#180,#181,#182,#183,#184,#185,#186,#187,#188,#189,
#190,#191,#192,#193,#194));
#818=EDGE_LOOP('',(#195));
#819=EDGE_LOOP('',(#196));
#820=EDGE_LOOP('',(#197));
#821=EDGE_LOOP('',(#198,#199,#200,#201,#202,#203));
#822=EDGE_LOOP('',(#204));
#823=EDGE_LOOP('',(#205));
#824=EDGE_LOOP('',(#206));
#825=EDGE_LOOP('',(#207));
#826=EDGE_LOOP('',(#208));
#827=EDGE_LOOP('',(#209));
#828=EDGE_LOOP('',(#210));
#829=EDGE_LOOP('',(#211));
#830=EDGE_LOOP('',(#212));
#831=EDGE_LOOP('',(#213,#214,#215,#216,#217,#218,#219,#220));
#832=EDGE_LOOP('',(#221));
#833=EDGE_LOOP('',(#222));
#834=EDGE_LOOP('',(#223));
#835=EDGE_LOOP('',(#224));
#836=EDGE_LOOP('',(#225));
#837=EDGE_LOOP('',(#226));
#838=EDGE_LOOP('',(#227));
#839=EDGE_LOOP('',(#228));
#840=EDGE_LOOP('',(#229));
#841=EDGE_LOOP('',(#230));
#842=EDGE_LOOP('',(#231));
#843=EDGE_LOOP('',(#232));
#844=EDGE_LOOP('',(#233));
#845=EDGE_LOOP('',(#234));
#846=EDGE_LOOP('',(#235));
#847=EDGE_LOOP('',(#236));
#848=EDGE_LOOP('',(#237,#238,#239,#240,#241,#242,#243,#244));
#849=EDGE_LOOP('',(#245,#246,#247,#248,#249,#250));
#850=EDGE_LOOP('',(#251,#252,#253,#254));
#851=EDGE_LOOP('',(#255));
#852=EDGE_LOOP('',(#256));
#853=EDGE_LOOP('',(#257));
#854=EDGE_LOOP('',(#258));
#855=EDGE_LOOP('',(#259,#260,#261,#262,#263,#264,#265,#266));
#856=EDGE_LOOP('',(#267));
#857=EDGE_LOOP('',(#268,#269,#270,#271));
#858=EDGE_LOOP('',(#272));
#859=EDGE_LOOP('',(#273));
#860=EDGE_LOOP('',(#274));
#861=EDGE_LOOP('',(#275));
#862=EDGE_LOOP('',(#276));
#863=EDGE_LOOP('',(#277));
#864=EDGE_LOOP('',(#278));
#865=EDGE_LOOP('',(#279));
#866=EDGE_LOOP('',(#280));
#867=EDGE_LOOP('',(#281));
#868=EDGE_LOOP('',(#282));
#869=EDGE_LOOP('',(#283,#284,#285,#286,#287,#288));
#870=EDGE_LOOP('',(#289));
#871=EDGE_LOOP('',(#290));
#872=EDGE_LOOP('',(#291));
#873=EDGE_LOOP('',(#292));
#874=EDGE_LOOP('',(#293));
#875=EDGE_LOOP('',(#294));
#876=EDGE_LOOP('',(#295));
#877=EDGE_LOOP('',(#296));
#878=EDGE_LOOP('',(#297));
#879=EDGE_LOOP('',(#298));
#880=EDGE_LOOP('',(#299));
#881=EDGE_LOOP('',(#300));
#882=EDGE_LOOP('',(#301));
#883=EDGE_LOOP('',(#302));
#884=EDGE_LOOP('',(#303));
#885=EDGE_LOOP('',(#304));
#886=EDGE_LOOP('',(#305));
#887=EDGE_LOOP('',(#306));
#888=EDGE_LOOP('',(#307));
#889=EDGE_LOOP('',(#308));
#890=EDGE_LOOP('',(#309,#310,#311,#312));
#891=EDGE_LOOP('',(#313,#314,#315,#316,#317,#318));
#892=EDGE_LOOP('',(#319,#320,#321,#322));
#893=EDGE_LOOP('',(#323,#324,#325,#326));
#894=EDGE_LOOP('',(#327,#328));
#895=EDGE_LOOP('',(#329,#330));
#896=EDGE_LOOP('',(#331,#332,#333,#334));
#897=EDGE_LOOP('',(#335));
#898=EDGE_LOOP('',(#336));
#899=EDGE_LOOP('',(#337,#338,#339,#340,#341,#342,#343,#344,#345,#346));
#900=EDGE_LOOP('',(#347));
#901=EDGE_LOOP('',(#348,#349,#350,#351,#352,#353,#354,#355,#356,#357));
#902=EDGE_LOOP('',(#358));
#903=EDGE_LOOP('',(#359,#360,#361,#362,#363,#364,#365));
#904=EDGE_LOOP('',(#366,#367,#368,#369,#370,#371,#372));
#905=EDGE_LOOP('',(#373,#374,#375,#376));
#906=EDGE_LOOP('',(#377,#378,#379,#380));
#907=EDGE_LOOP('',(#381,#382,#383,#384));
#908=EDGE_LOOP('',(#385,#386,#387,#388));
#909=EDGE_LOOP('',(#389,#390,#391,#392));
#910=EDGE_LOOP('',(#393,#394,#395,#396));
#911=EDGE_LOOP('',(#397,#398,#399,#400));
#912=EDGE_LOOP('',(#401,#402,#403,#404));
#913=EDGE_LOOP('',(#405,#406,#407,#408));
#914=EDGE_LOOP('',(#409,#410,#411,#412));
#915=EDGE_LOOP('',(#413,#414,#415,#416));
#916=EDGE_LOOP('',(#417,#418,#419,#420));
#917=EDGE_LOOP('',(#421,#422,#423,#424));
#918=EDGE_LOOP('',(#425,#426,#427,#428));
#919=EDGE_LOOP('',(#429,#430,#431,#432));
#920=EDGE_LOOP('',(#433,#434,#435,#436));
#921=EDGE_LOOP('',(#437,#438,#439,#440));
#922=EDGE_LOOP('',(#441,#442,#443,#444));
#923=EDGE_LOOP('',(#445,#446,#447,#448));
#924=EDGE_LOOP('',(#449,#450,#451,#452));
#925=FACE_BOUND('',#805,.T.);
#926=FACE_BOUND('',#806,.T.);
#927=FACE_BOUND('',#807,.T.);
#928=FACE_BOUND('',#808,.T.);
#929=FACE_BOUND('',#809,.T.);
#930=FACE_BOUND('',#810,.T.);
#931=FACE_BOUND('',#811,.T.);
#932=FACE_BOUND('',#812,.T.);
#933=FACE_BOUND('',#813,.T.);
#934=FACE_BOUND('',#814,.T.);
#935=FACE_BOUND('',#815,.T.);
#936=FACE_BOUND('',#816,.T.);
#937=FACE_BOUND('',#817,.T.);
#938=FACE_BOUND('',#818,.T.);
#939=FACE_BOUND('',#819,.T.);
#940=FACE_BOUND('',#820,.T.);
#941=FACE_BOUND('',#821,.T.);
#942=FACE_BOUND('',#822,.T.);
#943=FACE_BOUND('',#823,.T.);
#944=FACE_BOUND('',#824,.T.);
#945=FACE_BOUND('',#825,.T.);
#946=FACE_BOUND('',#826,.T.);
#947=FACE_BOUND('',#827,.T.);
#948=FACE_BOUND('',#828,.T.);
#949=FACE_BOUND('',#829,.T.);
#950=FACE_BOUND('',#830,.T.);
#951=FACE_BOUND('',#831,.T.);
#952=FACE_BOUND('',#832,.T.);
#953=FACE_BOUND('',#833,.T.);
#954=FACE_BOUND('',#834,.T.);
#955=FACE_BOUND('',#835,.T.);
#956=FACE_BOUND('',#836,.T.);
#957=FACE_BOUND('',#837,.T.);
#958=FACE_BOUND('',#838,.T.);
#959=FACE_BOUND('',#839,.T.);
#960=FACE_BOUND('',#840,.T.);
#961=FACE_BOUND('',#841,.T.);
#962=FACE_BOUND('',#842,.T.);
#963=FACE_BOUND('',#843,.T.);
#964=FACE_BOUND('',#844,.T.);
#965=FACE_BOUND('',#845,.T.);
#966=FACE_BOUND('',#846,.T.);
#967=FACE_BOUND('',#847,.T.);
#968=FACE_BOUND('',#848,.T.);
#969=FACE_BOUND('',#849,.T.);
#970=FACE_BOUND('',#850,.T.);
#971=FACE_BOUND('',#851,.T.);
#972=FACE_BOUND('',#852,.T.);
#973=FACE_BOUND('',#853,.T.);
#974=FACE_BOUND('',#854,.T.);
#975=FACE_BOUND('',#855,.T.);
#976=FACE_BOUND('',#856,.T.);
#977=FACE_BOUND('',#857,.T.);
#978=FACE_BOUND('',#858,.T.);
#979=FACE_BOUND('',#859,.T.);
#980=FACE_BOUND('',#860,.T.);
#981=FACE_BOUND('',#861,.T.);
#982=FACE_BOUND('',#862,.T.);
#983=FACE_BOUND('',#863,.T.);
#984=FACE_BOUND('',#864,.T.);
#985=FACE_BOUND('',#865,.T.);
#986=FACE_BOUND('',#866,.T.);
#987=FACE_BOUND('',#867,.T.);
#988=FACE_BOUND('',#868,.T.);
#989=FACE_BOUND('',#869,.T.);
#990=FACE_BOUND('',#870,.T.);
#991=FACE_BOUND('',#871,.T.);
#992=FACE_BOUND('',#872,.T.);
#993=FACE_BOUND('',#873,.T.);
#994=FACE_BOUND('',#874,.T.);
#995=FACE_BOUND('',#875,.T.);
#996=FACE_BOUND('',#876,.T.);
#997=FACE_BOUND('',#877,.T.);
#998=FACE_BOUND('',#878,.T.);
#999=FACE_BOUND('',#879,.T.);
#1000=FACE_BOUND('',#880,.T.);
#1001=FACE_BOUND('',#881,.T.);
#1002=FACE_BOUND('',#882,.T.);
#1003=FACE_BOUND('',#883,.T.);
#1004=FACE_BOUND('',#884,.T.);
#1005=FACE_BOUND('',#885,.T.);
#1006=FACE_BOUND('',#886,.T.);
#1007=FACE_BOUND('',#887,.T.);
#1008=FACE_BOUND('',#888,.T.);
#1009=FACE_BOUND('',#889,.T.);
#1010=FACE_BOUND('',#890,.T.);
#1011=FACE_BOUND('',#891,.T.);
#1012=FACE_BOUND('',#892,.T.);
#1013=FACE_BOUND('',#893,.T.);
#1014=FACE_BOUND('',#894,.T.);
#1015=FACE_BOUND('',#895,.T.);
#1016=FACE_BOUND('',#896,.T.);
#1017=FACE_BOUND('',#897,.T.);
#1018=FACE_BOUND('',#898,.T.);
#1019=FACE_BOUND('',#899,.T.);
#1020=FACE_BOUND('',#900,.T.);
#1021=FACE_BOUND('',#901,.T.);
#1022=FACE_BOUND('',#902,.T.);
#1023=FACE_BOUND('',#903,.T.);
#1024=FACE_BOUND('',#904,.T.);
#1025=FACE_BOUND('',#905,.T.);
#1026=FACE_BOUND('',#906,.T.);
#1027=FACE_BOUND('',#907,.T.);
#1028=FACE_BOUND('',#908,.T.);
#1029=FACE_BOUND('',#909,.T.);
#1030=FACE_BOUND('',#910,.T.);
#1031=FACE_BOUND('',#911,.T.);
#1032=FACE_BOUND('',#912,.T.);
#1033=FACE_BOUND('',#913,.T.);
#1034=FACE_BOUND('',#914,.T.);
#1035=FACE_BOUND('',#915,.T.);
#1036=FACE_BOUND('',#916,.T.);
#1037=FACE_BOUND('',#917,.T.);
#1038=FACE_BOUND('',#918,.T.);
#1039=FACE_BOUND('',#919,.T.);
#1040=FACE_BOUND('',#920,.T.);
#1041=FACE_BOUND('',#921,.T.);
#1042=FACE_BOUND('',#922,.T.);
#1043=FACE_BOUND('',#923,.T.);
#1044=FACE_BOUND('',#924,.T.);
#1045=CYLINDRICAL_SURFACE('',#1167,0.0172);
#1046=CYLINDRICAL_SURFACE('',#1170,0.0142);
#1047=CYLINDRICAL_SURFACE('',#1173,0.0011);
#1048=CYLINDRICAL_SURFACE('',#1176,0.0011);
#1049=CYLINDRICAL_SURFACE('',#1179,0.0011);
#1050=CYLINDRICAL_SURFACE('',#1182,0.0011);
#1051=CYLINDRICAL_SURFACE('',#1185,0.008);
#1052=CYLINDRICAL_SURFACE('',#1190,0.003);
#1053=CYLINDRICAL_SURFACE('',#1206,0.0017);
#1054=CYLINDRICAL_SURFACE('',#1209,0.0017);
#1055=CYLINDRICAL_SURFACE('',#1212,0.0017);
#1056=CYLINDRICAL_SURFACE('',#1215,0.0017);
#1057=CYLINDRICAL_SURFACE('',#1218,0.0032);
#1058=CYLINDRICAL_SURFACE('',#1221,0.0172);
#1059=CYLINDRICAL_SURFACE('',#1234,0.008);
#1060=CYLINDRICAL_SURFACE('',#1236,0.0011);
#1061=CYLINDRICAL_SURFACE('',#1239,0.0011);
#1062=CYLINDRICAL_SURFACE('',#1242,0.0011);
#1063=CYLINDRICAL_SURFACE('',#1245,0.003);
#1064=CYLINDRICAL_SURFACE('',#1247,0.0011);
#1065=CYLINDRICAL_SURFACE('',#1254,0.0017);
#1066=CYLINDRICAL_SURFACE('',#1257,0.0017);
#1067=CYLINDRICAL_SURFACE('',#1260,0.0017);
#1068=CYLINDRICAL_SURFACE('',#1263,0.0017);
#1069=CYLINDRICAL_SURFACE('',#1266,0.0032);
#1070=CYLINDRICAL_SURFACE('',#1270,0.0045000000000002);
#1071=CYLINDRICAL_SURFACE('',#1273,0.0012);
#1072=CYLINDRICAL_SURFACE('',#1276,0.0025);
#1073=CYLINDRICAL_SURFACE('',#1280,0.0031);
#1074=CYLINDRICAL_SURFACE('',#1295,0.003);
#1075=CYLINDRICAL_SURFACE('',#1296,0.003);
#1076=CYLINDRICAL_SURFACE('',#1297,0.003);
#1077=CYLINDRICAL_SURFACE('',#1298,0.003);
#1078=CYLINDRICAL_SURFACE('',#1301,0.001);
#1079=CYLINDRICAL_SURFACE('',#1305,0.001);
#1080=CYLINDRICAL_SURFACE('',#1309,0.001);
#1081=CYLINDRICAL_SURFACE('',#1312,0.001);
#1082=CYLINDRICAL_SURFACE('',#1316,0.001);
#1083=CYLINDRICAL_SURFACE('',#1320,0.001);
#1084=ADVANCED_FACE('',(#925),#1045,.T.);
#1085=ADVANCED_FACE('',(#926),#1046,.F.);
#1086=ADVANCED_FACE('',(#927,#928),#1047,.F.);
#1087=ADVANCED_FACE('',(#929,#930),#1048,.F.);
#1088=ADVANCED_FACE('',(#931,#932),#1049,.F.);
#1089=ADVANCED_FACE('',(#933,#934),#1050,.F.);
#1090=ADVANCED_FACE('',(#935),#1051,.T.);
#1091=ADVANCED_FACE('',(#936),#42,.T.);
#1092=ADVANCED_FACE('',(#937),#43,.T.);
#1093=ADVANCED_FACE('',(#938,#939),#1052,.F.);
#1094=ADVANCED_FACE('',(#940,#941,#942,#943,#944,#945),#44,.F.);
#1095=ADVANCED_FACE('',(#946,#947,#948,#949,#950,#951),#45,.T.);
#1096=ADVANCED_FACE('',(#952,#953),#1053,.F.);
#1097=ADVANCED_FACE('',(#954,#955),#46,.T.);
#1098=ADVANCED_FACE('',(#956,#957),#1054,.F.);
#1099=ADVANCED_FACE('',(#958,#959),#47,.T.);
#1100=ADVANCED_FACE('',(#960,#961),#1055,.F.);
#1101=ADVANCED_FACE('',(#962,#963),#48,.T.);
#1102=ADVANCED_FACE('',(#964,#965),#1056,.F.);
#1103=ADVANCED_FACE('',(#966,#967),#49,.T.);
#1104=ADVANCED_FACE('',(#968),#1057,.F.);
#1105=ADVANCED_FACE('',(#969),#50,.T.);
#1106=ADVANCED_FACE('',(#970),#1058,.T.);
#1107=ADVANCED_FACE('',(#971,#972,#973,#974,#975,#976),#51,.F.);
#1108=ADVANCED_FACE('',(#977),#1059,.T.);
#1109=ADVANCED_FACE('',(#978,#979),#1060,.F.);
#1110=ADVANCED_FACE('',(#980,#981),#1061,.F.);
#1111=ADVANCED_FACE('',(#982,#983),#1062,.F.);
#1112=ADVANCED_FACE('',(#984,#985),#1063,.F.);
#1113=ADVANCED_FACE('',(#986,#987),#1064,.F.);
#1114=ADVANCED_FACE('',(#988,#989,#990,#991,#992,#993),#52,.T.);
#1115=ADVANCED_FACE('',(#994,#995),#1065,.F.);
#1116=ADVANCED_FACE('',(#996,#997),#53,.F.);
#1117=ADVANCED_FACE('',(#998,#999),#1066,.F.);
#1118=ADVANCED_FACE('',(#1000,#1001),#54,.F.);
#1119=ADVANCED_FACE('',(#1002,#1003),#1067,.F.);
#1120=ADVANCED_FACE('',(#1004,#1005),#55,.F.);
#1121=ADVANCED_FACE('',(#1006,#1007),#1068,.F.);
#1122=ADVANCED_FACE('',(#1008,#1009),#56,.F.);
#1123=ADVANCED_FACE('',(#1010),#1069,.F.);
#1124=ADVANCED_FACE('',(#1011),#57,.T.);
#1125=ADVANCED_FACE('',(#1012),#1070,.T.);
#1126=ADVANCED_FACE('',(#1013),#1071,.T.);
#1127=ADVANCED_FACE('',(#1014,#1015),#1072,.F.);
#1128=ADVANCED_FACE('',(#1016),#58,.T.);
#1129=ADVANCED_FACE('',(#1017,#1018),#1073,.F.);
#1130=ADVANCED_FACE('',(#1019,#1020),#59,.F.);
#1131=ADVANCED_FACE('',(#1021,#1022),#60,.T.);
#1132=ADVANCED_FACE('',(#1023),#18,.F.);
#1133=ADVANCED_FACE('',(#1024),#19,.F.);
#1134=ADVANCED_FACE('',(#1025),#1074,.F.);
#1135=ADVANCED_FACE('',(#1026),#1075,.F.);
#1136=ADVANCED_FACE('',(#1027),#1076,.F.);
#1137=ADVANCED_FACE('',(#1028),#1077,.F.);
#1138=ADVANCED_FACE('',(#1029),#20,.F.);
#1139=ADVANCED_FACE('',(#1030),#21,.F.);
#1140=ADVANCED_FACE('',(#1031),#1078,.T.);
#1141=ADVANCED_FACE('',(#1032),#14,.T.);
#1142=ADVANCED_FACE('',(#1033),#15,.T.);
#1143=ADVANCED_FACE('',(#1034),#1079,.T.);
#1144=ADVANCED_FACE('',(#1035),#12,.T.);
#1145=ADVANCED_FACE('',(#1036),#1080,.T.);
#1146=ADVANCED_FACE('',(#1037),#22,.T.);
#1147=ADVANCED_FACE('',(#1038),#1081,.T.);
#1148=ADVANCED_FACE('',(#1039),#16,.T.);
#1149=ADVANCED_FACE('',(#1040),#17,.T.);
#1150=ADVANCED_FACE('',(#1041),#1082,.T.);
#1151=ADVANCED_FACE('',(#1042),#13,.T.);
#1152=ADVANCED_FACE('',(#1043),#1083,.T.);
#1153=ADVANCED_FACE('',(#1044),#23,.T.);
#1154=CLOSED_SHELL('',(#1084,#1085,#1086,#1087,#1088,#1089,#1090,#1091,
#1092,#1093,#1094,#1095,#1096,#1097,#1098,#1099,#1100,#1101,#1102,#1103,
#1104,#1105,#1106,#1107,#1108,#1109,#1110,#1111,#1112,#1113,#1114,#1115,
#1116,#1117,#1118,#1119,#1120,#1121,#1122,#1123,#1124,#1125,#1126,#1127,
#1128,#1129,#1130,#1131,#1132,#1133,#1134,#1135,#1136,#1137,#1138,#1139,
#1140,#1141,#1142,#1143,#1144,#1145,#1146,#1147,#1148,#1149,#1150,#1151,
#1152,#1153));
#1155=STYLED_ITEM('',(#1156),#1163);
#1156=PRESENTATION_STYLE_ASSIGNMENT((#1157));
#1157=SURFACE_STYLE_USAGE(.BOTH.,#1158);
#1158=SURFACE_SIDE_STYLE('',(#1159));
#1159=SURFACE_STYLE_FILL_AREA(#1160);
#1160=FILL_AREA_STYLE('',(#1161));
#1161=FILL_AREA_STYLE_COLOUR('',#1162);
#1162=COLOUR_RGB('',0.647058823529412,0.647058823529412,0.647058823529412);
#1163=MANIFOLD_SOLID_BREP('servo_output_adapter',#1154);
#1164=SHAPE_DEFINITION_REPRESENTATION(#2136,#1165);
#1165=SHAPE_REPRESENTATION('servo_output_adapter',(#1166),#2131);
#1166=AXIS2_PLACEMENT_3D('',#1681,#1323,#1324);
#1167=AXIS2_PLACEMENT_3D('',#1682,#1325,#1326);
#1168=AXIS2_PLACEMENT_3D('',#1683,#1327,#1328);
#1169=AXIS2_PLACEMENT_3D('',#1688,#1330,#1331);
#1170=AXIS2_PLACEMENT_3D('',#1691,#1333,#1334);
#1171=AXIS2_PLACEMENT_3D('',#1695,#1336,#1337);
#1172=AXIS2_PLACEMENT_3D('',#1699,#1339,#1340);
#1173=AXIS2_PLACEMENT_3D('',#1700,#1341,#1342);
#1174=AXIS2_PLACEMENT_3D('',#1701,#1343,#1344);
#1175=AXIS2_PLACEMENT_3D('',#1703,#1345,#1346);
#1176=AXIS2_PLACEMENT_3D('',#1705,#1347,#1348);
#1177=AXIS2_PLACEMENT_3D('',#1706,#1349,#1350);
#1178=AXIS2_PLACEMENT_3D('',#1708,#1351,#1352);
#1179=AXIS2_PLACEMENT_3D('',#1710,#1353,#1354);
#1180=AXIS2_PLACEMENT_3D('',#1711,#1355,#1356);
#1181=AXIS2_PLACEMENT_3D('',#1713,#1357,#1358);
#1182=AXIS2_PLACEMENT_3D('',#1715,#1359,#1360);
#1183=AXIS2_PLACEMENT_3D('',#1716,#1361,#1362);
#1184=AXIS2_PLACEMENT_3D('',#1718,#1363,#1364);
#1185=AXIS2_PLACEMENT_3D('',#1720,#1365,#1366);
#1186=AXIS2_PLACEMENT_3D('',#1721,#1367,#1368);
#1187=AXIS2_PLACEMENT_3D('',#1726,#1370,#1371);
#1188=AXIS2_PLACEMENT_3D('',#1729,#1373,#1374);
#1189=AXIS2_PLACEMENT_3D('',#1755,#1382,#1383);
#1190=AXIS2_PLACEMENT_3D('',#1798,#1394,#1395);
#1191=AXIS2_PLACEMENT_3D('',#1799,#1396,#1397);
#1192=AXIS2_PLACEMENT_3D('',#1801,#1398,#1399);
#1193=AXIS2_PLACEMENT_3D('',#1803,#1400,#1401);
#1194=AXIS2_PLACEMENT_3D('',#1804,#1402,#1403);
#1195=AXIS2_PLACEMENT_3D('',#1805,#1404,#1405);
#1196=AXIS2_PLACEMENT_3D('',#1806,#1406,#1407);
#1197=AXIS2_PLACEMENT_3D('',#1807,#1408,#1409);
#1198=AXIS2_PLACEMENT_3D('',#1808,#1410,#1411);
#1199=AXIS2_PLACEMENT_3D('',#1810,#1412,#1413);
#1200=AXIS2_PLACEMENT_3D('',#1812,#1414,#1415);
#1201=AXIS2_PLACEMENT_3D('',#1814,#1416,#1417);
#1202=AXIS2_PLACEMENT_3D('',#1816,#1418,#1419);
#1203=AXIS2_PLACEMENT_3D('',#1818,#1420,#1421);
#1204=AXIS2_PLACEMENT_3D('',#1819,#1422,#1423);
#1205=AXIS2_PLACEMENT_3D('',#1820,#1424,#1425);
#1206=AXIS2_PLACEMENT_3D('',#1821,#1426,#1427);
#1207=AXIS2_PLACEMENT_3D('',#1822,#1428,#1429);
#1208=AXIS2_PLACEMENT_3D('',#1824,#1430,#1431);
#1209=AXIS2_PLACEMENT_3D('',#1825,#1432,#1433);
#1210=AXIS2_PLACEMENT_3D('',#1826,#1434,#1435);
#1211=AXIS2_PLACEMENT_3D('',#1828,#1436,#1437);
#1212=AXIS2_PLACEMENT_3D('',#1829,#1438,#1439);
#1213=AXIS2_PLACEMENT_3D('',#1830,#1440,#1441);
#1214=AXIS2_PLACEMENT_3D('',#1832,#1442,#1443);
#1215=AXIS2_PLACEMENT_3D('',#1833,#1444,#1445);
#1216=AXIS2_PLACEMENT_3D('',#1834,#1446,#1447);
#1217=AXIS2_PLACEMENT_3D('',#1836,#1448,#1449);
#1218=AXIS2_PLACEMENT_3D('',#1837,#1450,#1451);
#1219=AXIS2_PLACEMENT_3D('',#1847,#1454,#1455);
#1220=AXIS2_PLACEMENT_3D('',#1855,#1457,#1458);
#1221=AXIS2_PLACEMENT_3D('',#1871,#1462,#1463);
#1222=AXIS2_PLACEMENT_3D('',#1872,#1464,#1465);
#1223=AXIS2_PLACEMENT_3D('',#1876,#1467,#1468);
#1224=AXIS2_PLACEMENT_3D('',#1877,#1469,#1470);
#1225=AXIS2_PLACEMENT_3D('',#1878,#1471,#1472);
#1226=AXIS2_PLACEMENT_3D('',#1880,#1473,#1474);
#1227=AXIS2_PLACEMENT_3D('',#1882,#1475,#1476);
#1228=AXIS2_PLACEMENT_3D('',#1884,#1477,#1478);
#1229=AXIS2_PLACEMENT_3D('',#1886,#1479,#1480);
#1230=AXIS2_PLACEMENT_3D('',#1887,#1481,#1482);
#1231=AXIS2_PLACEMENT_3D('',#1889,#1483,#1484);
#1232=AXIS2_PLACEMENT_3D('',#1891,#1485,#1486);
#1233=AXIS2_PLACEMENT_3D('',#1892,#1487,#1488);
#1234=AXIS2_PLACEMENT_3D('',#1894,#1489,#1490);
#1235=AXIS2_PLACEMENT_3D('',#1897,#1492,#1493);
#1236=AXIS2_PLACEMENT_3D('',#1900,#1495,#1496);
#1237=AXIS2_PLACEMENT_3D('',#1901,#1497,#1498);
#1238=AXIS2_PLACEMENT_3D('',#1903,#1499,#1500);
#1239=AXIS2_PLACEMENT_3D('',#1905,#1501,#1502);
#1240=AXIS2_PLACEMENT_3D('',#1906,#1503,#1504);
#1241=AXIS2_PLACEMENT_3D('',#1908,#1505,#1506);
#1242=AXIS2_PLACEMENT_3D('',#1910,#1507,#1508);
#1243=AXIS2_PLACEMENT_3D('',#1911,#1509,#1510);
#1244=AXIS2_PLACEMENT_3D('',#1913,#1511,#1512);
#1245=AXIS2_PLACEMENT_3D('',#1915,#1513,#1514);
#1246=AXIS2_PLACEMENT_3D('',#1916,#1515,#1516);
#1247=AXIS2_PLACEMENT_3D('',#1918,#1517,#1518);
#1248=AXIS2_PLACEMENT_3D('',#1919,#1519,#1520);
#1249=AXIS2_PLACEMENT_3D('',#1921,#1521,#1522);
#1250=AXIS2_PLACEMENT_3D('',#1923,#1523,#1524);
#1251=AXIS2_PLACEMENT_3D('',#1924,#1525,#1526);
#1252=AXIS2_PLACEMENT_3D('',#1925,#1527,#1528);
#1253=AXIS2_PLACEMENT_3D('',#1926,#1529,#1530);
#1254=AXIS2_PLACEMENT_3D('',#1927,#1531,#1532);
#1255=AXIS2_PLACEMENT_3D('',#1928,#1533,#1534);
#1256=AXIS2_PLACEMENT_3D('',#1930,#1535,#1536);
#1257=AXIS2_PLACEMENT_3D('',#1931,#1537,#1538);
#1258=AXIS2_PLACEMENT_3D('',#1932,#1539,#1540);
#1259=AXIS2_PLACEMENT_3D('',#1934,#1541,#1542);
#1260=AXIS2_PLACEMENT_3D('',#1935,#1543,#1544);
#1261=AXIS2_PLACEMENT_3D('',#1936,#1545,#1546);
#1262=AXIS2_PLACEMENT_3D('',#1938,#1547,#1548);
#1263=AXIS2_PLACEMENT_3D('',#1939,#1549,#1550);
#1264=AXIS2_PLACEMENT_3D('',#1940,#1551,#1552);
#1265=AXIS2_PLACEMENT_3D('',#1942,#1553,#1554);
#1266=AXIS2_PLACEMENT_3D('',#1943,#1555,#1556);
#1267=AXIS2_PLACEMENT_3D('',#1947,#1558,#1559);
#1268=AXIS2_PLACEMENT_3D('',#1951,#1561,#1562);
#1269=AXIS2_PLACEMENT_3D('',#1952,#1563,#1564);
#1270=AXIS2_PLACEMENT_3D('',#1974,#1568,#1569);
#1271=AXIS2_PLACEMENT_3D('',#1975,#1570,#1571);
#1272=AXIS2_PLACEMENT_3D('',#1976,#1572,#1573);
#1273=AXIS2_PLACEMENT_3D('',#1977,#1574,#1575);
#1274=AXIS2_PLACEMENT_3D('',#1981,#1577,#1578);
#1275=AXIS2_PLACEMENT_3D('',#1982,#1579,#1580);
#1276=AXIS2_PLACEMENT_3D('',#1983,#1581,#1582);
#1277=AXIS2_PLACEMENT_3D('',#1984,#1583,#1584);
#1278=AXIS2_PLACEMENT_3D('',#1991,#1585,#1586);
#1279=AXIS2_PLACEMENT_3D('',#1998,#1587,#1588);
#1280=AXIS2_PLACEMENT_3D('',#2001,#1591,#1592);
#1281=AXIS2_PLACEMENT_3D('',#2002,#1593,#1594);
#1282=AXIS2_PLACEMENT_3D('',#2004,#1595,#1596);
#1283=AXIS2_PLACEMENT_3D('',#2006,#1597,#1598);
#1284=AXIS2_PLACEMENT_3D('',#2007,#1599,#1600);
#1285=AXIS2_PLACEMENT_3D('',#2011,#1602,#1603);
#1286=AXIS2_PLACEMENT_3D('',#2015,#1605,#1606);
#1287=AXIS2_PLACEMENT_3D('',#2016,#1607,#1608);
#1288=AXIS2_PLACEMENT_3D('',#2017,#1609,#1610);
#1289=AXIS2_PLACEMENT_3D('',#2021,#1612,#1613);
#1290=AXIS2_PLACEMENT_3D('',#2022,#1614,#1615);
#1291=AXIS2_PLACEMENT_3D('',#2023,#1616,#1617);
#1292=AXIS2_PLACEMENT_3D('',#2027,#1619,#1620);
#1293=AXIS2_PLACEMENT_3D('',#2028,#1621,#1622);
#1294=AXIS2_PLACEMENT_3D('',#2038,#1623,#1624);
#1295=AXIS2_PLACEMENT_3D('',#2048,#1625,#1626);
#1296=AXIS2_PLACEMENT_3D('',#2049,#1627,#1628);
#1297=AXIS2_PLACEMENT_3D('',#2050,#1629,#1630);
#1298=AXIS2_PLACEMENT_3D('',#2051,#1631,#1632);
#1299=AXIS2_PLACEMENT_3D('',#2052,#1633,#1634);
#1300=AXIS2_PLACEMENT_3D('',#2053,#1635,#1636);
#1301=AXIS2_PLACEMENT_3D('',#2054,#1637,#1638);
#1302=AXIS2_PLACEMENT_3D('',#2055,#1639,#1640);
#1303=AXIS2_PLACEMENT_3D('',#2068,#1641,#1642);
#1304=AXIS2_PLACEMENT_3D('',#2084,#1643,#1644);
#1305=AXIS2_PLACEMENT_3D('',#2085,#1645,#1646);
#1306=AXIS2_PLACEMENT_3D('',#2086,#1647,#1648);
#1307=AXIS2_PLACEMENT_3D('',#2087,#1649,#1650);
#1308=AXIS2_PLACEMENT_3D('',#2088,#1651,#1652);
#1309=AXIS2_PLACEMENT_3D('',#2089,#1653,#1654);
#1310=AXIS2_PLACEMENT_3D('',#2090,#1655,#1656);
#1311=AXIS2_PLACEMENT_3D('',#2091,#1657,#1658);
#1312=AXIS2_PLACEMENT_3D('',#2092,#1659,#1660);
#1313=AXIS2_PLACEMENT_3D('',#2093,#1661,#1662);
#1314=AXIS2_PLACEMENT_3D('',#2106,#1663,#1664);
#1315=AXIS2_PLACEMENT_3D('',#2122,#1665,#1666);
#1316=AXIS2_PLACEMENT_3D('',#2123,#1667,#1668);
#1317=AXIS2_PLACEMENT_3D('',#2124,#1669,#1670);
#1318=AXIS2_PLACEMENT_3D('',#2125,#1671,#1672);
#1319=AXIS2_PLACEMENT_3D('',#2126,#1673,#1674);
#1320=AXIS2_PLACEMENT_3D('',#2127,#1675,#1676);
#1321=AXIS2_PLACEMENT_3D('',#2128,#1677,#1678);
#1322=AXIS2_PLACEMENT_3D('',#2129,#1679,#1680);
#1323=DIRECTION('',(0.,0.,1.));
#1324=DIRECTION('',(1.,0.,0.));
#1325=DIRECTION('',(0.,0.,1.));
#1326=DIRECTION('',(1.,0.,0.));
#1327=DIRECTION('',(0.,0.,1.));
#1328=DIRECTION('',(1.,0.,0.));
#1329=DIRECTION('',(0.,0.,1.));
#1330=DIRECTION('',(0.,0.,1.));
#1331=DIRECTION('',(1.,0.,0.));
#1332=DIRECTION('',(0.,0.,1.));
#1333=DIRECTION('',(0.,0.,1.));
#1334=DIRECTION('',(1.,0.,0.));
#1335=DIRECTION('',(0.,0.,1.));
#1336=DIRECTION('',(0.,0.,1.));
#1337=DIRECTION('',(1.,0.,0.));
#1338=DIRECTION('',(0.,0.,1.));
#1339=DIRECTION('',(0.,0.,1.));
#1340=DIRECTION('',(1.,0.,0.));
#1341=DIRECTION('',(0.,0.,1.));
#1342=DIRECTION('',(1.,0.,0.));
#1343=DIRECTION('',(0.,0.,1.));
#1344=DIRECTION('',(1.,0.,0.));
#1345=DIRECTION('',(0.,0.,1.));
#1346=DIRECTION('',(1.,0.,0.));
#1347=DIRECTION('',(0.,0.,1.));
#1348=DIRECTION('',(1.,0.,0.));
#1349=DIRECTION('',(0.,0.,1.));
#1350=DIRECTION('',(1.,0.,0.));
#1351=DIRECTION('',(0.,0.,1.));
#1352=DIRECTION('',(1.,0.,0.));
#1353=DIRECTION('',(0.,0.,1.));
#1354=DIRECTION('',(1.,0.,0.));
#1355=DIRECTION('',(0.,0.,1.));
#1356=DIRECTION('',(1.,0.,0.));
#1357=DIRECTION('',(0.,0.,1.));
#1358=DIRECTION('',(1.,0.,0.));
#1359=DIRECTION('',(0.,0.,1.));
#1360=DIRECTION('',(1.,0.,0.));
#1361=DIRECTION('',(0.,0.,1.));
#1362=DIRECTION('',(1.,0.,0.));
#1363=DIRECTION('',(0.,0.,1.));
#1364=DIRECTION('',(1.,0.,0.));
#1365=DIRECTION('',(0.,0.,1.));
#1366=DIRECTION('',(1.,0.,0.));
#1367=DIRECTION('',(0.,0.,1.));
#1368=DIRECTION('',(1.,0.,0.));
#1369=DIRECTION('',(0.,0.,1.));
#1370=DIRECTION('',(0.,0.,1.));
#1371=DIRECTION('',(1.,0.,0.));
#1372=DIRECTION('',(0.,0.,1.));
#1373=DIRECTION('',(-0.142747385168402,0.989759154556089,0.));
#1374=DIRECTION('',(-0.989759154556089,-0.142747385168402,0.));
#1375=DIRECTION('',(-0.989759154556089,-0.142747385168402,0.));
#1376=DIRECTION('',(0.,0.,-1.));
#1377=DIRECTION('',(-0.98975915455609,-0.142747385168392,0.));
#1378=DIRECTION('',(0.,0.,1.));
#1379=DIRECTION('',(-0.989759154556089,-0.142747385168402,0.));
#1380=DIRECTION('',(0.,0.,-1.));
#1381=DIRECTION('',(-0.989759154556089,-0.142747385168402,0.));
#1382=DIRECTION('',(0.142747385168402,-0.989759154556089,0.));
#1383=DIRECTION('',(0.989759154556089,0.142747385168402,0.));
#1384=DIRECTION('',(0.989759154556089,0.142747385168404,0.));
#1385=DIRECTION('',(0.,0.,-1.));
#1386=DIRECTION('',(0.989759154556089,0.142747385168402,0.));
#1387=DIRECTION('',(0.989759154556089,0.142747385168402,0.));
#1388=DIRECTION('',(0.,0.,-1.));
#1389=DIRECTION('',(0.989759154556089,0.142747385168402,0.));
#1390=DIRECTION('',(0.989759154556089,0.142747385168402,0.));
#1391=DIRECTION('',(0.,0.,1.));
#1392=DIRECTION('',(0.989759154556089,0.142747385168402,0.));
#1393=DIRECTION('',(0.,0.,1.));
#1394=DIRECTION('',(0.,0.,1.));
#1395=DIRECTION('',(1.,0.,0.));
#1396=DIRECTION('',(0.,0.,1.));
#1397=DIRECTION('',(1.,0.,0.));
#1398=DIRECTION('',(0.,0.,1.));
#1399=DIRECTION('',(1.,0.,0.));
#1400=DIRECTION('',(0.,0.,1.));
#1401=DIRECTION('',(1.,0.,0.));
#1402=DIRECTION('',(0.,0.,1.));
#1403=DIRECTION('',(1.,0.,0.));
#1404=DIRECTION('',(0.,0.,1.));
#1405=DIRECTION('',(1.,0.,0.));
#1406=DIRECTION('',(0.,0.,1.));
#1407=DIRECTION('',(1.,0.,0.));
#1408=DIRECTION('',(0.,0.,1.));
#1409=DIRECTION('',(1.,0.,0.));
#1410=DIRECTION('',(0.,0.,1.));
#1411=DIRECTION('',(1.,0.,0.));
#1412=DIRECTION('',(0.,0.,1.));
#1413=DIRECTION('',(1.,0.,0.));
#1414=DIRECTION('',(0.,0.,1.));
#1415=DIRECTION('',(1.,0.,0.));
#1416=DIRECTION('',(0.,0.,1.));
#1417=DIRECTION('',(1.,0.,0.));
#1418=DIRECTION('',(0.,0.,1.));
#1419=DIRECTION('',(1.,0.,0.));
#1420=DIRECTION('',(0.,0.,1.));
#1421=DIRECTION('',(1.,0.,0.));
#1422=DIRECTION('',(0.,0.,1.));
#1423=DIRECTION('',(1.,0.,0.));
#1424=DIRECTION('',(0.,0.,1.));
#1425=DIRECTION('',(1.,0.,0.));
#1426=DIRECTION('',(0.,0.,1.));
#1427=DIRECTION('',(1.,0.,0.));
#1428=DIRECTION('',(0.,0.,1.));
#1429=DIRECTION('',(1.,0.,0.));
#1430=DIRECTION('',(0.,0.,1.));
#1431=DIRECTION('',(1.,0.,0.));
#1432=DIRECTION('',(0.,0.,1.));
#1433=DIRECTION('',(1.,0.,0.));
#1434=DIRECTION('',(0.,0.,1.));
#1435=DIRECTION('',(1.,0.,0.));
#1436=DIRECTION('',(0.,0.,1.));
#1437=DIRECTION('',(1.,0.,0.));
#1438=DIRECTION('',(0.,0.,1.));
#1439=DIRECTION('',(1.,0.,0.));
#1440=DIRECTION('',(0.,0.,1.));
#1441=DIRECTION('',(1.,0.,0.));
#1442=DIRECTION('',(0.,0.,1.));
#1443=DIRECTION('',(1.,0.,0.));
#1444=DIRECTION('',(0.,0.,1.));
#1445=DIRECTION('',(1.,0.,0.));
#1446=DIRECTION('',(0.,0.,1.));
#1447=DIRECTION('',(1.,0.,0.));
#1448=DIRECTION('',(0.,0.,1.));
#1449=DIRECTION('',(1.,0.,0.));
#1450=DIRECTION('',(0.,0.,1.));
#1451=DIRECTION('',(1.,0.,0.));
#1452=DIRECTION('',(0.,0.,1.));
#1453=DIRECTION('',(0.,0.,1.));
#1454=DIRECTION('',(0.,0.,1.));
#1455=DIRECTION('',(1.,0.,0.));
#1456=DIRECTION('',(0.,0.,1.));
#1457=DIRECTION('',(0.52685407994446,0.849955750875231,0.));
#1458=DIRECTION('',(-0.849955750875231,0.52685407994446,0.));
#1459=DIRECTION('',(0.,0.,1.));
#1460=DIRECTION('',(-0.849955750875231,0.52685407994446,0.));
#1461=DIRECTION('',(-0.849955750875231,0.52685407994446,0.));
#1462=DIRECTION('',(0.,0.,1.));
#1463=DIRECTION('',(1.,0.,0.));
#1464=DIRECTION('',(0.,0.,1.));
#1465=DIRECTION('',(1.,0.,0.));
#1466=DIRECTION('',(0.,0.,1.));
#1467=DIRECTION('',(0.,0.,1.));
#1468=DIRECTION('',(1.,0.,0.));
#1469=DIRECTION('',(0.,0.,1.));
#1470=DIRECTION('',(1.,0.,0.));
#1471=DIRECTION('',(0.,0.,1.));
#1472=DIRECTION('',(1.,0.,0.));
#1473=DIRECTION('',(0.,0.,1.));
#1474=DIRECTION('',(1.,0.,0.));
#1475=DIRECTION('',(0.,0.,1.));
#1476=DIRECTION('',(1.,0.,0.));
#1477=DIRECTION('',(0.,0.,1.));
#1478=DIRECTION('',(1.,0.,0.));
#1479=DIRECTION('',(0.,0.,1.));
#1480=DIRECTION('',(1.,0.,0.));
#1481=DIRECTION('',(0.,0.,1.));
#1482=DIRECTION('',(1.,0.,0.));
#1483=DIRECTION('',(0.,0.,1.));
#1484=DIRECTION('',(1.,0.,0.));
#1485=DIRECTION('',(0.,0.,1.));
#1486=DIRECTION('',(1.,0.,0.));
#1487=DIRECTION('',(0.,0.,1.));
#1488=DIRECTION('',(1.,0.,0.));
#1489=DIRECTION('',(0.,0.,1.));
#1490=DIRECTION('',(1.,0.,0.));
#1491=DIRECTION('',(0.,0.,1.));
#1492=DIRECTION('',(0.,0.,1.));
#1493=DIRECTION('',(1.,0.,0.));
#1494=DIRECTION('',(0.,0.,1.));
#1495=DIRECTION('',(0.,0.,1.));
#1496=DIRECTION('',(1.,0.,0.));
#1497=DIRECTION('',(0.,0.,1.));
#1498=DIRECTION('',(1.,0.,0.));
#1499=DIRECTION('',(0.,0.,1.));
#1500=DIRECTION('',(1.,0.,0.));
#1501=DIRECTION('',(0.,0.,1.));
#1502=DIRECTION('',(1.,0.,0.));
#1503=DIRECTION('',(0.,0.,1.));
#1504=DIRECTION('',(1.,0.,0.));
#1505=DIRECTION('',(0.,0.,1.));
#1506=DIRECTION('',(1.,0.,0.));
#1507=DIRECTION('',(0.,0.,1.));
#1508=DIRECTION('',(1.,0.,0.));
#1509=DIRECTION('',(0.,0.,1.));
#1510=DIRECTION('',(1.,0.,0.));
#1511=DIRECTION('',(0.,0.,1.));
#1512=DIRECTION('',(1.,0.,0.));
#1513=DIRECTION('',(0.,0.,1.));
#1514=DIRECTION('',(1.,0.,0.));
#1515=DIRECTION('',(0.,0.,1.));
#1516=DIRECTION('',(1.,0.,0.));
#1517=DIRECTION('',(0.,0.,1.));
#1518=DIRECTION('',(1.,0.,0.));
#1519=DIRECTION('',(0.,0.,1.));
#1520=DIRECTION('',(1.,0.,0.));
#1521=DIRECTION('',(0.,0.,1.));
#1522=DIRECTION('',(1.,0.,0.));
#1523=DIRECTION('',(0.,0.,1.));
#1524=DIRECTION('',(1.,0.,0.));
#1525=DIRECTION('',(0.,0.,1.));
#1526=DIRECTION('',(1.,0.,0.));
#1527=DIRECTION('',(0.,0.,1.));
#1528=DIRECTION('',(1.,0.,0.));
#1529=DIRECTION('',(0.,0.,1.));
#1530=DIRECTION('',(1.,0.,0.));
#1531=DIRECTION('',(0.,0.,-1.));
#1532=DIRECTION('',(-1.,0.,0.));
#1533=DIRECTION('',(0.,0.,1.));
#1534=DIRECTION('',(1.,0.,0.));
#1535=DIRECTION('',(0.,0.,1.));
#1536=DIRECTION('',(1.,0.,0.));
#1537=DIRECTION('',(0.,0.,-1.));
#1538=DIRECTION('',(-1.,0.,0.));
#1539=DIRECTION('',(0.,0.,1.));
#1540=DIRECTION('',(1.,0.,0.));
#1541=DIRECTION('',(0.,0.,1.));
#1542=DIRECTION('',(1.,0.,0.));
#1543=DIRECTION('',(0.,0.,-1.));
#1544=DIRECTION('',(-1.,0.,0.));
#1545=DIRECTION('',(0.,0.,1.));
#1546=DIRECTION('',(1.,0.,0.));
#1547=DIRECTION('',(0.,0.,1.));
#1548=DIRECTION('',(1.,0.,0.));
#1549=DIRECTION('',(0.,0.,-1.));
#1550=DIRECTION('',(-1.,0.,0.));
#1551=DIRECTION('',(0.,0.,1.));
#1552=DIRECTION('',(1.,0.,0.));
#1553=DIRECTION('',(0.,0.,1.));
#1554=DIRECTION('',(1.,0.,0.));
#1555=DIRECTION('',(0.,0.,1.));
#1556=DIRECTION('',(1.,0.,0.));
#1557=DIRECTION('',(0.,0.,1.));
#1558=DIRECTION('',(0.,0.,1.));
#1559=DIRECTION('',(1.,0.,0.));
#1560=DIRECTION('',(0.,0.,1.));
#1561=DIRECTION('',(0.,0.,1.));
#1562=DIRECTION('',(1.,0.,0.));
#1563=DIRECTION('',(-0.505652137454449,0.862737454784332,0.));
#1564=DIRECTION('',(-0.862737454784332,-0.505652137454449,0.));
#1565=DIRECTION('',(-0.862737454784332,-0.505652137454449,0.));
#1566=DIRECTION('',(-0.862737454784332,-0.505652137454449,0.));
#1567=DIRECTION('',(0.,0.,1.));
#1568=DIRECTION('',(0.,0.,1.));
#1569=DIRECTION('',(1.,0.,0.));
#1570=DIRECTION('',(0.,0.,1.));
#1571=DIRECTION('',(1.,0.,0.));
#1572=DIRECTION('',(0.,0.,1.));
#1573=DIRECTION('',(1.,0.,0.));
#1574=DIRECTION('',(0.,0.,1.));
#1575=DIRECTION('',(1.,0.,0.));
#1576=DIRECTION('',(0.,0.,1.));
#1577=DIRECTION('',(0.,0.,1.));
#1578=DIRECTION('',(1.,0.,0.));
#1579=DIRECTION('',(0.,0.,1.));
#1580=DIRECTION('',(1.,0.,0.));
#1581=DIRECTION('',(0.,0.,1.));
#1582=DIRECTION('',(1.,0.,0.));
#1583=DIRECTION('',(0.,0.,1.));
#1584=DIRECTION('',(1.,0.,0.));
#1585=DIRECTION('',(0.,0.,1.));
#1586=DIRECTION('',(1.,0.,0.));
#1587=DIRECTION('',(-0.989759154556089,-0.142747385168403,0.));
#1588=DIRECTION('',(0.142747385168403,-0.989759154556089,0.));
#1589=DIRECTION('',(0.142747385168403,-0.989759154556089,0.));
#1590=DIRECTION('',(0.142747385168403,-0.989759154556089,0.));
#1591=DIRECTION('',(0.,0.,1.));
#1592=DIRECTION('',(1.,0.,0.));
#1593=DIRECTION('',(0.,0.,1.));
#1594=DIRECTION('',(1.,0.,0.));
#1595=DIRECTION('',(0.,0.,1.));
#1596=DIRECTION('',(1.,0.,0.));
#1597=DIRECTION('',(0.,0.,1.));
#1598=DIRECTION('',(1.,0.,0.));
#1599=DIRECTION('',(0.,0.,1.));
#1600=DIRECTION('',(1.,0.,0.));
#1601=DIRECTION('',(0.142747385168403,-0.989759154556089,0.));
#1602=DIRECTION('',(0.,0.,1.));
#1603=DIRECTION('',(1.,0.,0.));
#1604=DIRECTION('',(-0.849955750875231,0.52685407994446,0.));
#1605=DIRECTION('',(0.,0.,1.));
#1606=DIRECTION('',(1.,0.,0.));
#1607=DIRECTION('',(0.,0.,1.));
#1608=DIRECTION('',(1.,0.,0.));
#1609=DIRECTION('',(0.,0.,1.));
#1610=DIRECTION('',(1.,0.,0.));
#1611=DIRECTION('',(0.142747385168403,-0.989759154556089,0.));
#1612=DIRECTION('',(0.,0.,1.));
#1613=DIRECTION('',(1.,0.,0.));
#1614=DIRECTION('',(0.,0.,1.));
#1615=DIRECTION('',(1.,0.,0.));
#1616=DIRECTION('',(0.,0.,1.));
#1617=DIRECTION('',(1.,0.,0.));
#1618=DIRECTION('',(-0.849955750875231,0.52685407994446,0.));
#1619=DIRECTION('',(0.,0.,1.));
#1620=DIRECTION('',(1.,0.,0.));
#1621=DIRECTION('',(0.,0.,1.));
#1622=DIRECTION('',(1.,0.,0.));
#1623=DIRECTION('',(0.,0.,1.));
#1624=DIRECTION('',(1.,0.,0.));
#1625=DIRECTION('',(0.,0.,1.));
#1626=DIRECTION('',(1.,0.,0.));
#1627=DIRECTION('',(0.,0.,1.));
#1628=DIRECTION('',(1.,0.,0.));
#1629=DIRECTION('',(0.,0.,1.));
#1630=DIRECTION('',(1.,0.,0.));
#1631=DIRECTION('',(0.,0.,1.));
#1632=DIRECTION('',(1.,0.,0.));
#1633=DIRECTION('',(0.,0.,1.));
#1634=DIRECTION('',(1.,0.,0.));
#1635=DIRECTION('',(0.,0.,1.));
#1636=DIRECTION('',(1.,0.,0.));
#1637=DIRECTION('',(0.,0.,-1.));
#1638=DIRECTION('',(-1.,0.,0.));
#1639=DIRECTION('',(-2.77848818405899E-16,-1.75334871453074E-15,-1.));
#1640=DIRECTION('',(0.,1.,-1.75334871453074E-15));
#1641=DIRECTION('',(-0.490621956352816,0.30411721921835,-0.816579948884023));
#1642=DIRECTION('',(-0.857180636470297,0.,0.515015879813795));
#1643=DIRECTION('',(-0.849955750875233,0.526854079944456,0.));
#1644=DIRECTION('',(-0.526854079944456,-0.849955750875233,0.));
#1645=DIRECTION('',(-0.849955750875231,0.52685407994446,0.));
#1646=DIRECTION('',(-0.52685407994446,-0.849955750875231,0.));
#1647=DIRECTION('',(-0.849955750875225,0.526854079944469,0.));
#1648=DIRECTION('',(-0.526854079944469,-0.849955750875225,0.));
#1649=DIRECTION('',(0.,0.,1.));
#1650=DIRECTION('',(1.,0.,0.));
#1651=DIRECTION('',(0.14274738516841,-0.989759154556088,0.));
#1652=DIRECTION('',(0.989759154556088,0.14274738516841,0.));
#1653=DIRECTION('',(0.142747385168403,-0.989759154556089,0.));
#1654=DIRECTION('',(0.989759154556089,0.142747385168403,0.));
#1655=DIRECTION('',(0.142747385168404,-0.989759154556089,0.));
#1656=DIRECTION('',(0.989759154556089,0.142747385168404,0.));
#1657=DIRECTION('',(0.,0.,1.));
#1658=DIRECTION('',(1.,0.,0.));
#1659=DIRECTION('',(0.,0.,-1.));
#1660=DIRECTION('',(-1.,0.,0.));
#1661=DIRECTION('',(0.,0.,1.));
#1662=DIRECTION('',(1.,0.,0.));
#1663=DIRECTION('',(-0.490621956352757,0.30411721921827,0.816579948884088));
#1664=DIRECTION('',(0.857180636470342,0.,0.515015879813719));
#1665=DIRECTION('',(-0.84995575087523,0.526854079944461,0.));
#1666=DIRECTION('',(-0.526854079944461,-0.84995575087523,0.));
#1667=DIRECTION('',(0.849955750875231,-0.52685407994446,0.));
#1668=DIRECTION('',(0.52685407994446,0.849955750875231,0.));
#1669=DIRECTION('',(-0.849955750875232,0.526854079944458,1.32093219054895E-14));
#1670=DIRECTION('',(-0.526854079944458,-0.849955750875232,0.));
#1671=DIRECTION('',(0.,0.,1.));
#1672=DIRECTION('',(1.,0.,0.));
#1673=DIRECTION('',(0.142747385168409,-0.989759154556088,0.));
#1674=DIRECTION('',(0.989759154556088,0.142747385168409,0.));
#1675=DIRECTION('',(-0.142747385168403,0.989759154556089,0.));
#1676=DIRECTION('',(-0.989759154556089,-0.142747385168403,0.));
#1677=DIRECTION('',(0.142747385168403,-0.989759154556089,0.));
#1678=DIRECTION('',(0.989759154556089,0.142747385168403,0.));
#1679=DIRECTION('',(0.,0.,1.));
#1680=DIRECTION('',(1.,0.,0.));
#1681=CARTESIAN_POINT('',(0.,0.,0.));
#1682=CARTESIAN_POINT('',(-0.0306011442401913,0.0549045162964535,-0.0358));
#1683=CARTESIAN_POINT('',(-0.0306011442401913,0.0549045162964535,0.));
#1684=CARTESIAN_POINT('',(-0.047589165581743,0.0575965658686161,0.));
#1685=CARTESIAN_POINT('',(-0.0463896773089056,0.0480808645220652,0.));
#1686=CARTESIAN_POINT('',(-0.047589165581743,0.0575965658686161,-0.0358));
#1687=CARTESIAN_POINT('',(-0.047589165581743,0.0575965658686161,-0.012));
#1688=CARTESIAN_POINT('',(-0.0306011442401913,0.0549045162964535,-0.012));
#1689=CARTESIAN_POINT('',(-0.0463896773089056,0.0480808645220652,-0.012));
#1690=CARTESIAN_POINT('',(-0.0463896773089056,0.0480808645220652,-0.0358));
#1691=CARTESIAN_POINT('',(-0.0306011442401912,0.0549045162964535,-0.0358));
#1692=CARTESIAN_POINT('',(-0.0432889666527062,0.0485280625462499,-0.0358));
#1693=CARTESIAN_POINT('',(-0.0432889666527062,0.0485280625462499,-0.0298));
#1694=CARTESIAN_POINT('',(-0.0432889666527062,0.0485280625462499,-0.006));
#1695=CARTESIAN_POINT('',(-0.0306011442401912,0.0549045162964535,-0.0298));
#1696=CARTESIAN_POINT('',(-0.0444092951638345,0.058217365232021,-0.0298));
#1697=CARTESIAN_POINT('',(-0.0444092951638345,0.058217365232021,-0.0358));
#1698=CARTESIAN_POINT('',(-0.0444092951638345,0.058217365232021,-0.006));
#1699=CARTESIAN_POINT('',(-0.0306011442401912,0.0549045162964535,-0.006));
#1700=CARTESIAN_POINT('',(-0.0297446599291808,0.048965961369117,-0.003));
#1701=CARTESIAN_POINT('',(-0.0297446599291808,0.048965961369117,-0.003));
#1702=CARTESIAN_POINT('',(-0.0286446599291808,0.048965961369117,-0.003));
#1703=CARTESIAN_POINT('',(-0.0297446599291808,0.048965961369117,-0.0015));
#1704=CARTESIAN_POINT('',(-0.0286446599291808,0.048965961369117,-0.0015));
#1705=CARTESIAN_POINT('',(-0.0246625893128547,0.0557610006074639,-0.003));
#1706=CARTESIAN_POINT('',(-0.0246625893128547,0.0557610006074639,-0.003));
#1707=CARTESIAN_POINT('',(-0.0235625893128547,0.0557610006074639,-0.003));
#1708=CARTESIAN_POINT('',(-0.0246625893128547,0.0557610006074639,-0.0015));
#1709=CARTESIAN_POINT('',(-0.0235625893128547,0.0557610006074639,-0.0015));
#1710=CARTESIAN_POINT('',(-0.0314576285512016,0.06084307122379,-0.003));
#1711=CARTESIAN_POINT('',(-0.0314576285512016,0.06084307122379,-0.003));
#1712=CARTESIAN_POINT('',(-0.0303576285512016,0.06084307122379,-0.003));
#1713=CARTESIAN_POINT('',(-0.0314576285512016,0.06084307122379,-0.0015));
#1714=CARTESIAN_POINT('',(-0.0303576285512016,0.06084307122379,-0.0015));
#1715=CARTESIAN_POINT('',(-0.0365396991675278,0.0540480319854431,-0.003));
#1716=CARTESIAN_POINT('',(-0.0365396991675278,0.0540480319854431,-0.003));
#1717=CARTESIAN_POINT('',(-0.0354396991675278,0.0540480319854431,-0.003));
#1718=CARTESIAN_POINT('',(-0.0365396991675278,0.0540480319854431,-0.0015));
#1719=CARTESIAN_POINT('',(-0.0354396991675278,0.0540480319854431,-0.0015));
#1720=CARTESIAN_POINT('',(-0.0306011442401912,0.0549045162964535,-0.003));
#1721=CARTESIAN_POINT('',(-0.0306011442401912,0.0549045162964535,0.));
#1722=CARTESIAN_POINT('',(-0.0356147643681597,0.0486704475438306,0.));
#1723=CARTESIAN_POINT('',(-0.0366949417128115,0.0600877230608694,0.));
#1724=CARTESIAN_POINT('',(-0.0356147643681597,0.0486704475438306,-0.003));
#1725=CARTESIAN_POINT('',(-0.0356147643681597,0.0486704475438306,-0.003));
#1726=CARTESIAN_POINT('',(-0.0306011442401912,0.0549045162964535,-0.003));
#1727=CARTESIAN_POINT('',(-0.0366949417128115,0.0600877230608694,-0.003));
#1728=CARTESIAN_POINT('',(-0.0366949417128115,0.0600877230608694,-0.003));
#1729=CARTESIAN_POINT('',(-0.0408671970503382,0.0587282220817748,-0.003));
#1730=CARTESIAN_POINT('',(-0.0408671970503382,0.0587282220817748,-0.0328));
#1731=CARTESIAN_POINT('',(-0.038551873609539,0.059062148133857,-0.0328));
#1732=CARTESIAN_POINT('',(-0.0411425580140901,0.0586885083217433,-0.0328));
#1733=CARTESIAN_POINT('',(-0.038551873609539,0.059062148133857,-0.0358));
#1734=CARTESIAN_POINT('',(-0.038551873609539,0.059062148133857,-0.0358));
#1735=CARTESIAN_POINT('',(-0.0445152831277521,0.0582020791852702,-0.0358));
#1736=CARTESIAN_POINT('',(-0.0446212710916698,0.0581867931385194,-0.0358));
#1737=CARTESIAN_POINT('',(-0.0446212710916698,0.0581867931385194,-0.0358));
#1738=CARTESIAN_POINT('',(-0.0446212710916698,0.0581867931385194,0.));
#1739=CARTESIAN_POINT('',(-0.0408671970503382,0.0587282220817748,0.));
#1740=CARTESIAN_POINT('',(-0.038551873609539,0.059062148133857,0.));
#1741=CARTESIAN_POINT('',(-0.038551873609539,0.059062148133857,-0.003));
#1742=CARTESIAN_POINT('',(-0.038551873609539,0.059062148133857,-0.003));
#1743=CARTESIAN_POINT('',(-0.0408671970503382,0.0587282220817748,-0.003));
#1744=CARTESIAN_POINT('',(-0.0411425580140901,0.0586885083217433,-0.003));
#1745=CARTESIAN_POINT('',(-0.0411425580140901,0.0586885083217433,-0.003));
#1746=CARTESIAN_POINT('',(-0.0419674021579481,0.0585695456992051,-0.003));
#1747=CARTESIAN_POINT('',(-0.0436149208826308,0.0583319333579786,-0.00355516429924738));
#1748=CARTESIAN_POINT('',(-0.0444092951638345,0.0582173652320209,-0.00516371696588187));
#1749=CARTESIAN_POINT('',(-0.0444092951638345,0.0582173652320209,-0.006));
#1750=CARTESIAN_POINT('',(-0.0444092951638345,0.058217365232021,-0.0298));
#1751=CARTESIAN_POINT('',(-0.0444092951638345,0.058217365232021,-0.0306344897014636));
#1752=CARTESIAN_POINT('',(-0.043621054815506,0.0583310486954071,-0.0322408033726641));
#1753=CARTESIAN_POINT('',(-0.0419663759594231,0.0585696937020353,-0.0328));
#1754=CARTESIAN_POINT('',(-0.0411425580140901,0.0586885083217433,-0.0328));
#1755=CARTESIAN_POINT('',(-0.039897194555826,0.0490172387217751,-0.003));
#1756=CARTESIAN_POINT('',(-0.0448393219808058,0.0483044635341576,-0.0358));
#1757=CARTESIAN_POINT('',(-0.0463896773089056,0.0480808645220652,-0.0358));
#1758=CARTESIAN_POINT('',(-0.0379231140716531,0.0493019492252653,-0.0358));
#1759=CARTESIAN_POINT('',(-0.0379231140716531,0.0493019492252653,-0.0328));
#1760=CARTESIAN_POINT('',(-0.0379231140716531,0.0493019492252653,-0.0328));
#1761=CARTESIAN_POINT('',(-0.039897194555826,0.0490172387217751,-0.0328));
#1762=CARTESIAN_POINT('',(-0.0401099662937787,0.048986551853065,-0.0328));
#1763=CARTESIAN_POINT('',(-0.0401099662937787,0.048986551853065,-0.0328));
#1764=CARTESIAN_POINT('',(-0.0409226556806702,0.0488693422426271,-0.0328));
#1765=CARTESIAN_POINT('',(-0.0425394976754622,0.048636154233277,-0.0322167614783597));
#1766=CARTESIAN_POINT('',(-0.0432889666527062,0.0485280625462499,-0.0306230488950322));
#1767=CARTESIAN_POINT('',(-0.0432889666527062,0.0485280625462499,-0.0298));
#1768=CARTESIAN_POINT('',(-0.0432889666527062,0.0485280625462499,-0.006));
#1769=CARTESIAN_POINT('',(-0.0432889666527062,0.0485280625462499,-0.00517810754039248));
#1770=CARTESIAN_POINT('',(-0.0425441638923367,0.0486354812511132,-0.00358659112914703));
#1771=CARTESIAN_POINT('',(-0.0409219300887041,0.0488694468906673,-0.00300000000000001));
#1772=CARTESIAN_POINT('',(-0.0401099662937787,0.048986551853065,-0.003));
#1773=CARTESIAN_POINT('',(-0.0401099662937787,0.048986551853065,-0.003));
#1774=CARTESIAN_POINT('',(-0.039897194555826,0.0490172387217751,-0.003));
#1775=CARTESIAN_POINT('',(-0.0379231140716531,0.0493019492252653,-0.003));
#1776=CARTESIAN_POINT('',(-0.0379231140716531,0.0493019492252653,0.));
#1777=CARTESIAN_POINT('',(-0.0379231140716531,0.0493019492252653,0.));
#1778=CARTESIAN_POINT('',(-0.039897194555826,0.0490172387217751,0.));
#1779=CARTESIAN_POINT('',(-0.0463896773089056,0.0480808645220652,-0.012));
#1780=CARTESIAN_POINT('',(-0.0463896773089056,0.0480808645220652,-0.012937987613677));
#1781=CARTESIAN_POINT('',(-0.04719904411834,0.0479641341082498,-0.0147608717535484));
#1782=CARTESIAN_POINT('',(-0.04902916525459,0.0477001860502415,-0.0155));
#1783=CARTESIAN_POINT('',(-0.0499568151265019,0.0475663963368979,-0.0155));
#1784=CARTESIAN_POINT('',(-0.0499568151265018,0.0475663963368979,-0.0155));
#1785=CARTESIAN_POINT('',(-0.0519226633008937,0.047282873133055,-0.0155));
#1786=CARTESIAN_POINT('',(-0.0613836341640893,0.0459183706218544,-0.0155));
#1787=CARTESIAN_POINT('',(-0.0613836341640893,0.0459183706218544,-0.0205));
#1788=CARTESIAN_POINT('',(-0.0613836341640893,0.0459183706218544,-0.0205));
#1789=CARTESIAN_POINT('',(-0.0519226633008937,0.047282873133055,-0.0205));
#1790=CARTESIAN_POINT('',(-0.0499568151265018,0.0475663963368979,-0.0205));
#1791=CARTESIAN_POINT('',(-0.0499568151265018,0.0475663963368979,-0.0205));
#1792=CARTESIAN_POINT('',(-0.0490286810695573,0.0477002558815201,-0.0205));
#1793=CARTESIAN_POINT('',(-0.0472026201845428,0.0479636183523739,-0.0212361658849713));
#1794=CARTESIAN_POINT('',(-0.0463896773089056,0.0480808645220652,-0.0230614918267348));
#1795=CARTESIAN_POINT('',(-0.0463896773089056,0.0480808645220652,-0.024));
#1796=CARTESIAN_POINT('',(-0.0463896773089056,0.0480808645220652,-0.024));
#1797=CARTESIAN_POINT('',(-0.0463896773089056,0.0480808645220652,-0.0358));
#1798=CARTESIAN_POINT('',(-0.0306011442401912,0.0549045162964535,-0.003));
#1799=CARTESIAN_POINT('',(-0.0306011442401912,0.0549045162964535,-0.003));
#1800=CARTESIAN_POINT('',(-0.0276011442401912,0.0549045162964535,-0.003));
#1801=CARTESIAN_POINT('',(-0.0306011442401912,0.0549045162964535,0.));
#1802=CARTESIAN_POINT('',(-0.0276011442401912,0.0549045162964535,0.));
#1803=CARTESIAN_POINT('',(-0.0407135708187692,0.0549045162964535,-0.003));
#1804=CARTESIAN_POINT('',(-0.0306011442401912,0.0549045162964535,-0.003));
#1805=CARTESIAN_POINT('',(-0.0389801157650442,0.0620314255975253,-0.003));
#1806=CARTESIAN_POINT('',(-0.0374948719161479,0.046332671761597,-0.003));
#1807=CARTESIAN_POINT('',(-0.0407135708187692,0.0549045162964535,0.));
#1808=CARTESIAN_POINT('',(-0.0365396991675278,0.0540480319854431,0.));
#1809=CARTESIAN_POINT('',(-0.0348396991675278,0.0540480319854431,0.));
#1810=CARTESIAN_POINT('',(-0.0314576285512016,0.06084307122379,0.));
#1811=CARTESIAN_POINT('',(-0.0297576285512016,0.06084307122379,0.));
#1812=CARTESIAN_POINT('',(-0.0297446599291808,0.048965961369117,0.));
#1813=CARTESIAN_POINT('',(-0.0280446599291808,0.048965961369117,0.));
#1814=CARTESIAN_POINT('',(-0.0246625893128547,0.0557610006074639,0.));
#1815=CARTESIAN_POINT('',(-0.0229625893128547,0.0557610006074639,0.));
#1816=CARTESIAN_POINT('',(-0.0450780627242087,0.0613540224330989,0.));
#1817=CARTESIAN_POINT('',(-0.0462387691608882,0.0583719492334858,0.));
#1818=CARTESIAN_POINT('',(-0.0466014899223505,0.0574400513586067,0.));
#1819=CARTESIAN_POINT('',(-0.0374948719161479,0.046332671761597,0.));
#1820=CARTESIAN_POINT('',(-0.0389801157650442,0.0620314255975253,0.));
#1821=CARTESIAN_POINT('',(-0.0246625893128547,0.0557610006074639,-0.0015));
#1822=CARTESIAN_POINT('',(-0.0246625893128547,0.0557610006074639,-0.0015));
#1823=CARTESIAN_POINT('',(-0.0229625893128547,0.0557610006074639,-0.0015));
#1824=CARTESIAN_POINT('',(-0.0407135708187692,0.0549045162964535,-0.0015));
#1825=CARTESIAN_POINT('',(-0.0297446599291808,0.048965961369117,-0.0015));
#1826=CARTESIAN_POINT('',(-0.0297446599291808,0.048965961369117,-0.0015));
#1827=CARTESIAN_POINT('',(-0.0280446599291808,0.048965961369117,-0.0015));
#1828=CARTESIAN_POINT('',(-0.0407135708187692,0.0549045162964535,-0.0015));
#1829=CARTESIAN_POINT('',(-0.0314576285512016,0.06084307122379,-0.0015));
#1830=CARTESIAN_POINT('',(-0.0314576285512016,0.06084307122379,-0.0015));
#1831=CARTESIAN_POINT('',(-0.0297576285512016,0.06084307122379,-0.0015));
#1832=CARTESIAN_POINT('',(-0.0407135708187692,0.0549045162964535,-0.0015));
#1833=CARTESIAN_POINT('',(-0.0365396991675278,0.0540480319854431,-0.0015));
#1834=CARTESIAN_POINT('',(-0.0365396991675278,0.0540480319854431,-0.0015));
#1835=CARTESIAN_POINT('',(-0.0348396991675278,0.0540480319854431,-0.0015));
#1836=CARTESIAN_POINT('',(-0.0407135708187692,0.0549045162964535,-0.0015));
#1837=CARTESIAN_POINT('',(-0.0450780627242087,0.0613540224330989,-0.0358));
#1838=CARTESIAN_POINT('',(-0.046763995780031,0.0586341640302982,-0.0358));
#1839=CARTESIAN_POINT('',(-0.046763995780031,0.0586341640302982,-0.0215332805272266));
#1840=CARTESIAN_POINT('',(-0.046763995780031,0.0586341640302982,-0.0144667194727737));
#1841=CARTESIAN_POINT('',(-0.046763995780031,0.0586341640302982,-0.0144667194727737));
#1842=CARTESIAN_POINT('',(-0.0464175229733066,0.0584193991891584,-0.0137098513783623));
#1843=CARTESIAN_POINT('',(-0.0462387691608882,0.0583719492334858,-0.0128577714564526));
#1844=CARTESIAN_POINT('',(-0.0462387691608882,0.0583719492334858,-0.012));
#1845=CARTESIAN_POINT('',(-0.0462387691608882,0.0583719492334858,-0.012));
#1846=CARTESIAN_POINT('',(-0.0462387691608882,0.0583719492334858,-0.0358));
#1847=CARTESIAN_POINT('',(-0.0450780627242087,0.0613540224330989,-0.0358));
#1848=CARTESIAN_POINT('',(-0.0462387691608882,0.0583719492334858,-0.0358));
#1849=CARTESIAN_POINT('',(-0.0462387691608882,0.0583719492334858,-0.0358));
#1850=CARTESIAN_POINT('',(-0.0462387691608882,0.0583719492334858,-0.024));
#1851=CARTESIAN_POINT('',(-0.0462387691608882,0.0583719492334858,-0.024));
#1852=CARTESIAN_POINT('',(-0.0462387691608882,0.0583719492334858,-0.0231423330812251));
#1853=CARTESIAN_POINT('',(-0.0464177138250908,0.0584195174906595,-0.0222897317068803));
#1854=CARTESIAN_POINT('',(-0.0467639957800309,0.0586341640302981,-0.0215332805272266));
#1855=CARTESIAN_POINT('',(-0.0470383595054194,0.0588042312931654,-0.0358));
#1856=CARTESIAN_POINT('',(-0.0559883899193514,0.0643520024969623,-0.0205));
#1857=CARTESIAN_POINT('',(-0.0559883899193514,0.0643520024969623,-0.0195));
#1858=CARTESIAN_POINT('',(-0.0559883899193514,0.0643520024969623,-0.0165));
#1859=CARTESIAN_POINT('',(-0.0470383595054194,0.0588042312931654,-0.0165));
#1860=CARTESIAN_POINT('',(-0.0501644570241284,0.0607419759702738,-0.0165));
#1861=CARTESIAN_POINT('',(-0.0501644570241284,0.0607419759702738,-0.0165));
#1862=CARTESIAN_POINT('',(-0.0488341709173735,0.0599173840287339,-0.0165));
#1863=CARTESIAN_POINT('',(-0.0475270800731327,0.0591071699164849,-0.0157367794955401));
#1864=CARTESIAN_POINT('',(-0.0467639957800311,0.0586341640302982,-0.0144667194727737));
#1865=CARTESIAN_POINT('',(-0.0467639957800309,0.0586341640302982,-0.0215332805272264));
#1866=CARTESIAN_POINT('',(-0.0475259107727595,0.0591064451132564,-0.0202651666612238));
#1867=CARTESIAN_POINT('',(-0.0488304354294613,0.0599150685469631,-0.0195));
#1868=CARTESIAN_POINT('',(-0.0501644570241284,0.0607419759702738,-0.0195));
#1869=CARTESIAN_POINT('',(-0.0501644570241284,0.0607419759702738,-0.0195));
#1870=CARTESIAN_POINT('',(-0.0559883899193514,0.0643520024969623,-0.0195));
#1871=CARTESIAN_POINT('',(-0.0306011442401913,0.0549045162964535,-0.0358));
#1872=CARTESIAN_POINT('',(-0.0306011442401913,0.0549045162964535,-0.024));
#1873=CARTESIAN_POINT('',(-0.047589165581743,0.0575965658686161,-0.024));
#1874=CARTESIAN_POINT('',(-0.047589165581743,0.0575965658686161,-0.0358));
#1875=CARTESIAN_POINT('',(-0.047589165581743,0.0575965658686161,-0.0358));
#1876=CARTESIAN_POINT('',(-0.0306011442401913,0.0549045162964535,-0.0358));
#1877=CARTESIAN_POINT('',(-0.0407135708187692,0.0549045162964535,-0.0358));
#1878=CARTESIAN_POINT('',(-0.0365396991675278,0.0540480319854431,-0.0358));
#1879=CARTESIAN_POINT('',(-0.0348396991675278,0.0540480319854431,-0.0358));
#1880=CARTESIAN_POINT('',(-0.0314576285512016,0.06084307122379,-0.0358));
#1881=CARTESIAN_POINT('',(-0.0297576285512016,0.06084307122379,-0.0358));
#1882=CARTESIAN_POINT('',(-0.0246625893128547,0.0557610006074639,-0.0358));
#1883=CARTESIAN_POINT('',(-0.0229625893128547,0.0557610006074639,-0.0358));
#1884=CARTESIAN_POINT('',(-0.0297446599291808,0.048965961369117,-0.0358));
#1885=CARTESIAN_POINT('',(-0.0280446599291808,0.048965961369117,-0.0358));
#1886=CARTESIAN_POINT('',(-0.0466014899223505,0.0574400513586067,-0.0358));
#1887=CARTESIAN_POINT('',(-0.0389801157650442,0.0620314255975253,-0.0358));
#1888=CARTESIAN_POINT('',(-0.0366949417128115,0.0600877230608694,-0.0358));
#1889=CARTESIAN_POINT('',(-0.0306011442401912,0.0549045162964535,-0.0358));
#1890=CARTESIAN_POINT('',(-0.0356147643681597,0.0486704475438306,-0.0358));
#1891=CARTESIAN_POINT('',(-0.0374948719161479,0.046332671761597,-0.0358));
#1892=CARTESIAN_POINT('',(-0.0306011442401912,0.0549045162964535,-0.0358));
#1893=CARTESIAN_POINT('',(-0.0276011442401912,0.0549045162964535,-0.0358));
#1894=CARTESIAN_POINT('',(-0.0306011442401912,0.0549045162964535,-0.0358));
#1895=CARTESIAN_POINT('',(-0.0366949417128115,0.0600877230608694,-0.0358));
#1896=CARTESIAN_POINT('',(-0.0366949417128115,0.0600877230608694,-0.0328));
#1897=CARTESIAN_POINT('',(-0.0306011442401912,0.0549045162964535,-0.0328));
#1898=CARTESIAN_POINT('',(-0.0356147643681597,0.0486704475438306,-0.0328));
#1899=CARTESIAN_POINT('',(-0.0356147643681597,0.0486704475438306,-0.0358));
#1900=CARTESIAN_POINT('',(-0.0297446599291808,0.048965961369117,-0.0358));
#1901=CARTESIAN_POINT('',(-0.0297446599291808,0.048965961369117,-0.0345));
#1902=CARTESIAN_POINT('',(-0.0286446599291808,0.048965961369117,-0.0345));
#1903=CARTESIAN_POINT('',(-0.0297446599291808,0.048965961369117,-0.0328));
#1904=CARTESIAN_POINT('',(-0.0286446599291808,0.048965961369117,-0.0328));
#1905=CARTESIAN_POINT('',(-0.0246625893128547,0.0557610006074639,-0.0358));
#1906=CARTESIAN_POINT('',(-0.0246625893128547,0.0557610006074639,-0.0345));
#1907=CARTESIAN_POINT('',(-0.0235625893128547,0.0557610006074639,-0.0345));
#1908=CARTESIAN_POINT('',(-0.0246625893128547,0.0557610006074639,-0.0328));
#1909=CARTESIAN_POINT('',(-0.0235625893128547,0.0557610006074639,-0.0328));
#1910=CARTESIAN_POINT('',(-0.0314576285512016,0.06084307122379,-0.0358));
#1911=CARTESIAN_POINT('',(-0.0314576285512016,0.06084307122379,-0.0345));
#1912=CARTESIAN_POINT('',(-0.0303576285512016,0.06084307122379,-0.0345));
#1913=CARTESIAN_POINT('',(-0.0314576285512016,0.06084307122379,-0.0328));
#1914=CARTESIAN_POINT('',(-0.0303576285512016,0.06084307122379,-0.0328));
#1915=CARTESIAN_POINT('',(-0.0306011442401912,0.0549045162964535,-0.0358));
#1916=CARTESIAN_POINT('',(-0.0306011442401912,0.0549045162964535,-0.0328));
#1917=CARTESIAN_POINT('',(-0.0276011442401912,0.0549045162964535,-0.0328));
#1918=CARTESIAN_POINT('',(-0.0365396991675278,0.0540480319854431,-0.0358));
#1919=CARTESIAN_POINT('',(-0.0365396991675278,0.0540480319854431,-0.0345));
#1920=CARTESIAN_POINT('',(-0.0354396991675278,0.0540480319854431,-0.0345));
#1921=CARTESIAN_POINT('',(-0.0365396991675278,0.0540480319854431,-0.0328));
#1922=CARTESIAN_POINT('',(-0.0354396991675278,0.0540480319854431,-0.0328));
#1923=CARTESIAN_POINT('',(-0.0407135708187692,0.0549045162964535,-0.0328));
#1924=CARTESIAN_POINT('',(-0.0306011442401912,0.0549045162964535,-0.0328));
#1925=CARTESIAN_POINT('',(-0.0374948719161479,0.046332671761597,-0.0328));
#1926=CARTESIAN_POINT('',(-0.0389801157650442,0.0620314255975253,-0.0328));
#1927=CARTESIAN_POINT('',(-0.0365396991675278,0.0540480319854431,-0.0345));
#1928=CARTESIAN_POINT('',(-0.0365396991675278,0.0540480319854431,-0.0345));
#1929=CARTESIAN_POINT('',(-0.0348396991675278,0.0540480319854431,-0.0345));
#1930=CARTESIAN_POINT('',(-0.0407135708187692,0.0549045162964535,-0.0345));
#1931=CARTESIAN_POINT('',(-0.0314576285512016,0.06084307122379,-0.0345));
#1932=CARTESIAN_POINT('',(-0.0314576285512016,0.06084307122379,-0.0345));
#1933=CARTESIAN_POINT('',(-0.0297576285512016,0.06084307122379,-0.0345));
#1934=CARTESIAN_POINT('',(-0.0407135708187692,0.0549045162964535,-0.0345));
#1935=CARTESIAN_POINT('',(-0.0246625893128547,0.0557610006074639,-0.0345));
#1936=CARTESIAN_POINT('',(-0.0246625893128547,0.0557610006074639,-0.0345));
#1937=CARTESIAN_POINT('',(-0.0229625893128547,0.0557610006074639,-0.0345));
#1938=CARTESIAN_POINT('',(-0.0407135708187692,0.0549045162964535,-0.0345));
#1939=CARTESIAN_POINT('',(-0.0297446599291808,0.048965961369117,-0.0345));
#1940=CARTESIAN_POINT('',(-0.0297446599291808,0.048965961369117,-0.0345));
#1941=CARTESIAN_POINT('',(-0.0280446599291808,0.048965961369117,-0.0345));
#1942=CARTESIAN_POINT('',(-0.0407135708187692,0.0549045162964535,-0.0345));
#1943=CARTESIAN_POINT('',(-0.0605679477081393,0.0598777637177443,-0.0205));
#1944=CARTESIAN_POINT('',(-0.0601111560756004,0.0567105344231648,-0.0205));
#1945=CARTESIAN_POINT('',(-0.0601111560756004,0.0567105344231648,-0.0195));
#1946=CARTESIAN_POINT('',(-0.0601111560756004,0.0567105344231648,-0.0165));
#1947=CARTESIAN_POINT('',(-0.0605679477081393,0.0598777637177443,-0.0165));
#1948=CARTESIAN_POINT('',(-0.0574007184135598,0.0603345553502832,-0.0165));
#1949=CARTESIAN_POINT('',(-0.0574007184135598,0.0603345553502832,-0.0205));
#1950=CARTESIAN_POINT('',(-0.0574007184135598,0.0603345553502832,-0.0195));
#1951=CARTESIAN_POINT('',(-0.0605679477081393,0.0598777637177443,-0.0195));
#1952=CARTESIAN_POINT('',(-0.0604943524816713,0.0564859422477352,-0.0205));
#1953=CARTESIAN_POINT('',(-0.0604943524816713,0.0564859422477352,-0.0155));
#1954=CARTESIAN_POINT('',(-0.0616371602644456,0.055816140334239,-0.0155));
#1955=CARTESIAN_POINT('',(-0.0643014320158923,0.0542546053638867,-0.0155));
#1956=CARTESIAN_POINT('',(-0.0616371602644456,0.055816140334239,-0.0155));
#1957=CARTESIAN_POINT('',(-0.0614797805731899,0.05590838088417,-0.0155));
#1958=CARTESIAN_POINT('',(-0.0611722072034735,0.0560886502476463,-0.0155480715638267));
#1959=CARTESIAN_POINT('',(-0.0607273466021804,0.05634938393049,-0.0157363132116277));
#1960=CARTESIAN_POINT('',(-0.0603317733463509,0.0565812302021695,-0.0160140673275586));
#1961=CARTESIAN_POINT('',(-0.0601111560756004,0.0567105344231648,-0.0163149879425486));
#1962=CARTESIAN_POINT('',(-0.0601111560756004,0.0567105344231648,-0.0165));
#1963=CARTESIAN_POINT('',(-0.0601111560756004,0.0567105344231648,-0.0195));
#1964=CARTESIAN_POINT('',(-0.0601111560756004,0.0567105344231648,-0.0196847034604285));
#1965=CARTESIAN_POINT('',(-0.0603315057133675,0.0565813870623931,-0.0199858624727257));
#1966=CARTESIAN_POINT('',(-0.0607276228128525,0.056349222042866,-0.02026373110666));
#1967=CARTESIAN_POINT('',(-0.0611710100919249,0.0560893518771049,-0.0204516197379076));
#1968=CARTESIAN_POINT('',(-0.0614799693836162,0.0559082702220038,-0.0205));
#1969=CARTESIAN_POINT('',(-0.0616371602644456,0.055816140334239,-0.0205));
#1970=CARTESIAN_POINT('',(-0.0616371602644456,0.055816140334239,-0.0205));
#1971=CARTESIAN_POINT('',(-0.0604943524816713,0.0564859422477352,-0.0205));
#1972=CARTESIAN_POINT('',(-0.0643014320158923,0.0542546053638867,-0.0205));
#1973=CARTESIAN_POINT('',(-0.0643014320158923,0.0542546053638867,-0.0205));
#1974=CARTESIAN_POINT('',(-0.0620259973973471,0.050372286817357,-0.0205));
#1975=CARTESIAN_POINT('',(-0.0620259973973471,0.050372286817357,-0.0155));
#1976=CARTESIAN_POINT('',(-0.0620259973973471,0.050372286817357,-0.0205));
#1977=CARTESIAN_POINT('',(-0.0566206148152848,0.063332055595912,-0.0205));
#1978=CARTESIAN_POINT('',(-0.0578083258007521,0.0631607587337099,-0.0205));
#1979=CARTESIAN_POINT('',(-0.0578083258007521,0.0631607587337099,-0.0195));
#1980=CARTESIAN_POINT('',(-0.0578083258007521,0.0631607587337099,-0.0165));
#1981=CARTESIAN_POINT('',(-0.0566206148152848,0.063332055595912,-0.0165));
#1982=CARTESIAN_POINT('',(-0.0566206148152848,0.063332055595912,-0.0195));
#1983=CARTESIAN_POINT('',(-0.0536590096245761,0.0558489204193338,-0.0205));
#1984=CARTESIAN_POINT('',(-0.0536590096245761,0.0558489204193338,-0.0205));
#1985=CARTESIAN_POINT('',(-0.0512408466703175,0.0564833397811533,-0.0205));
#1986=CARTESIAN_POINT('',(-0.0513008283652967,0.055018871536205,-0.0205));
#1987=CARTESIAN_POINT('',(-0.0512408466703175,0.0564833397811533,-0.0205));
#1988=CARTESIAN_POINT('',(-0.0511140281182047,0.0559999561660122,-0.0205));
#1989=CARTESIAN_POINT('',(-0.0511349025764767,0.0554902691774517,-0.0205));
#1990=CARTESIAN_POINT('',(-0.0513008283652967,0.055018871536205,-0.0205));
#1991=CARTESIAN_POINT('',(-0.0536590096245761,0.0558489204193338,-0.0155));
#1992=CARTESIAN_POINT('',(-0.0512408466703175,0.0564833397811533,-0.0155));
#1993=CARTESIAN_POINT('',(-0.0513008283652967,0.055018871536205,-0.0155));
#1994=CARTESIAN_POINT('',(-0.0513008283652967,0.055018871536205,-0.0155));
#1995=CARTESIAN_POINT('',(-0.0511349040510713,0.0554902649881065,-0.0155));
#1996=CARTESIAN_POINT('',(-0.051114026991149,0.0559999518701086,-0.0155));
#1997=CARTESIAN_POINT('',(-0.0512408466703175,0.0564833397811533,-0.0155));
#1998=CARTESIAN_POINT('',(-0.0576045221071559,0.0617476570419966,-0.0205));
#1999=CARTESIAN_POINT('',(-0.0576045221071559,0.0617476570419966,-0.0165));
#2000=CARTESIAN_POINT('',(-0.0574007184135598,0.0603345553502832,-0.0195));
#2001=CARTESIAN_POINT('',(-0.0620259973973471,0.050372286817357,-0.0205));
#2002=CARTESIAN_POINT('',(-0.0620259973973471,0.050372286817357,-0.0205));
#2003=CARTESIAN_POINT('',(-0.0589259973973471,0.050372286817357,-0.0205));
#2004=CARTESIAN_POINT('',(-0.0620259973973471,0.050372286817357,-0.0155));
#2005=CARTESIAN_POINT('',(-0.0589259973973471,0.050372286817357,-0.0155));
#2006=CARTESIAN_POINT('',(-0.0407135708187692,0.0549045162964535,-0.0205));
#2007=CARTESIAN_POINT('',(-0.0605679477081393,0.0598777637177443,-0.0205));
#2008=CARTESIAN_POINT('',(-0.0564109592590037,0.0604773027354516,-0.0205));
#2009=CARTESIAN_POINT('',(-0.056818566646196,0.0633035061188783,-0.0205));
#2010=CARTESIAN_POINT('',(-0.056818566646196,0.0633035061188783,-0.0205));
#2011=CARTESIAN_POINT('',(-0.0566206148152848,0.063332055595912,-0.0205));
#2012=CARTESIAN_POINT('',(-0.0565152439992959,0.0635020467460871,-0.0205));
#2013=CARTESIAN_POINT('',(-0.0509415975983549,0.0600471629553959,-0.0205));
#2014=CARTESIAN_POINT('',(-0.0506913111040729,0.0598920202193986,-0.0205));
#2015=CARTESIAN_POINT('',(-0.0306011442401913,0.0549045162964535,-0.0205));
#2016=CARTESIAN_POINT('',(-0.0306011442401913,0.0549045162964535,-0.0205));
#2017=CARTESIAN_POINT('',(-0.0407135708187692,0.0549045162964535,-0.0155));
#2018=CARTESIAN_POINT('',(-0.0553037423708807,0.0528002580750113,-0.0155));
#2019=CARTESIAN_POINT('',(-0.056818566646196,0.0633035061188783,-0.0155));
#2020=CARTESIAN_POINT('',(-0.0564109592590037,0.0604773027354516,-0.0155));
#2021=CARTESIAN_POINT('',(-0.0605679477081393,0.0598777637177443,-0.0155));
#2022=CARTESIAN_POINT('',(-0.0306011442401913,0.0549045162964535,-0.0155));
#2023=CARTESIAN_POINT('',(-0.0306011442401913,0.0549045162964535,-0.0155));
#2024=CARTESIAN_POINT('',(-0.0506913111040729,0.0598920202193986,-0.0155));
#2025=CARTESIAN_POINT('',(-0.0412497267899513,0.0540395541211196,-0.0155));
#2026=CARTESIAN_POINT('',(-0.0565152439992959,0.0635020467460871,-0.0155));
#2027=CARTESIAN_POINT('',(-0.0566206148152848,0.063332055595912,-0.0155));
#2028=CARTESIAN_POINT('',(-0.0306011442401913,0.0549045162964535,-0.012));
#2029=CARTESIAN_POINT('',(-0.047589165581743,0.0575965658686161,-0.012));
#2030=CARTESIAN_POINT('',(-0.047589165581743,0.0575965658686161,-0.0126897768521171));
#2031=CARTESIAN_POINT('',(-0.0477910207230251,0.0576696970126608,-0.013364766814595));
#2032=CARTESIAN_POINT('',(-0.048115044813728,0.0579264173545735,-0.0139185595899351));
#2033=CARTESIAN_POINT('',(-0.048115044813728,0.0579264173545736,-0.0139185595899351));
#2034=CARTESIAN_POINT('',(-0.0481150448137281,0.0579264173545735,-0.0139185595899351));
#2035=CARTESIAN_POINT('',(-0.0486994576837222,0.0583894405559585,-0.0149173854010546));
#2036=CARTESIAN_POINT('',(-0.0496823988774155,0.0591472436902137,-0.0155));
#2037=CARTESIAN_POINT('',(-0.0506913111040729,0.0598920202193986,-0.0155));
#2038=CARTESIAN_POINT('',(-0.0306011442401913,0.0549045162964535,-0.024));
#2039=CARTESIAN_POINT('',(-0.0506913111040729,0.0598920202193986,-0.0205));
#2040=CARTESIAN_POINT('',(-0.04967966810707,0.0591452278422478,-0.0205));
#2041=CARTESIAN_POINT('',(-0.0486986670859628,0.0583888141749796,-0.0210839658173884));
#2042=CARTESIAN_POINT('',(-0.0481150448137279,0.0579264173545734,-0.0220814404100651));
#2043=CARTESIAN_POINT('',(-0.0481150448137279,0.0579264173545735,-0.0220814404100651));
#2044=CARTESIAN_POINT('',(-0.0481150448137279,0.0579264173545735,-0.0220814404100651));
#2045=CARTESIAN_POINT('',(-0.0477912017791021,0.0576698404611862,-0.0226349237406748));
#2046=CARTESIAN_POINT('',(-0.047589165581743,0.0575965658686161,-0.0233103559449274));
#2047=CARTESIAN_POINT('',(-0.047589165581743,0.0575965658686161,-0.024));
#2048=CARTESIAN_POINT('',(-0.0389801157650442,0.0620314255975253,-0.0358));
#2049=CARTESIAN_POINT('',(-0.0374948719161479,0.046332671761597,-0.0358));
#2050=CARTESIAN_POINT('',(-0.0374948719161479,0.046332671761597,-0.003));
#2051=CARTESIAN_POINT('',(-0.0389801157650442,0.0620314255975253,-0.003));
#2052=CARTESIAN_POINT('',(-0.0306011442401912,0.0549045162964535,-0.0298));
#2053=CARTESIAN_POINT('',(-0.0306011442401912,0.0549045162964535,-0.006));
#2054=CARTESIAN_POINT('',(-0.0466014899223505,0.0574400513586067,-0.0358));
#2055=CARTESIAN_POINT('',(-0.0466014899223505,0.0574400513586067,-0.012));
#2056=CARTESIAN_POINT('',(-0.048115044813728,0.0579264173545735,-0.0139185595899351));
#2057=CARTESIAN_POINT('',(-0.047723886769618,0.0592291626330431,-0.0136683984797183));
#2058=CARTESIAN_POINT('',(-0.0467639957800309,0.0586341640302981,-0.0144667194727737));
#2059=CARTESIAN_POINT('',(-0.0477868188966217,0.0576663679905169,-0.0133575854403249));
#2060=CARTESIAN_POINT('',(-0.0475700265652267,0.0589777273860969,-0.0132481723025176));
#2061=CARTESIAN_POINT('',(-0.0464338268031654,0.0584295052908831,-0.0137454669943424));
#2062=CARTESIAN_POINT('',(-0.0475891655815268,0.0575965658699811,-0.0126861394018715));
#2063=CARTESIAN_POINT('',(-0.0473949775761331,0.0588219779436298,-0.0126332730045234));
#2064=CARTESIAN_POINT('',(-0.04623876916537,0.0583719492352303,-0.0128821792309776));
#2065=CARTESIAN_POINT('',(-0.0475891655817431,0.0575965658686162,-0.012));
#2066=CARTESIAN_POINT('',(-0.047394977572618,0.0588219779402968,-0.012));
#2067=CARTESIAN_POINT('',(-0.0462387691608882,0.0583719492334858,-0.012));
#2068=CARTESIAN_POINT('',(-0.0472908498599754,0.057784208279423,-0.0144667194727737));
#2069=CARTESIAN_POINT('',(-0.046763995780031,0.0586341640302982,-0.0144667194727737));
#2070=CARTESIAN_POINT('',(-0.047723886769618,0.0592291626330432,-0.0136683984797182));
#2071=CARTESIAN_POINT('',(-0.048115044813728,0.0579264173545736,-0.0139185595899351));
#2072=CARTESIAN_POINT('',(-0.0471455379256653,0.0588706669728234,-0.0151017494847489));
#2073=CARTESIAN_POINT('',(-0.047937342939397,0.0593614757020533,-0.0141328275425633));
#2074=CARTESIAN_POINT('',(-0.0484040328046478,0.0581553790217124,-0.014412471821049));
#2075=CARTESIAN_POINT('',(-0.0481874193265434,0.0595164882009351,-0.0161316943457427));
#2076=CARTESIAN_POINT('',(-0.0485763777672002,0.0597575882125478,-0.0149966384710298));
#2077=CARTESIAN_POINT('',(-0.0491928567491458,0.058772734497216,-0.0152135400449425));
#2078=CARTESIAN_POINT('',(-0.0494993139713224,0.060329679999858,-0.0164999999949663));
#2079=CARTESIAN_POINT('',(-0.0496194055960049,0.0604041200661175,-0.0154479369824256));
#2080=CARTESIAN_POINT('',(-0.0501868218984444,0.059519607526195,-0.0155));
#2081=CARTESIAN_POINT('',(-0.0501644570241284,0.0607419759702738,-0.0165));
#2082=CARTESIAN_POINT('',(-0.0501644570241284,0.0607419759702738,-0.0155));
#2083=CARTESIAN_POINT('',(-0.0506913111040729,0.0598920202193986,-0.0155));
#2084=CARTESIAN_POINT('',(-0.0506913111040729,0.0598920202193986,-0.0165));
#2085=CARTESIAN_POINT('',(-0.0412497267899513,0.0540395541211196,-0.0165));
#2086=CARTESIAN_POINT('',(-0.0565152439992959,0.0635020467460871,-0.0165));
#2087=CARTESIAN_POINT('',(-0.0566206148152848,0.063332055595912,-0.0165));
#2088=CARTESIAN_POINT('',(-0.056818566646196,0.0633035061188783,-0.0165));
#2089=CARTESIAN_POINT('',(-0.0553037423708807,0.0528002580750113,-0.0165));
#2090=CARTESIAN_POINT('',(-0.0564109592590037,0.0604773027354516,-0.0165));
#2091=CARTESIAN_POINT('',(-0.0605679477081393,0.0598777637177443,-0.0165));
#2092=CARTESIAN_POINT('',(-0.0466014899223505,0.0574400513586067,-0.0358));
#2093=CARTESIAN_POINT('',(-0.0466014899223505,0.0574400513586067,-0.024));
#2094=CARTESIAN_POINT('',(-0.0475891655817431,0.0575965658686162,-0.024));
#2095=CARTESIAN_POINT('',(-0.047394977572618,0.0588219779402968,-0.024));
#2096=CARTESIAN_POINT('',(-0.0462387691608882,0.0583719492334858,-0.024));
#2097=CARTESIAN_POINT('',(-0.0475891655814795,0.0575965658702793,-0.0233138947869113));
#2098=CARTESIAN_POINT('',(-0.0473949775768523,0.0588219779443142,-0.0233667585499785));
#2099=CARTESIAN_POINT('',(-0.0462387691663185,0.0583719492355994,-0.0231178647260279));
#2100=CARTESIAN_POINT('',(-0.047786917894996,0.0576664464245359,-0.0226422453608835));
#2101=CARTESIAN_POINT('',(-0.0475700714675002,0.0589778007638121,-0.0227517050589546));
#2102=CARTESIAN_POINT('',(-0.0464339263864458,0.0584295670186348,-0.0222543154635721));
#2103=CARTESIAN_POINT('',(-0.0481150448137279,0.0579264173545734,-0.0220814404100651));
#2104=CARTESIAN_POINT('',(-0.047723886769618,0.059229162633043,-0.0223316015202819));
#2105=CARTESIAN_POINT('',(-0.0467639957800309,0.0586341640302981,-0.0215332805272266));
#2106=CARTESIAN_POINT('',(-0.0472908498599752,0.0577842082794228,-0.0215332805272266));
#2107=CARTESIAN_POINT('',(-0.0501644570241284,0.0607419759702738,-0.0195));
#2108=CARTESIAN_POINT('',(-0.0501644570241284,0.0607419759702738,-0.0205));
#2109=CARTESIAN_POINT('',(-0.0506913111040729,0.0598920202193986,-0.0205));
#2110=CARTESIAN_POINT('',(-0.0494974462276868,0.0603285222591713,-0.0195000000061641));
#2111=CARTESIAN_POINT('',(-0.0496178351173784,0.0604031465883067,-0.0205522130298331));
#2112=CARTESIAN_POINT('',(-0.0501854052761175,0.0595185617790403,-0.0205));
#2113=CARTESIAN_POINT('',(-0.0481849016434446,0.0595149275883841,-0.0198700391689538));
#2114=CARTESIAN_POINT('',(-0.0485746713179699,0.0597565304518798,-0.021005011977933));
#2115=CARTESIAN_POINT('',(-0.0491909508890118,0.0587712630085167,-0.0207878082462947));
#2116=CARTESIAN_POINT('',(-0.0471449532805789,0.0588703045743706,-0.0208992235987802));
#2117=CARTESIAN_POINT('',(-0.0479370256291258,0.0593612790139672,-0.0218678628585899));
#2118=CARTESIAN_POINT('',(-0.0484035899774737,0.0581550281779571,-0.0215882850185178));
#2119=CARTESIAN_POINT('',(-0.0467639957800309,0.0586341640302981,-0.0215332805272265));
#2120=CARTESIAN_POINT('',(-0.047723886769618,0.0592291626330432,-0.0223316015202819));
#2121=CARTESIAN_POINT('',(-0.0481150448137279,0.0579264173545735,-0.022081440410065));
#2122=CARTESIAN_POINT('',(-0.0506913111040729,0.0598920202193986,-0.0195));
#2123=CARTESIAN_POINT('',(-0.0475652135853638,0.0579542755422902,-0.0195));
#2124=CARTESIAN_POINT('',(-0.0565152439992959,0.063502046746087,-0.0195));
#2125=CARTESIAN_POINT('',(-0.0566206148152848,0.063332055595912,-0.0195));
#2126=CARTESIAN_POINT('',(-0.056818566646196,0.0633035061188783,-0.0195));
#2127=CARTESIAN_POINT('',(-0.0566147629525999,0.061890404427165,-0.0195));
#2128=CARTESIAN_POINT('',(-0.0564109592590037,0.0604773027354516,-0.0195));
#2129=CARTESIAN_POINT('',(-0.0605679477081393,0.0598777637177443,-0.0195));
#2130=MECHANICAL_DESIGN_GEOMETRIC_PRESENTATION_REPRESENTATION('',(#1155),
#2131);
#2131=(
GEOMETRIC_REPRESENTATION_CONTEXT(3)
GLOBAL_UNCERTAINTY_ASSIGNED_CONTEXT((#2132))
GLOBAL_UNIT_ASSIGNED_CONTEXT((#2135,#2134,#2133))
REPRESENTATION_CONTEXT('servo_output_adapter','TOP_LEVEL_ASSEMBLY_PART')
);
#2132=UNCERTAINTY_MEASURE_WITH_UNIT(LENGTH_MEASURE(2.E-5),#2135,
'DISTANCE_ACCURACY_VALUE','Maximum Tolerance applied to model');
#2133=(
NAMED_UNIT(*)
SI_UNIT($,.STERADIAN.)
SOLID_ANGLE_UNIT()
);
#2134=(
NAMED_UNIT(*)
PLANE_ANGLE_UNIT()
SI_UNIT($,.RADIAN.)
);
#2135=(
LENGTH_UNIT()
NAMED_UNIT(*)
SI_UNIT($,.METRE.)
);
#2136=PRODUCT_DEFINITION_SHAPE('','',#2137);
#2137=PRODUCT_DEFINITION('','',#2139,#2138);
#2138=PRODUCT_DEFINITION_CONTEXT('',#2145,'design');
#2139=PRODUCT_DEFINITION_FORMATION_WITH_SPECIFIED_SOURCE('','',#2141,
 .NOT_KNOWN.);
#2140=PRODUCT_RELATED_PRODUCT_CATEGORY('','',(#2141));
#2141=PRODUCT('servo_output_adapter','servo_output_adapter',
'servo_output_adapter',(#2143));
#2142=PRODUCT_CATEGORY('','');
#2143=PRODUCT_CONTEXT('',#2145,'mechanical');
#2144=APPLICATION_PROTOCOL_DEFINITION('international standard',
'ap242_managed_model_based_3d_engineering',2020,#2145);
#2145=APPLICATION_CONTEXT('managed model based 3d engineering');
ENDSEC;
END-ISO-10303-21;
