ISO-10303-21;
HEADER;
/* Generated by software containing ST-Developer
 * from STEP Tools, Inc. (www.steptools.com) 
 */
/* OPTION: using custom renumber hook */

FILE_DESCRIPTION(
/* description */ ('STEP AP242 Edition 2',
'CAx-IF Rec.Pracs.---Representation and Presentation of Product Manufa
cturing Information (PMI)---4.0---2014-10-13',
'CAx-IF Rec.Pracs.---3D Tessellated Geometry---0.4---2014-09-14','2;1',
'CAx-IF Rec.Pracs.---User Defined Attributes---1.5---2016-08-15'),
/* implementation_level */ '2;1');

FILE_NAME(
/* name */ 'gripper - unitree_g1',
/* time_stamp */ '2026-02-08T09:29:50Z',
/* author */ (''),
/* organization */ (''),
/* preprocessor_version */ 'ST-DEVELOPER v20',
/* originating_system */ 'ONSHAPE BY PTC INC, 1.210',
/* authorisation */ '  ');

FILE_SCHEMA (('AP242_MANAGED_MODEL_BASED_3D_ENGINEERING_MIM_LF { 1 0 10303 442 3 1 4 }'));
ENDSEC;

DATA;
#10=SHAPE_REPRESENTATION_RELATIONSHIP('','',#3203,#11);
#11=ADVANCED_BREP_SHAPE_REPRESENTATION('',(#3201),#6363);
#12=TOROIDAL_SURFACE('',#3427,0.024,0.001);
#13=TOROIDAL_SURFACE('',#3432,0.024,0.001);
#14=TOROIDAL_SURFACE('',#3437,0.024,0.001);
#15=TOROIDAL_SURFACE('',#3438,0.024,0.001);
#16=TOROIDAL_SURFACE('',#3443,0.024,0.001);
#17=TOROIDAL_SURFACE('',#3444,0.024,0.001);
#18=TOROIDAL_SURFACE('',#3449,0.0235,0.001);
#19=TOROIDAL_SURFACE('',#3455,0.0235,0.001);
#20=TOROIDAL_SURFACE('',#3460,0.0235,0.001);
#21=TOROIDAL_SURFACE('',#3461,0.0235,0.001);
#22=TOROIDAL_SURFACE('',#3468,0.0235,0.001);
#23=TOROIDAL_SURFACE('',#3482,0.024,0.001);
#24=TOROIDAL_SURFACE('',#3483,0.024,0.001);
#25=TOROIDAL_SURFACE('',#3484,0.0235,0.001);
#26=(
BOUNDED_SURFACE()
B_SPLINE_SURFACE(3,2,((#5301,#5302,#5303),(#5304,#5305,#5306),(#5307,#5308,
#5309),(#5310,#5311,#5312),(#5313,#5314,#5315),(#5316,#5317,#5318),(#5319,
#5320,#5321),(#5322,#5323,#5324),(#5325,#5326,#5327),(#5328,#5329,#5330),
(#5331,#5332,#5333),(#5334,#5335,#5336),(#5337,#5338,#5339),(#5340,#5341,
#5342)),.UNSPECIFIED.,.F.,.F.,.F.)
B_SPLINE_SURFACE_WITH_KNOTS((4,2,2,2,2,2,4),(3,3),(0.,0.000609983987861513,
0.00121996797572303,0.00182995196358454,0.00243993595144605,0.00365990392716907,
0.0048798719028921),(0.,1.),.UNSPECIFIED.)
GEOMETRIC_REPRESENTATION_ITEM()
RATIONAL_B_SPLINE_SURFACE(((1.,0.923879532511289,1.),(1.,0.923877852318464,
1.),(1.,0.923352058504167,1.),(1.,0.921302162700606,1.),(1.,0.919761954183516,
1.),(1.,0.915728653378552,1.),(1.,0.913269179242661,1.),(1.,0.907508367082334,
1.),(1.,0.904173052048564,1.),(1.,0.893169354947256,1.),(1.,0.884534721671707,
1.),(1.,0.864600466704753,1.),(1.,0.853578296223983,1.),(1.,0.841462970005784,
1.)))
REPRESENTATION_ITEM('')
SURFACE()
);
#27=(
BOUNDED_SURFACE()
B_SPLINE_SURFACE(3,2,((#5345,#5346,#5347),(#5348,#5349,#5350),(#5351,#5352,
#5353),(#5354,#5355,#5356),(#5357,#5358,#5359),(#5360,#5361,#5362),(#5363,
#5364,#5365),(#5366,#5367,#5368),(#5369,#5370,#5371),(#5372,#5373,#5374),
(#5375,#5376,#5377),(#5378,#5379,#5380),(#5381,#5382,#5383),(#5384,#5385,
#5386),(#5387,#5388,#5389),(#5390,#5391,#5392)),.UNSPECIFIED.,.F.,.F.,.F.)
B_SPLINE_SURFACE_WITH_KNOTS((4,2,2,2,2,2,2,4),(3,3),(0.,0.00121350684903287,
0.0018202602735493,0.00242701369806573,0.00303376712258217,0.00364052054709861,
0.00424727397161504,0.00485402739613147),(0.,1.),.UNSPECIFIED.)
GEOMETRIC_REPRESENTATION_ITEM()
RATIONAL_B_SPLINE_SURFACE(((1.,0.841462970005785,1.),(1.,0.853599997413947,
1.),(1.,0.864512596697094,1.),(1.,0.879254933277572,1.),(1.,0.883896590952895,
1.),(1.,0.892632719322961,1.),(1.,0.896726441169307,1.),(1.,0.90407714762546,
1.),(1.,0.907373873874861,1.),(1.,0.913187234285252,1.),(1.,0.915703986697563,
1.),(1.,0.919718855898911,1.),(1.,0.921251130999927,1.),(1.,0.923334605034112,
1.),(1.,0.923883021403403,1.),(1.,0.923879532511288,1.)))
REPRESENTATION_ITEM('')
SURFACE()
);
#28=(
BOUNDED_SURFACE()
B_SPLINE_SURFACE(3,2,((#5480,#5481,#5482),(#5483,#5484,#5485),(#5486,#5487,
#5488),(#5489,#5490,#5491),(#5492,#5493,#5494),(#5495,#5496,#5497),(#5498,
#5499,#5500),(#5501,#5502,#5503),(#5504,#5505,#5506),(#5507,#5508,#5509),
(#5510,#5511,#5512),(#5513,#5514,#5515),(#5516,#5517,#5518),(#5519,#5520,
#5521),(#5522,#5523,#5524),(#5525,#5526,#5527)),.UNSPECIFIED.,.F.,.F.,.F.)
B_SPLINE_SURFACE_WITH_KNOTS((4,2,2,2,2,2,2,4),(3,3),(0.,0.00121350684903287,
0.0018202602735493,0.00242701369806573,0.00303376712258217,0.00364052054709861,
0.00424727397161504,0.00485402739613147),(0.,1.),.UNSPECIFIED.)
GEOMETRIC_REPRESENTATION_ITEM()
RATIONAL_B_SPLINE_SURFACE(((1.,0.841462970005786,1.),(1.,0.853599997414065,
1.),(1.,0.864512596696936,1.),(1.,0.879254933277649,1.),(1.,0.883896590952973,
1.),(1.,0.89263271932288,1.),(1.,0.896726441169588,1.),(1.,0.904077147625173,
1.),(1.,0.907373873874883,1.),(1.,0.913187234285228,1.),(1.,0.915703986697572,
1.),(1.,0.919718855898897,1.),(1.,0.921251130999914,1.),(1.,0.923334605034122,
1.),(1.,0.923883021403395,1.),(1.,0.923879532511285,1.)))
REPRESENTATION_ITEM('')
SURFACE()
);
#29=(
BOUNDED_SURFACE()
B_SPLINE_SURFACE(3,2,((#5530,#5531,#5532),(#5533,#5534,#5535),(#5536,#5537,
#5538),(#5539,#5540,#5541),(#5542,#5543,#5544),(#5545,#5546,#5547),(#5548,
#5549,#5550),(#5551,#5552,#5553),(#5554,#5555,#5556),(#5557,#5558,#5559),
(#5560,#5561,#5562),(#5563,#5564,#5565),(#5566,#5567,#5568),(#5569,#5570,
#5571)),.UNSPECIFIED.,.F.,.F.,.F.)
B_SPLINE_SURFACE_WITH_KNOTS((4,2,2,2,2,2,4),(3,3),(0.,0.000609983987861511,
0.00121996797572302,0.00182995196358454,0.00243993595144605,0.00365990392716906,
0.00487987190289209),(0.,1.),.UNSPECIFIED.)
GEOMETRIC_REPRESENTATION_ITEM()
RATIONAL_B_SPLINE_SURFACE(((1.,0.923879532511286,1.),(1.,0.923877852318449,
1.),(1.,0.923352058504186,1.),(1.,0.92130216270058,1.),(1.,0.919761954183548,
1.),(1.,0.915728653378516,1.),(1.,0.913269179242884,1.),(1.,0.907508367082104,
1.),(1.,0.904173052048314,1.),(1.,0.893169354947755,1.),(1.,0.884534721672552,
1.),(1.,0.864600466703908,1.),(1.,0.853578296224613,1.),(1.,0.841462970005787,
1.)))
REPRESENTATION_ITEM('')
SURFACE()
);
#30=(
BOUNDED_SURFACE()
B_SPLINE_SURFACE(3,2,((#5675,#5676,#5677),(#5678,#5679,#5680),(#5681,#5682,
#5683),(#5684,#5685,#5686),(#5687,#5688,#5689),(#5690,#5691,#5692),(#5693,
#5694,#5695),(#5696,#5697,#5698),(#5699,#5700,#5701),(#5702,#5703,#5704),
(#5705,#5706,#5707),(#5708,#5709,#5710),(#5711,#5712,#5713),(#5714,#5715,
#5716)),.UNSPECIFIED.,.F.,.F.,.F.)
B_SPLINE_SURFACE_WITH_KNOTS((4,2,2,2,2,2,4),(3,3),(0.,0.000609983987861519,
0.00121996797572304,0.00182995196358456,0.00243993595144607,0.00365990392716911,
0.00487987190289215),(0.,1.),.UNSPECIFIED.)
GEOMETRIC_REPRESENTATION_ITEM()
RATIONAL_B_SPLINE_SURFACE(((1.,0.923879532511286,1.),(1.,0.923877852318327,
1.),(1.,0.923352058504348,1.),(1.,0.921302162700425,1.),(1.,0.919761954183698,
1.),(1.,0.91572865337837,1.),(1.,0.913269179243168,1.),(1.,0.907508367081822,
1.),(1.,0.904173052048484,1.),(1.,0.893169354947414,1.),(1.,0.884534721672073,
1.),(1.,0.864600466704388,1.),(1.,0.853578296224251,1.),(1.,0.841462970005782,
1.)))
REPRESENTATION_ITEM('')
SURFACE()
);
#31=(
BOUNDED_SURFACE()
B_SPLINE_SURFACE(3,2,((#5721,#5722,#5723),(#5724,#5725,#5726),(#5727,#5728,
#5729),(#5730,#5731,#5732),(#5733,#5734,#5735),(#5736,#5737,#5738),(#5739,
#5740,#5741),(#5742,#5743,#5744),(#5745,#5746,#5747),(#5748,#5749,#5750),
(#5751,#5752,#5753),(#5754,#5755,#5756),(#5757,#5758,#5759),(#5760,#5761,
#5762),(#5763,#5764,#5765),(#5766,#5767,#5768)),.UNSPECIFIED.,.F.,.F.,.F.)
B_SPLINE_SURFACE_WITH_KNOTS((4,2,2,2,2,2,2,4),(3,3),(0.,0.00121350684903286,
0.00182026027354929,0.00242701369806573,0.00303376712258216,0.00364052054709859,
0.00424727397161502,0.00485402739613145),(0.,1.),.UNSPECIFIED.)
GEOMETRIC_REPRESENTATION_ITEM()
RATIONAL_B_SPLINE_SURFACE(((1.,0.841462970005785,1.),(1.,0.853599997413693,
1.),(1.,0.864512596697432,1.),(1.,0.879254933277404,1.),(1.,0.883896590952826,
1.),(1.,0.892632719323028,1.),(1.,0.896726441169475,1.),(1.,0.904077147625287,
1.),(1.,0.907373873874826,1.),(1.,0.913187234285285,1.),(1.,0.915703986697335,
1.),(1.,0.919718855899136,1.),(1.,0.921251130999927,1.),(1.,0.923334605034112,
1.),(1.,0.923883021403404,1.),(1.,0.923879532511286,1.)))
REPRESENTATION_ITEM('')
SURFACE()
);
#32=(
BOUNDED_SURFACE()
B_SPLINE_SURFACE(3,2,((#5839,#5840,#5841),(#5842,#5843,#5844),(#5845,#5846,
#5847),(#5848,#5849,#5850),(#5851,#5852,#5853),(#5854,#5855,#5856),(#5857,
#5858,#5859),(#5860,#5861,#5862),(#5863,#5864,#5865),(#5866,#5867,#5868),
(#5869,#5870,#5871),(#5872,#5873,#5874),(#5875,#5876,#5877),(#5878,#5879,
#5880),(#5881,#5882,#5883),(#5884,#5885,#5886)),.UNSPECIFIED.,.F.,.F.,.F.)
B_SPLINE_SURFACE_WITH_KNOTS((4,2,2,2,2,2,2,4),(3,3),(-2.03830008427275E-17,
0.00121350684903286,0.0018202602735493,0.00242701369806575,0.00303376712258219,
0.00364052054709863,0.00424727397161508,0.00485402739613152),(0.,1.),
 .UNSPECIFIED.)
GEOMETRIC_REPRESENTATION_ITEM()
RATIONAL_B_SPLINE_SURFACE(((1.,0.841462970005782,1.),(1.,0.853599997413628,
1.),(1.,0.864512596697521,1.),(1.,0.879254933277358,1.),(1.,0.883896590952975,
1.),(1.,0.892632719322881,1.),(1.,0.896726441169497,1.),(1.,0.904077147625264,
1.),(1.,0.907373873874987,1.),(1.,0.913187234285128,1.),(1.,0.915703986697199,
1.),(1.,0.919718855899271,1.),(1.,0.921251131000054,1.),(1.,0.923334605033989,
1.),(1.,0.923883021403496,1.),(1.,0.923879532511286,1.)))
REPRESENTATION_ITEM('')
SURFACE()
);
#33=(
BOUNDED_SURFACE()
B_SPLINE_SURFACE(3,2,((#5891,#5892,#5893),(#5894,#5895,#5896),(#5897,#5898,
#5899),(#5900,#5901,#5902),(#5903,#5904,#5905),(#5906,#5907,#5908),(#5909,
#5910,#5911),(#5912,#5913,#5914),(#5915,#5916,#5917),(#5918,#5919,#5920),
(#5921,#5922,#5923),(#5924,#5925,#5926),(#5927,#5928,#5929),(#5930,#5931,
#5932)),.UNSPECIFIED.,.F.,.F.,.F.)
B_SPLINE_SURFACE_WITH_KNOTS((4,2,2,2,2,2,4),(3,3),(0.,0.000609983987861511,
0.00121996797572302,0.00182995196358454,0.00243993595144605,0.00365990392716906,
0.00487987190289209),(0.,1.),.UNSPECIFIED.)
GEOMETRIC_REPRESENTATION_ITEM()
RATIONAL_B_SPLINE_SURFACE(((1.,0.923879532511285,1.),(1.,0.923877852318382,
1.),(1.,0.923352058504279,1.),(1.,0.921302162700492,1.),(1.,0.91976195418364,
1.),(1.,0.915728653378425,1.),(1.,0.913269179242638,1.),(1.,0.907508367082356,
1.),(1.,0.904173052048328,1.),(1.,0.893169354947735,1.),(1.,0.884534721672093,
1.),(1.,0.864600466704363,1.),(1.,0.853578296224279,1.),(1.,0.841462970005785,
1.)))
REPRESENTATION_ITEM('')
SURFACE()
);
#34=(
BOUNDED_SURFACE()
B_SPLINE_SURFACE(3,2,((#5976,#5977,#5978),(#5979,#5980,#5981),(#5982,#5983,
#5984),(#5985,#5986,#5987),(#5988,#5989,#5990),(#5991,#5992,#5993),(#5994,
#5995,#5996),(#5997,#5998,#5999)),.UNSPECIFIED.,.F.,.F.,.F.)
B_SPLINE_SURFACE_WITH_KNOTS((4,2,2,4),(3,3),(-2.16840434497101E-19,0.000950546721206987,
0.00190109344241397,0.00380218688482795),(0.,1.),.UNSPECIFIED.)
GEOMETRIC_REPRESENTATION_ITEM()
RATIONAL_B_SPLINE_SURFACE(((1.,0.915356826302683,1.),(1.,0.927983788448515,
1.),(1.,0.939556765086727,1.),(1.,0.960223414056254,1.),(1.,0.96936955050282,
1.),(1.,0.991823797039864,1.),(1.,0.999966041808585,1.),(1.,1.,1.)))
REPRESENTATION_ITEM('')
SURFACE()
);
#35=(
BOUNDED_SURFACE()
B_SPLINE_SURFACE(3,2,((#6001,#6002,#6003),(#6004,#6005,#6006),(#6007,#6008,
#6009),(#6010,#6011,#6012),(#6013,#6014,#6015),(#6016,#6017,#6018)),
 .UNSPECIFIED.,.F.,.F.,.F.)
B_SPLINE_SURFACE_WITH_KNOTS((4,2,4),(3,3),(4.33680868994202E-19,0.00120887299556052,
0.00241774599112104),(0.,1.),.UNSPECIFIED.)
GEOMETRIC_REPRESENTATION_ITEM()
RATIONAL_B_SPLINE_SURFACE(((1.,0.915356826302683,1.),(1.,0.918146602042792,
1.),(1.,0.920258341102247,1.),(1.,0.923130413673334,1.),(1.,0.92388550377783,
1.),(1.,0.923879532511286,1.)))
REPRESENTATION_ITEM('')
SURFACE()
);
#36=(
BOUNDED_SURFACE()
B_SPLINE_SURFACE(3,2,((#6024,#6025,#6026),(#6027,#6028,#6029),(#6030,#6031,
#6032),(#6033,#6034,#6035),(#6036,#6037,#6038),(#6039,#6040,#6041)),
 .UNSPECIFIED.,.F.,.F.,.F.)
B_SPLINE_SURFACE_WITH_KNOTS((4,2,4),(3,3),(2.16840434497101E-19,0.00120842522005666,
0.00241685044011332),(0.,1.),.UNSPECIFIED.)
GEOMETRIC_REPRESENTATION_ITEM()
RATIONAL_B_SPLINE_SURFACE(((1.,0.923879532511285,1.),(1.,0.923875539606703,
1.),(1.,0.923151095060817,1.),(1.,0.920299261825097,1.),(1.,0.918147659586196,
1.),(1.,0.91535682630259,1.)))
REPRESENTATION_ITEM('')
SURFACE()
);
#37=(
BOUNDED_SURFACE()
B_SPLINE_SURFACE(3,2,((#6047,#6048,#6049),(#6050,#6051,#6052),(#6053,#6054,
#6055),(#6056,#6057,#6058),(#6059,#6060,#6061),(#6062,#6063,#6064),(#6065,
#6066,#6067),(#6068,#6069,#6070)),.UNSPECIFIED.,.F.,.F.,.F.)
B_SPLINE_SURFACE_WITH_KNOTS((4,2,2,4),(3,3),(0.,0.000950546721203906,0.00190109344240781,
0.00380218688481562),(0.,1.),.UNSPECIFIED.)
GEOMETRIC_REPRESENTATION_ITEM()
RATIONAL_B_SPLINE_SURFACE(((1.,0.915356826303219,1.),(1.,0.927983788448989,
1.),(1.,0.939556765087123,1.),(1.,0.960223414056546,1.),(1.,0.969369550503317,
1.),(1.,0.991823797039389,1.),(1.,0.999966041809009,1.),(1.,1.,1.)))
REPRESENTATION_ITEM('')
SURFACE()
);
#38=(
BOUNDED_SURFACE()
B_SPLINE_SURFACE(3,2,((#6071,#6072,#6073),(#6074,#6075,#6076),(#6077,#6078,
#6079),(#6080,#6081,#6082),(#6083,#6084,#6085),(#6086,#6087,#6088),(#6089,
#6090,#6091),(#6092,#6093,#6094)),.UNSPECIFIED.,.F.,.F.,.F.)
B_SPLINE_SURFACE_WITH_KNOTS((4,2,2,4),(3,3),(-4.05751821030975E-15,0.000950546721207962,
0.00190109344241998,0.00380218688484402),(0.,1.),.UNSPECIFIED.)
GEOMETRIC_REPRESENTATION_ITEM()
RATIONAL_B_SPLINE_SURFACE(((1.,0.915356826302056,1.),(1.,0.927983788447901,
1.),(1.,0.939556765085888,1.),(1.,0.960223414056122,1.),(1.,0.969369550502568,
1.),(1.,0.991823797039674,1.),(1.,0.999966041808668,1.),(1.,1.,1.)))
REPRESENTATION_ITEM('')
SURFACE()
);
#39=(
BOUNDED_SURFACE()
B_SPLINE_SURFACE(3,2,((#6096,#6097,#6098),(#6099,#6100,#6101),(#6102,#6103,
#6104),(#6105,#6106,#6107),(#6108,#6109,#6110),(#6111,#6112,#6113)),
 .UNSPECIFIED.,.F.,.F.,.F.)
B_SPLINE_SURFACE_WITH_KNOTS((4,2,4),(3,3),(-1.51788304147971E-18,0.00120842522004165,
0.0024168504400833),(0.,1.),.UNSPECIFIED.)
GEOMETRIC_REPRESENTATION_ITEM()
RATIONAL_B_SPLINE_SURFACE(((1.,0.923879532511286,1.),(1.,0.923875539606064,
1.),(1.,0.923151095061686,1.),(1.,0.920299261824342,1.),(1.,0.91814765958698,
1.),(1.,0.915356826302792,1.)))
REPRESENTATION_ITEM('')
SURFACE()
);
#40=(
BOUNDED_SURFACE()
B_SPLINE_SURFACE(3,2,((#6116,#6117,#6118),(#6119,#6120,#6121),(#6122,#6123,
#6124),(#6125,#6126,#6127),(#6128,#6129,#6130),(#6131,#6132,#6133)),
 .UNSPECIFIED.,.F.,.F.,.F.)
B_SPLINE_SURFACE_WITH_KNOTS((4,2,4),(3,3),(4.33680868994202E-19,0.00120887299556053,
0.00241774599112107),(0.,1.),.UNSPECIFIED.)
GEOMETRIC_REPRESENTATION_ITEM()
RATIONAL_B_SPLINE_SURFACE(((1.,0.915356826302682,1.),(1.,0.91814660204318,
1.),(1.,0.920258341101734,1.),(1.,0.923130413673853,1.),(1.,0.923885503777443,
1.),(1.,0.923879532511287,1.)))
REPRESENTATION_ITEM('')
SURFACE()
);
#41=(
BOUNDED_SURFACE()
B_SPLINE_SURFACE(3,2,((#6141,#6142,#6143),(#6144,#6145,#6146),(#6147,#6148,
#6149),(#6150,#6151,#6152),(#6153,#6154,#6155),(#6156,#6157,#6158),(#6159,
#6160,#6161),(#6162,#6163,#6164)),.UNSPECIFIED.,.F.,.F.,.F.)
B_SPLINE_SURFACE_WITH_KNOTS((4,2,2,4),(3,3),(-1.3010426069826E-18,0.000950546721206092,
0.00190109344241218,0.00380218688482437),(0.,1.),.UNSPECIFIED.)
GEOMETRIC_REPRESENTATION_ITEM()
RATIONAL_B_SPLINE_SURFACE(((1.,0.915356826302684,1.),(1.,0.92798378844842,
1.),(1.,0.939556765086815,1.),(1.,0.960223414056111,1.),(1.,0.969369550503032,
1.),(1.,0.991823797039311,1.),(1.,0.999966041808938,1.),(1.,1.,1.)))
REPRESENTATION_ITEM('')
SURFACE()
);
#42=(
BOUNDED_SURFACE()
B_SPLINE_SURFACE(3,2,((#6165,#6166,#6167),(#6168,#6169,#6170),(#6171,#6172,
#6173),(#6174,#6175,#6176),(#6177,#6178,#6179),(#6180,#6181,#6182),(#6183,
#6184,#6185),(#6186,#6187,#6188)),.UNSPECIFIED.,.F.,.F.,.F.)
B_SPLINE_SURFACE_WITH_KNOTS((4,2,2,4),(3,3),(-6.48786580015326E-15,0.000950546721209558,
0.00190109344242561,0.00380218688485769),(0.,1.),.UNSPECIFIED.)
GEOMETRIC_REPRESENTATION_ITEM()
RATIONAL_B_SPLINE_SURFACE(((1.,0.915356826301682,1.),(1.,0.927983788447491,
1.),(1.,0.939556765085439,1.),(1.,0.960223414055978,1.),(1.,0.969369550502569,
1.),(1.,0.991823797039232,1.),(1.,0.999966041808957,1.),(1.,1.,1.)))
REPRESENTATION_ITEM('')
SURFACE()
);
#43=(
BOUNDED_SURFACE()
B_SPLINE_SURFACE(3,2,((#6190,#6191,#6192),(#6193,#6194,#6195),(#6196,#6197,
#6198),(#6199,#6200,#6201),(#6202,#6203,#6204),(#6205,#6206,#6207)),
 .UNSPECIFIED.,.F.,.F.,.F.)
B_SPLINE_SURFACE_WITH_KNOTS((4,2,4),(3,3),(-2.16840434497101E-19,0.0012084252200369,
0.0024168504400738),(0.,1.),.UNSPECIFIED.)
GEOMETRIC_REPRESENTATION_ITEM()
RATIONAL_B_SPLINE_SURFACE(((1.,0.923879532511286,1.),(1.,0.923875539607024,
1.),(1.,0.923151095060415,1.),(1.,0.920299261825639,1.),(1.,0.918147659586069,
1.),(1.,0.915356826302857,1.)))
REPRESENTATION_ITEM('')
SURFACE()
);
#44=(
BOUNDED_SURFACE()
B_SPLINE_SURFACE(3,2,((#6212,#6213,#6214),(#6215,#6216,#6217),(#6218,#6219,
#6220),(#6221,#6222,#6223),(#6224,#6225,#6226),(#6227,#6228,#6229)),
 .UNSPECIFIED.,.F.,.F.,.F.)
B_SPLINE_SURFACE_WITH_KNOTS((4,2,4),(3,3),(0.,0.00120887299556051,0.00241774599112103),
(0.,1.),.UNSPECIFIED.)
GEOMETRIC_REPRESENTATION_ITEM()
RATIONAL_B_SPLINE_SURFACE(((1.,0.915356826302684,1.),(1.,0.918146602042522,
1.),(1.,0.920258341102607,1.),(1.,0.923130413672976,1.),(1.,0.923885503778099,
1.),(1.,0.923879532511286,1.)))
REPRESENTATION_ITEM('')
SURFACE()
);
#45=(
BOUNDED_SURFACE()
B_SPLINE_SURFACE(3,2,((#6231,#6232,#6233),(#6234,#6235,#6236),(#6237,#6238,
#6239),(#6240,#6241,#6242),(#6243,#6244,#6245),(#6246,#6247,#6248),(#6249,
#6250,#6251),(#6252,#6253,#6254)),.UNSPECIFIED.,.F.,.F.,.F.)
B_SPLINE_SURFACE_WITH_KNOTS((4,2,2,4),(3,3),(0.,0.00095054672120669,0.00190109344241338,
0.00380218688482676),(0.,1.),.UNSPECIFIED.)
GEOMETRIC_REPRESENTATION_ITEM()
RATIONAL_B_SPLINE_SURFACE(((1.,0.915356826302684,1.),(1.,0.927983788448524,
1.),(1.,0.939556765086705,1.),(1.,0.96022341405626,1.),(1.,0.969369550502844,
1.),(1.,0.991823797039775,1.),(1.,0.999966041808631,1.),(1.,1.,1.)))
REPRESENTATION_ITEM('')
SURFACE()
);
#46=(
BOUNDED_SURFACE()
B_SPLINE_SURFACE(3,2,((#6255,#6256,#6257),(#6258,#6259,#6260),(#6261,#6262,
#6263),(#6264,#6265,#6266),(#6267,#6268,#6269),(#6270,#6271,#6272),(#6273,
#6274,#6275),(#6276,#6277,#6278)),.UNSPECIFIED.,.F.,.F.,.F.)
B_SPLINE_SURFACE_WITH_KNOTS((4,2,2,4),(3,3),(0.,0.000950546721206625,0.00190109344241325,
0.0038021868848265),(0.,1.),.UNSPECIFIED.)
GEOMETRIC_REPRESENTATION_ITEM()
RATIONAL_B_SPLINE_SURFACE(((1.,0.915356826302682,1.),(1.,0.927983788448457,
1.),(1.,0.939556765086789,1.),(1.,0.960223414056167,1.),(1.,0.969369550502893,
1.),(1.,0.991823797039663,1.),(1.,0.99996604180871,1.),(1.,1.,1.)))
REPRESENTATION_ITEM('')
SURFACE()
);
#47=(
BOUNDED_SURFACE()
B_SPLINE_SURFACE(3,2,((#6280,#6281,#6282),(#6283,#6284,#6285),(#6286,#6287,
#6288),(#6289,#6290,#6291),(#6292,#6293,#6294),(#6295,#6296,#6297)),
 .UNSPECIFIED.,.F.,.F.,.F.)
B_SPLINE_SURFACE_WITH_KNOTS((4,2,4),(3,3),(-4.33680868994202E-19,0.00120887299556051,
0.00241774599112103),(0.,1.),.UNSPECIFIED.)
GEOMETRIC_REPRESENTATION_ITEM()
RATIONAL_B_SPLINE_SURFACE(((1.,0.915356826302682,1.),(1.,0.918146602042961,
1.),(1.,0.920258341102022,1.),(1.,0.923130413673558,1.),(1.,0.923885503777662,
1.),(1.,0.923879532511285,1.)))
REPRESENTATION_ITEM('')
SURFACE()
);
#48=(
BOUNDED_SURFACE()
B_SPLINE_SURFACE(3,2,((#6299,#6300,#6301),(#6302,#6303,#6304),(#6305,#6306,
#6307),(#6308,#6309,#6310),(#6311,#6312,#6313),(#6314,#6315,#6316)),
 .UNSPECIFIED.,.F.,.F.,.F.)
B_SPLINE_SURFACE_WITH_KNOTS((4,2,4),(3,3),(0.,0.00120842522004952,0.00241685044009904),
(0.,1.),.UNSPECIFIED.)
GEOMETRIC_REPRESENTATION_ITEM()
RATIONAL_B_SPLINE_SURFACE(((1.,0.923879532511285,1.),(1.,0.923875539606106,
1.),(1.,0.92315109506162,1.),(1.,0.920299261824347,1.),(1.,0.918147659586864,
1.),(1.,0.915356826302682,1.)))
REPRESENTATION_ITEM('')
SURFACE()
);
#49=(
BOUNDED_SURFACE()
B_SPLINE_SURFACE(3,2,((#6319,#6320,#6321),(#6322,#6323,#6324),(#6325,#6326,
#6327),(#6328,#6329,#6330),(#6331,#6332,#6333),(#6334,#6335,#6336),(#6337,
#6338,#6339),(#6340,#6341,#6342)),.UNSPECIFIED.,.F.,.F.,.F.)
B_SPLINE_SURFACE_WITH_KNOTS((4,2,2,4),(3,3),(-2.16840434497101E-19,0.000950546721206925,
0.00190109344241385,0.0038021868848277),(0.,1.),.UNSPECIFIED.)
GEOMETRIC_REPRESENTATION_ITEM()
RATIONAL_B_SPLINE_SURFACE(((1.,0.915356826302682,1.),(1.,0.927983788448662,
1.),(1.,0.939556765086533,1.),(1.,0.960223414056446,1.),(1.,0.969369550503066,
1.),(1.,0.991823797039364,1.),(1.,0.999966041808958,1.),(1.,1.,1.)))
REPRESENTATION_ITEM('')
SURFACE()
);
#50=B_SPLINE_SURFACE_WITH_KNOTS('',3,3,((#5258,#5259,#5260,#5261,#5262,
#5263),(#5264,#5265,#5266,#5267,#5268,#5269),(#5270,#5271,#5272,#5273,#5274,
#5275),(#5276,#5277,#5278,#5279,#5280,#5281)),.UNSPECIFIED.,.F.,.F.,.F.,
(4,4),(4,2,4),(0.,0.00364053480515485),(-0.00600202639338843,0.496998986803306,
1.),.UNSPECIFIED.);
#51=B_SPLINE_SURFACE_WITH_KNOTS('',3,3,((#5406,#5407,#5408,#5409,#5410,
#5411),(#5412,#5413,#5414,#5415,#5416,#5417),(#5418,#5419,#5420,#5421,#5422,
#5423),(#5424,#5425,#5426,#5427,#5428,#5429)),.UNSPECIFIED.,.F.,.F.,.F.,
(4,4),(4,2,4),(0.,0.00364053480515487),(0.,0.50300101314008,1.00600202628016),
 .UNSPECIFIED.);
#52=B_SPLINE_SURFACE_WITH_KNOTS('',3,3,((#5445,#5446,#5447,#5448,#5449,
#5450),(#5451,#5452,#5453,#5454,#5455,#5456),(#5457,#5458,#5459,#5460,#5461,
#5462),(#5463,#5464,#5465,#5466,#5467,#5468)),.UNSPECIFIED.,.F.,.F.,.F.,
(4,4),(4,2,4),(-6.93889390390723E-18,0.00364053480515485),(0.,0.503001013138736,
1.00600202627747),.UNSPECIFIED.);
#53=B_SPLINE_SURFACE_WITH_KNOTS('',3,3,((#5585,#5586,#5587,#5588,#5589,
#5590),(#5591,#5592,#5593,#5594,#5595,#5596),(#5597,#5598,#5599,#5600,#5601,
#5602),(#5603,#5604,#5605,#5606,#5607,#5608)),.UNSPECIFIED.,.F.,.F.,.F.,
(4,4),(4,2,4),(0.,0.00364053480515485),(-0.00600202638785947,0.49699898680607,
1.),.UNSPECIFIED.);
#54=B_SPLINE_SURFACE_WITH_KNOTS('',3,3,((#5632,#5633,#5634,#5635,#5636,
#5637),(#5638,#5639,#5640,#5641,#5642,#5643),(#5644,#5645,#5646,#5647,#5648,
#5649),(#5650,#5651,#5652,#5653,#5654,#5655)),.UNSPECIFIED.,.F.,.F.,.F.,
(4,4),(4,2,4),(0.,0.00364053480515481),(-0.00600202639134673,0.496998986804327,
1.),.UNSPECIFIED.);
#55=B_SPLINE_SURFACE_WITH_KNOTS('',3,3,((#5770,#5771,#5772,#5773,#5774,
#5775),(#5776,#5777,#5778,#5779,#5780,#5781),(#5782,#5783,#5784,#5785,#5786,
#5787),(#5788,#5789,#5790,#5791,#5792,#5793)),.UNSPECIFIED.,.F.,.F.,.F.,
(4,4),(4,2,4),(0.,0.00364053480515488),(0.,0.503001013143905,1.00600202628781),
 .UNSPECIFIED.);
#56=B_SPLINE_SURFACE_WITH_KNOTS('',3,3,((#5804,#5805,#5806,#5807,#5808,
#5809),(#5810,#5811,#5812,#5813,#5814,#5815),(#5816,#5817,#5818,#5819,#5820,
#5821),(#5822,#5823,#5824,#5825,#5826,#5827)),.UNSPECIFIED.,.F.,.F.,.F.,
(4,4),(4,2,4),(0.,0.00364046521217261),(0.,0.503001012986872,1.00600202597374),
 .UNSPECIFIED.);
#57=B_SPLINE_SURFACE_WITH_KNOTS('',3,3,((#5934,#5935,#5936,#5937,#5938,
#5939),(#5940,#5941,#5942,#5943,#5944,#5945),(#5946,#5947,#5948,#5949,#5950,
#5951),(#5952,#5953,#5954,#5955,#5956,#5957)),.UNSPECIFIED.,.F.,.F.,.F.,
(4,4),(4,2,4),(0.,0.00364053480515487),(-0.00600202638067259,0.496998986809664,
1.),.UNSPECIFIED.);
#58=OVER_RIDING_STYLED_ITEM('',(#2685),#2588,#2683);
#59=OVER_RIDING_STYLED_ITEM('',(#2686),#2589,#2683);
#60=OVER_RIDING_STYLED_ITEM('',(#2687),#2590,#2683);
#61=OVER_RIDING_STYLED_ITEM('',(#2688),#2591,#2683);
#62=OVER_RIDING_STYLED_ITEM('',(#2689),#2599,#2683);
#63=OVER_RIDING_STYLED_ITEM('',(#2690),#2600,#2683);
#64=OVER_RIDING_STYLED_ITEM('',(#2691),#2601,#2683);
#65=OVER_RIDING_STYLED_ITEM('',(#2692),#2602,#2683);
#66=OVER_RIDING_STYLED_ITEM('',(#2693),#2603,#2683);
#67=OVER_RIDING_STYLED_ITEM('',(#2694),#2604,#2683);
#68=OVER_RIDING_STYLED_ITEM('',(#2695),#2605,#2683);
#69=OVER_RIDING_STYLED_ITEM('',(#2696),#2606,#2683);
#70=OVER_RIDING_STYLED_ITEM('',(#2697),#2607,#2683);
#71=OVER_RIDING_STYLED_ITEM('',(#2698),#2608,#2683);
#72=OVER_RIDING_STYLED_ITEM('',(#2699),#2609,#2683);
#73=OVER_RIDING_STYLED_ITEM('',(#2700),#2610,#2683);
#74=OVER_RIDING_STYLED_ITEM('',(#2701),#2611,#2683);
#75=OVER_RIDING_STYLED_ITEM('',(#2702),#2612,#2683);
#76=OVER_RIDING_STYLED_ITEM('',(#2703),#2613,#2683);
#77=OVER_RIDING_STYLED_ITEM('',(#2704),#2614,#2683);
#78=OVER_RIDING_STYLED_ITEM('',(#2705),#2615,#2683);
#79=OVER_RIDING_STYLED_ITEM('',(#2706),#2616,#2683);
#80=OVER_RIDING_STYLED_ITEM('',(#2707),#2617,#2683);
#81=OVER_RIDING_STYLED_ITEM('',(#2708),#2618,#2683);
#82=OVER_RIDING_STYLED_ITEM('',(#2709),#2619,#2683);
#83=OVER_RIDING_STYLED_ITEM('',(#2710),#2620,#2683);
#84=OVER_RIDING_STYLED_ITEM('',(#2711),#2621,#2683);
#85=OVER_RIDING_STYLED_ITEM('',(#2712),#2622,#2683);
#86=OVER_RIDING_STYLED_ITEM('',(#2713),#2623,#2683);
#87=OVER_RIDING_STYLED_ITEM('',(#2714),#2624,#2683);
#88=OVER_RIDING_STYLED_ITEM('',(#2715),#2625,#2683);
#89=OVER_RIDING_STYLED_ITEM('',(#2716),#2626,#2683);
#90=OVER_RIDING_STYLED_ITEM('',(#2717),#2627,#2683);
#91=OVER_RIDING_STYLED_ITEM('',(#2718),#2628,#2683);
#92=OVER_RIDING_STYLED_ITEM('',(#2719),#2629,#2683);
#93=OVER_RIDING_STYLED_ITEM('',(#2720),#2630,#2683);
#94=OVER_RIDING_STYLED_ITEM('',(#2721),#2631,#2683);
#95=OVER_RIDING_STYLED_ITEM('',(#2722),#2632,#2683);
#96=OVER_RIDING_STYLED_ITEM('',(#2723),#2633,#2683);
#97=OVER_RIDING_STYLED_ITEM('',(#2724),#2634,#2683);
#98=OVER_RIDING_STYLED_ITEM('',(#2725),#2635,#2683);
#99=OVER_RIDING_STYLED_ITEM('',(#2726),#2636,#2683);
#100=OVER_RIDING_STYLED_ITEM('',(#2727),#2637,#2683);
#101=OVER_RIDING_STYLED_ITEM('',(#2728),#2638,#2683);
#102=OVER_RIDING_STYLED_ITEM('',(#2729),#2639,#2683);
#103=OVER_RIDING_STYLED_ITEM('',(#2730),#2640,#2683);
#104=OVER_RIDING_STYLED_ITEM('',(#2731),#2641,#2683);
#105=OVER_RIDING_STYLED_ITEM('',(#2732),#2642,#2683);
#106=OVER_RIDING_STYLED_ITEM('',(#2733),#2643,#2683);
#107=OVER_RIDING_STYLED_ITEM('',(#2734),#2644,#2683);
#108=OVER_RIDING_STYLED_ITEM('',(#2735),#2645,#2683);
#109=OVER_RIDING_STYLED_ITEM('',(#2736),#2646,#2683);
#110=OVER_RIDING_STYLED_ITEM('',(#2737),#2647,#2683);
#111=OVER_RIDING_STYLED_ITEM('',(#2738),#2648,#2683);
#112=OVER_RIDING_STYLED_ITEM('',(#2739),#2649,#2683);
#113=OVER_RIDING_STYLED_ITEM('',(#2740),#2650,#2683);
#114=OVER_RIDING_STYLED_ITEM('',(#2741),#2651,#2683);
#115=OVER_RIDING_STYLED_ITEM('',(#2742),#2652,#2683);
#116=OVER_RIDING_STYLED_ITEM('',(#2743),#2653,#2683);
#117=OVER_RIDING_STYLED_ITEM('',(#2744),#2654,#2683);
#118=OVER_RIDING_STYLED_ITEM('',(#2745),#2655,#2683);
#119=OVER_RIDING_STYLED_ITEM('',(#2746),#2656,#2683);
#120=OVER_RIDING_STYLED_ITEM('',(#2747),#2657,#2683);
#121=OVER_RIDING_STYLED_ITEM('',(#2748),#2658,#2683);
#122=OVER_RIDING_STYLED_ITEM('',(#2749),#2659,#2683);
#123=OVER_RIDING_STYLED_ITEM('',(#2750),#2660,#2683);
#124=OVER_RIDING_STYLED_ITEM('',(#2751),#2661,#2683);
#125=OVER_RIDING_STYLED_ITEM('',(#2752),#2662,#2683);
#126=OVER_RIDING_STYLED_ITEM('',(#2753),#2663,#2683);
#127=OVER_RIDING_STYLED_ITEM('',(#2754),#2664,#2683);
#128=OVER_RIDING_STYLED_ITEM('',(#2755),#2665,#2683);
#129=OVER_RIDING_STYLED_ITEM('',(#2756),#2666,#2683);
#130=OVER_RIDING_STYLED_ITEM('',(#2757),#2667,#2683);
#131=OVER_RIDING_STYLED_ITEM('',(#2758),#2668,#2683);
#132=OVER_RIDING_STYLED_ITEM('',(#2759),#2669,#2683);
#133=OVER_RIDING_STYLED_ITEM('',(#2760),#2670,#2683);
#134=OVER_RIDING_STYLED_ITEM('',(#2761),#2671,#2683);
#135=OVER_RIDING_STYLED_ITEM('',(#2762),#2672,#2683);
#136=OVER_RIDING_STYLED_ITEM('',(#2763),#2673,#2683);
#137=OVER_RIDING_STYLED_ITEM('',(#2764),#2674,#2683);
#138=OVER_RIDING_STYLED_ITEM('',(#2765),#2675,#2683);
#139=OVER_RIDING_STYLED_ITEM('',(#2766),#2676,#2683);
#140=OVER_RIDING_STYLED_ITEM('',(#2767),#2677,#2683);
#141=OVER_RIDING_STYLED_ITEM('',(#2768),#2678,#2683);
#142=OVER_RIDING_STYLED_ITEM('',(#2769),#2679,#2683);
#143=DRAUGHTING_PRE_DEFINED_COLOUR('white');
#144=ELLIPSE('',#3312,0.0268700576850881,0.019);
#145=ELLIPSE('',#3323,0.0268700576850886,0.019);
#146=ELLIPSE('',#3325,0.0268700576850881,0.019);
#147=ELLIPSE('',#3336,0.0268700576850886,0.019);
#148=CYLINDRICAL_SURFACE('',#3271,0.003);
#149=CYLINDRICAL_SURFACE('',#3273,0.003);
#150=CYLINDRICAL_SURFACE('',#3275,0.003);
#151=CYLINDRICAL_SURFACE('',#3277,0.003);
#152=CYLINDRICAL_SURFACE('',#3279,0.005);
#153=CYLINDRICAL_SURFACE('',#3280,0.005);
#154=CYLINDRICAL_SURFACE('',#3281,0.005);
#155=CYLINDRICAL_SURFACE('',#3282,0.005);
#156=CYLINDRICAL_SURFACE('',#3291,0.017);
#157=CYLINDRICAL_SURFACE('',#3292,0.017);
#158=CYLINDRICAL_SURFACE('',#3293,0.001);
#159=CYLINDRICAL_SURFACE('',#3296,0.001);
#160=CYLINDRICAL_SURFACE('',#3304,0.001);
#161=CYLINDRICAL_SURFACE('',#3307,0.001);
#162=CYLINDRICAL_SURFACE('',#3340,0.00124999999999997);
#163=CYLINDRICAL_SURFACE('',#3342,0.00124999999999997);
#164=CYLINDRICAL_SURFACE('',#3344,0.00125);
#165=CYLINDRICAL_SURFACE('',#3345,0.00125);
#166=CYLINDRICAL_SURFACE('',#3346,0.019);
#167=CYLINDRICAL_SURFACE('',#3369,0.005);
#168=CYLINDRICAL_SURFACE('',#3370,0.005);
#169=CYLINDRICAL_SURFACE('',#3371,0.005);
#170=CYLINDRICAL_SURFACE('',#3373,0.005);
#171=CYLINDRICAL_SURFACE('',#3374,0.005);
#172=CYLINDRICAL_SURFACE('',#3375,0.005);
#173=CYLINDRICAL_SURFACE('',#3380,0.0225);
#174=CYLINDRICAL_SURFACE('',#3386,0.025);
#175=CYLINDRICAL_SURFACE('',#3389,0.0225);
#176=CYLINDRICAL_SURFACE('',#3391,0.005);
#177=CYLINDRICAL_SURFACE('',#3393,0.0225);
#178=CYLINDRICAL_SURFACE('',#3396,0.0225);
#179=CYLINDRICAL_SURFACE('',#3399,0.005);
#180=CYLINDRICAL_SURFACE('',#3404,0.005);
#181=CYLINDRICAL_SURFACE('',#3408,0.005);
#182=CYLINDRICAL_SURFACE('',#3409,0.005);
#183=CYLINDRICAL_SURFACE('',#3413,0.005);
#184=CYLINDRICAL_SURFACE('',#3417,0.0225);
#185=CYLINDRICAL_SURFACE('',#3419,0.025);
#186=CYLINDRICAL_SURFACE('',#3422,0.025);
#187=CYLINDRICAL_SURFACE('',#3474,0.0225);
#188=CYLINDRICAL_SURFACE('',#3479,0.025);
#189=CIRCLE('',#3209,0.005);
#190=CIRCLE('',#3210,0.0055);
#191=CIRCLE('',#3212,0.0055);
#192=CIRCLE('',#3213,0.005);
#193=CIRCLE('',#3215,0.017);
#194=CIRCLE('',#3216,0.0175);
#195=CIRCLE('',#3218,0.0175);
#196=CIRCLE('',#3219,0.017);
#197=CIRCLE('',#3221,0.005);
#198=CIRCLE('',#3222,0.0055);
#199=CIRCLE('',#3224,0.0055);
#200=CIRCLE('',#3225,0.005);
#201=CIRCLE('',#3231,0.003);
#202=CIRCLE('',#3232,0.0035);
#203=CIRCLE('',#3234,0.003);
#204=CIRCLE('',#3235,0.0035);
#205=CIRCLE('',#3237,0.017);
#206=CIRCLE('',#3238,0.0175);
#207=CIRCLE('',#3240,0.0175);
#208=CIRCLE('',#3241,0.017);
#209=CIRCLE('',#3243,0.005);
#210=CIRCLE('',#3244,0.0055);
#211=CIRCLE('',#3246,0.0055);
#212=CIRCLE('',#3247,0.005);
#213=CIRCLE('',#3251,0.005);
#214=CIRCLE('',#3252,0.0055);
#215=CIRCLE('',#3254,0.0055);
#216=CIRCLE('',#3255,0.005);
#217=CIRCLE('',#3257,0.017);
#218=CIRCLE('',#3258,0.0175);
#219=CIRCLE('',#3260,0.0175);
#220=CIRCLE('',#3261,0.017);
#221=CIRCLE('',#3263,0.003);
#222=CIRCLE('',#3264,0.0035);
#223=CIRCLE('',#3266,0.0035);
#224=CIRCLE('',#3267,0.003);
#225=CIRCLE('',#3272,0.003);
#226=CIRCLE('',#3274,0.003);
#227=CIRCLE('',#3276,0.003);
#228=CIRCLE('',#3278,0.003);
#229=CIRCLE('',#3284,0.017);
#230=CIRCLE('',#3286,0.00125);
#231=CIRCLE('',#3288,0.017);
#232=CIRCLE('',#3290,0.00125);
#233=CIRCLE('',#3294,0.001);
#234=CIRCLE('',#3295,0.001);
#235=CIRCLE('',#3297,0.001);
#236=CIRCLE('',#3298,0.001);
#237=CIRCLE('',#3303,0.0225898202814887);
#238=CIRCLE('',#3305,0.001);
#239=CIRCLE('',#3306,0.001);
#240=CIRCLE('',#3308,0.001);
#241=CIRCLE('',#3309,0.001);
#242=CIRCLE('',#3314,0.00449999998817254);
#243=CIRCLE('',#3315,0.005);
#244=CIRCLE('',#3317,0.0219999999881725);
#245=CIRCLE('',#3318,0.0225);
#246=CIRCLE('',#3320,0.00449999998817252);
#247=CIRCLE('',#3321,0.005);
#248=CIRCLE('',#3327,0.005);
#249=CIRCLE('',#3328,0.00449999999999995);
#250=CIRCLE('',#3330,0.0225);
#251=CIRCLE('',#3331,0.0219999999881725);
#252=CIRCLE('',#3333,0.005);
#253=CIRCLE('',#3334,0.00449999999999993);
#254=CIRCLE('',#3338,0.0185);
#255=CIRCLE('',#3339,0.019);
#256=CIRCLE('',#3341,0.00124999999999997);
#257=CIRCLE('',#3343,0.00124999999999997);
#258=CIRCLE('',#3347,0.019);
#259=CIRCLE('',#3348,0.019);
#260=CIRCLE('',#3349,0.019);
#261=CIRCLE('',#3350,0.019);
#262=CIRCLE('',#3357,0.0225898202814887);
#263=CIRCLE('',#3360,0.110941488054339);
#264=CIRCLE('',#3361,0.110941488040537);
#265=CIRCLE('',#3362,0.110941488054219);
#266=CIRCLE('',#3363,0.1109414880545);
#267=CIRCLE('',#3365,0.110941488054417);
#268=CIRCLE('',#3366,0.110941488054432);
#269=CIRCLE('',#3367,0.110941488037849);
#270=CIRCLE('',#3368,0.110941488054265);
#271=CIRCLE('',#3372,0.005);
#272=CIRCLE('',#3376,0.005);
#273=CIRCLE('',#3378,0.0227928932188135);
#274=CIRCLE('',#3379,0.0247071067811865);
#275=CIRCLE('',#3381,0.0225);
#276=CIRCLE('',#3382,0.0225);
#277=CIRCLE('',#3384,0.0247071067811865);
#278=CIRCLE('',#3385,0.0227928932188135);
#279=CIRCLE('',#3387,0.025);
#280=CIRCLE('',#3388,0.025);
#281=CIRCLE('',#3390,0.0225);
#282=CIRCLE('',#3392,0.005);
#283=CIRCLE('',#3394,0.0225);
#284=CIRCLE('',#3395,0.0225);
#285=CIRCLE('',#3397,0.0225);
#286=CIRCLE('',#3398,0.0225);
#287=CIRCLE('',#3400,0.005);
#288=CIRCLE('',#3402,0.0227928932188135);
#289=CIRCLE('',#3403,0.0247071067811865);
#290=CIRCLE('',#3406,0.0227928932188135);
#291=CIRCLE('',#3407,0.0247071067811865);
#292=CIRCLE('',#3411,0.0227928932188135);
#293=CIRCLE('',#3412,0.0247071067811865);
#294=CIRCLE('',#3415,0.0227928932188135);
#295=CIRCLE('',#3416,0.0247071067811865);
#296=CIRCLE('',#3418,0.0225);
#297=CIRCLE('',#3420,0.025);
#298=CIRCLE('',#3421,0.025);
#299=CIRCLE('',#3423,0.025);
#300=CIRCLE('',#3424,0.025);
#301=CIRCLE('',#3425,0.001);
#302=CIRCLE('',#3426,0.001);
#303=CIRCLE('',#3428,0.001);
#304=CIRCLE('',#3429,0.001);
#305=CIRCLE('',#3430,0.001);
#306=CIRCLE('',#3431,0.001);
#307=CIRCLE('',#3433,0.001);
#308=CIRCLE('',#3434,0.001);
#309=CIRCLE('',#3435,0.001);
#310=CIRCLE('',#3436,0.001);
#311=CIRCLE('',#3439,0.001);
#312=CIRCLE('',#3440,0.001);
#313=CIRCLE('',#3441,0.001);
#314=CIRCLE('',#3442,0.001);
#315=CIRCLE('',#3445,0.001);
#316=CIRCLE('',#3446,0.001);
#317=CIRCLE('',#3447,0.001);
#318=CIRCLE('',#3448,0.001);
#319=CIRCLE('',#3450,0.0227928932188135);
#320=CIRCLE('',#3451,0.001);
#321=CIRCLE('',#3452,0.001);
#322=CIRCLE('',#3453,0.001);
#323=CIRCLE('',#3454,0.001);
#324=CIRCLE('',#3456,0.001);
#325=CIRCLE('',#3457,0.001);
#326=CIRCLE('',#3458,0.001);
#327=CIRCLE('',#3459,0.001);
#328=CIRCLE('',#3462,0.001);
#329=CIRCLE('',#3463,0.001);
#330=CIRCLE('',#3464,0.001);
#331=CIRCLE('',#3465,0.001);
#332=CIRCLE('',#3466,0.001);
#333=CIRCLE('',#3467,0.001);
#334=CIRCLE('',#3471,0.0225);
#335=CIRCLE('',#3473,0.0247071067811865);
#336=CIRCLE('',#3475,0.0225);
#337=CIRCLE('',#3477,0.0227928932188135);
#338=CIRCLE('',#3478,0.0247071067811865);
#339=CIRCLE('',#3480,0.025);
#340=CIRCLE('',#3481,0.025);
#341=CONICAL_SURFACE('',#3208,0.0055,0.785398163397473);
#342=CONICAL_SURFACE('',#3211,0.0055,0.785398163397472);
#343=CONICAL_SURFACE('',#3214,0.017,0.785398163397459);
#344=CONICAL_SURFACE('',#3217,0.017,0.785398163397459);
#345=CONICAL_SURFACE('',#3220,0.0055,0.78539816339746);
#346=CONICAL_SURFACE('',#3223,0.0055,0.785398163397457);
#347=CONICAL_SURFACE('',#3230,0.0035,0.785398163397474);
#348=CONICAL_SURFACE('',#3233,0.0035,0.785398163397449);
#349=CONICAL_SURFACE('',#3236,0.017,0.785398163397445);
#350=CONICAL_SURFACE('',#3239,0.017,0.785398163397445);
#351=CONICAL_SURFACE('',#3242,0.0055,0.785398163397446);
#352=CONICAL_SURFACE('',#3245,0.0055,0.785398163397446);
#353=CONICAL_SURFACE('',#3250,0.0055,0.785398163397446);
#354=CONICAL_SURFACE('',#3253,0.0055,0.785398163397448);
#355=CONICAL_SURFACE('',#3256,0.017,0.785398163397445);
#356=CONICAL_SURFACE('',#3259,0.017,0.785398163397445);
#357=CONICAL_SURFACE('',#3262,0.0035,0.785398163397445);
#358=CONICAL_SURFACE('',#3265,0.0035,0.785398163397417);
#359=CONICAL_SURFACE('',#3313,0.00449999998817253,0.785398163397459);
#360=CONICAL_SURFACE('',#3316,0.0219999999881725,0.785398163397459);
#361=CONICAL_SURFACE('',#3319,0.00449999998817253,0.785398163397433);
#362=CONICAL_SURFACE('',#3326,0.00449999999999994,0.785398163397479);
#363=CONICAL_SURFACE('',#3329,0.0219999999881725,0.785398163397459);
#364=CONICAL_SURFACE('',#3332,0.00449999999999994,0.785398163397452);
#365=CONICAL_SURFACE('',#3337,0.0185,0.785398163397442);
#366=CONICAL_SURFACE('',#3377,0.0225,0.785398163397453);
#367=CONICAL_SURFACE('',#3383,0.025,0.785398163397448);
#368=CONICAL_SURFACE('',#3401,0.025,0.785398163397448);
#369=CONICAL_SURFACE('',#3405,0.0225,0.785398163397453);
#370=CONICAL_SURFACE('',#3410,0.0225,0.785398163397453);
#371=CONICAL_SURFACE('',#3414,0.025,0.785398163397448);
#372=CONICAL_SURFACE('',#3472,0.0225,0.785398163397453);
#373=CONICAL_SURFACE('',#3476,0.025,0.785398163397448);
#374=B_SPLINE_CURVE_WITH_KNOTS('',3,(#4200,#4201,#4202,#4203),
 .UNSPECIFIED.,.F.,.F.,(4,4),(2.24983473866581E-15,0.000831776840607023),
 .UNSPECIFIED.);
#375=B_SPLINE_CURVE_WITH_KNOTS('',3,(#4214,#4215,#4216,#4217),
 .UNSPECIFIED.,.F.,.F.,(4,4),(1.38585298573012E-16,0.000831776840607055),
 .UNSPECIFIED.);
#376=B_SPLINE_CURVE_WITH_KNOTS('',3,(#4282,#4283,#4284,#4285),
 .UNSPECIFIED.,.F.,.F.,(4,4),(1.19761071248171E-13,0.000967163292584579),
 .UNSPECIFIED.);
#377=B_SPLINE_CURVE_WITH_KNOTS('',3,(#4288,#4289,#4290,#4291),
 .UNSPECIFIED.,.F.,.F.,(4,4),(0.000273320380137408,0.000766235820887942),
 .UNSPECIFIED.);
#378=B_SPLINE_CURVE_WITH_KNOTS('',3,(#4367,#4368,#4369,#4370),
 .UNSPECIFIED.,.F.,.F.,(4,4),(0.,0.000492915440750155),.UNSPECIFIED.);
#379=B_SPLINE_CURVE_WITH_KNOTS('',3,(#4375,#4376,#4377,#4378),
 .UNSPECIFIED.,.F.,.F.,(4,4),(0.,0.000963084649057317),.UNSPECIFIED.);
#380=B_SPLINE_CURVE_WITH_KNOTS('',3,(#4461,#4462,#4463,#4464,#4465,#4466),
 .UNSPECIFIED.,.F.,.F.,(4,2,4),(0.00606071427490674,0.00624276934775437,
0.00642482442060199),.UNSPECIFIED.);
#381=B_SPLINE_CURVE_WITH_KNOTS('',3,(#4468,#4469,#4470,#4471),
 .UNSPECIFIED.,.F.,.F.,(4,4),(0.0088264883855767,0.0116190233288483),
 .UNSPECIFIED.);
#382=B_SPLINE_CURVE_WITH_KNOTS('',3,(#4473,#4474,#4475,#4476),
 .UNSPECIFIED.,.F.,.F.,(4,4),(3.27306970834017E-17,0.000789035591632225),
 .UNSPECIFIED.);
#383=B_SPLINE_CURVE_WITH_KNOTS('',3,(#4480,#4481,#4482,#4483),
 .UNSPECIFIED.,.F.,.F.,(4,4),(0.,0.000788580015028508),.UNSPECIFIED.);
#384=B_SPLINE_CURVE_WITH_KNOTS('',3,(#4485,#4486,#4487,#4488),
 .UNSPECIFIED.,.F.,.F.,(4,4),(0.00822469547897164,0.0110172285149633),
 .UNSPECIFIED.);
#385=B_SPLINE_CURVE_WITH_KNOTS('',3,(#4490,#4491,#4492,#4493),
 .UNSPECIFIED.,.F.,.F.,(4,4),(2.11038219202008E-16,0.00079033775146437),
 .UNSPECIFIED.);
#386=B_SPLINE_CURVE_WITH_KNOTS('',3,(#4506,#4507,#4508,#4509),
 .UNSPECIFIED.,.F.,.F.,(4,4),(3.46944695195361E-17,0.000790927877115468),
 .UNSPECIFIED.);
#387=B_SPLINE_CURVE_WITH_KNOTS('',3,(#4511,#4512,#4513,#4514),
 .UNSPECIFIED.,.F.,.F.,(4,4),(0.00896446798466121,0.0117570010199563),
 .UNSPECIFIED.);
#388=B_SPLINE_CURVE_WITH_KNOTS('',3,(#4516,#4517,#4518,#4519),
 .UNSPECIFIED.,.F.,.F.,(4,4),(1.36724385252626E-16,0.000789035591565235),
 .UNSPECIFIED.);
#389=B_SPLINE_CURVE_WITH_KNOTS('',3,(#4523,#4524,#4525,#4526),
 .UNSPECIFIED.,.F.,.F.,(4,4),(0.,0.000788580014964527),.UNSPECIFIED.);
#390=B_SPLINE_CURVE_WITH_KNOTS('',3,(#4528,#4529,#4530,#4531),
 .UNSPECIFIED.,.F.,.F.,(4,4),(0.0081875134374027,0.010980048379978),
 .UNSPECIFIED.);
#391=B_SPLINE_CURVE_WITH_KNOTS('',3,(#4533,#4534,#4535,#4536),
 .UNSPECIFIED.,.F.,.F.,(4,4),(0.,0.000364525132964493),.UNSPECIFIED.);
#392=B_SPLINE_CURVE_WITH_KNOTS('',3,(#4634,#4635,#4636,#4637,#4638,#4639,
#4640,#4641,#4642,#4643,#4644),.UNSPECIFIED.,.T.,.F.,(1,1,1,1,1,1,1,1,1,
1,1,1,1,1,1),(-0.00293150756006792,-0.00195433837302809,-0.000977169185988265,
1.05156333654186E-12,0.000977169188091391,0.00195433837513122,0.00293150756217105,
0.00390867674921087,0.0048858459362507,0.00586301512329053,0.00684018431033036,
0.00781735349737019,0.00879452268441001,0.00977169187144984,0.0107488610584897),
 .UNSPECIFIED.);
#393=B_SPLINE_CURVE_WITH_KNOTS('',3,(#4649,#4650,#4651,#4652,#4653,#4654,
#4655,#4656,#4657,#4658,#4659),.UNSPECIFIED.,.T.,.F.,(1,1,1,1,1,1,1,1,1,
1,1,1,1,1,1),(-0.00293150755423326,-0.00195433836948884,-0.000977169184744421,
0.,0.000977169184744421,0.00195433836948884,0.00293150755423326,0.00390867673897769,
0.00488584592372211,0.00586301510846653,0.00684018429321095,0.00781735347795537,
0.00879452266269979,0.00977169184744421,0.0107488610321886),
 .UNSPECIFIED.);
#394=B_SPLINE_CURVE_WITH_KNOTS('',3,(#4662,#4663,#4664,#4665,#4666,#4667,
#4668,#4669,#4670,#4671,#4672),.UNSPECIFIED.,.T.,.F.,(1,1,1,1,1,1,1,1,1,
1,1,1,1,1,1),(-0.00293150756006553,-0.0019543383730265,-0.000977169185987468,
1.05156428264954E-12,0.000977169188090597,0.00195433837512963,0.00293150756216866,
0.0039086767492077,0.00488584593624673,0.00586301512328576,0.00684018431032479,
0.00781735349736383,0.00879452268440286,0.00977169187144189,0.0107488610584809),
 .UNSPECIFIED.);
#395=B_SPLINE_CURVE_WITH_KNOTS('',3,(#4675,#4676,#4677,#4678,#4679,#4680,
#4681,#4682,#4683,#4684,#4685),.UNSPECIFIED.,.T.,.F.,(1,1,1,1,1,1,1,1,1,
1,1,1,1,1,1),(-0.00293150755423293,-0.00195433836948862,-0.000977169184744308,
0.,0.000977169184744308,0.00195433836948862,0.00293150755423292,0.00390867673897723,
0.00488584592372154,0.00586301510846585,0.00684018429321016,0.00781735347795447,
0.00879452266269877,0.00977169184744308,0.0107488610321874),
 .UNSPECIFIED.);
#396=B_SPLINE_CURVE_WITH_KNOTS('',3,(#4706,#4707,#4708,#4709),
 .UNSPECIFIED.,.F.,.F.,(4,4),(2.79541029108483E-12,0.000364525144683838),
 .UNSPECIFIED.);
#397=B_SPLINE_CURVE_WITH_KNOTS('',3,(#4717,#4718,#4719,#4720),
 .UNSPECIFIED.,.F.,.F.,(4,4),(0.,0.000790337766408776),.UNSPECIFIED.);
#398=B_SPLINE_CURVE_WITH_KNOTS('',3,(#4722,#4723,#4724,#4725),
 .UNSPECIFIED.,.F.,.F.,(4,4),(0.00867289295905662,0.0114654306879263),
 .UNSPECIFIED.);
#399=B_SPLINE_CURVE_WITH_KNOTS('',3,(#4727,#4728,#4729,#4730),
 .UNSPECIFIED.,.F.,.F.,(4,4),(0.,0.000788580013012159),.UNSPECIFIED.);
#400=B_SPLINE_CURVE_WITH_KNOTS('',3,(#4734,#4735,#4736,#4737),
 .UNSPECIFIED.,.F.,.F.,(4,4),(0.,0.000789035578011117),.UNSPECIFIED.);
#401=B_SPLINE_CURVE_WITH_KNOTS('',3,(#4739,#4740,#4741,#4742),
 .UNSPECIFIED.,.F.,.F.,(4,4),(0.00889711967216947,0.0116896574084203),
 .UNSPECIFIED.);
#402=B_SPLINE_CURVE_WITH_KNOTS('',3,(#4746,#4747,#4748,#4749),
 .UNSPECIFIED.,.F.,.F.,(4,4),(3.70068283546197E-12,0.000364525141698594),
 .UNSPECIFIED.);
#403=B_SPLINE_CURVE_WITH_KNOTS('',3,(#4751,#4752,#4753,#4754),
 .UNSPECIFIED.,.F.,.F.,(4,4),(0.00867289297342348,0.0114654307096735),
 .UNSPECIFIED.);
#404=B_SPLINE_CURVE_WITH_KNOTS('',3,(#4756,#4757,#4758,#4759),
 .UNSPECIFIED.,.F.,.F.,(4,4),(4.77625332278308E-13,0.000788579995355723),
 .UNSPECIFIED.);
#405=B_SPLINE_CURVE_WITH_KNOTS('',3,(#4763,#4764,#4765,#4766),
 .UNSPECIFIED.,.F.,.F.,(4,4),(3.01767750573761E-12,0.000789035592137625),
 .UNSPECIFIED.);
#406=B_SPLINE_CURVE_WITH_KNOTS('',3,(#4768,#4769,#4770,#4771),
 .UNSPECIFIED.,.F.,.F.,(4,4),(0.00889711970315848,0.0116896574320273),
 .UNSPECIFIED.);
#407=B_SPLINE_CURVE_WITH_KNOTS('',3,(#4773,#4774,#4775,#4776),
 .UNSPECIFIED.,.F.,.F.,(4,4),(3.99159014679286E-10,0.000790929083658504),
 .UNSPECIFIED.);
#408=B_SPLINE_CURVE_WITH_KNOTS('',3,(#4831,#4832,#4833,#4834),
 .UNSPECIFIED.,.F.,.F.,(4,4),(0.,1.),.UNSPECIFIED.);
#409=B_SPLINE_CURVE_WITH_KNOTS('',3,(#4836,#4837,#4838,#4839,#4840,#4841,
#4842,#4843,#4844,#4845,#4846,#4847),.UNSPECIFIED.,.F.,.F.,(4,1,1,1,1,1,
1,1,1,4),(0.,0.25,0.375,0.5,0.625,0.6875,0.75,0.8125,0.875,1.),
 .UNSPECIFIED.);
#410=B_SPLINE_CURVE_WITH_KNOTS('',3,(#4852,#4853,#4854,#4855,#4856,#4857,
#4858,#4859,#4860,#4861),.UNSPECIFIED.,.F.,.F.,(4,1,1,1,1,1,1,4),(0.,0.25,
0.375,0.5,0.625,0.75,0.875,1.),.UNSPECIFIED.);
#411=B_SPLINE_CURVE_WITH_KNOTS('',3,(#4862,#4863,#4864,#4865,#4866,#4867,
#4868,#4869,#4870,#4871),.UNSPECIFIED.,.F.,.F.,(4,1,1,1,1,1,1,4),(0.,0.125,
0.25,0.375,0.5,0.625,0.75,1.),.UNSPECIFIED.);
#412=B_SPLINE_CURVE_WITH_KNOTS('',3,(#4873,#4874,#4875,#4876,#4877,#4878,
#4879,#4880,#4881,#4882,#4883,#4884),.UNSPECIFIED.,.F.,.F.,(4,1,1,1,1,1,
1,1,1,4),(6.75811757147941E-6,0.125005913352875,0.187505490970527,0.250005068588179,
0.31250464620583,0.375004223823482,0.500003379058786,0.625002534294089,
0.750001689529393,1.),.UNSPECIFIED.);
#413=B_SPLINE_CURVE_WITH_KNOTS('',3,(#4886,#4887,#4888,#4889),
 .UNSPECIFIED.,.F.,.F.,(4,4),(0.,1.),.UNSPECIFIED.);
#414=B_SPLINE_CURVE_WITH_KNOTS('',3,(#4897,#4898,#4899,#4900,#4901,#4902,
#4903,#4904,#4905,#4906,#4907,#4908),.UNSPECIFIED.,.F.,.F.,(4,1,1,1,1,1,
1,1,1,4),(6.75811712438727E-6,0.125005913352484,0.187505490970164,0.250005068587843,
0.312504646205523,0.375004223823203,0.500003379058562,0.625002534293922,
0.750001689529281,1.),.UNSPECIFIED.);
#415=B_SPLINE_CURVE_WITH_KNOTS('',3,(#4910,#4911,#4912,#4913),
 .UNSPECIFIED.,.F.,.F.,(4,4),(0.,1.),.UNSPECIFIED.);
#416=B_SPLINE_CURVE_WITH_KNOTS('',3,(#4915,#4916,#4917,#4918,#4919,#4920,
#4921,#4922,#4923,#4924),.UNSPECIFIED.,.F.,.F.,(4,1,1,1,1,1,1,4),(0.,0.125,
0.25,0.375,0.5,0.625,0.75,1.),.UNSPECIFIED.);
#417=B_SPLINE_CURVE_WITH_KNOTS('',3,(#4928,#4929,#4930,#4931,#4932,#4933,
#4934,#4935,#4936,#4937),.UNSPECIFIED.,.F.,.F.,(4,1,1,1,1,1,1,4),(0.,0.25,
0.375,0.5,0.625,0.75,0.875,1.),.UNSPECIFIED.);
#418=B_SPLINE_CURVE_WITH_KNOTS('',3,(#4939,#4940,#4941,#4942),
 .UNSPECIFIED.,.F.,.F.,(4,4),(0.,1.),.UNSPECIFIED.);
#419=B_SPLINE_CURVE_WITH_KNOTS('',3,(#4945,#4946,#4947,#4948,#4949,#4950,
#4951,#4952,#4953,#4954,#4955,#4956),.UNSPECIFIED.,.F.,.F.,(4,1,1,1,1,1,
1,1,1,4),(0.,0.25,0.375,0.5,0.625,0.6875,0.75,0.8125,0.875,1.),
 .UNSPECIFIED.);
#420=B_SPLINE_CURVE_WITH_KNOTS('',3,(#4963,#4964,#4965,#4966),
 .UNSPECIFIED.,.F.,.F.,(4,4),(0.,1.),.UNSPECIFIED.);
#421=B_SPLINE_CURVE_WITH_KNOTS('',3,(#4968,#4969,#4970,#4971),
 .UNSPECIFIED.,.F.,.F.,(4,4),(0.,1.),.UNSPECIFIED.);
#422=B_SPLINE_CURVE_WITH_KNOTS('',3,(#4973,#4974,#4975,#4976,#4977,#4978,
#4979,#4980,#4981),.UNSPECIFIED.,.F.,.F.,(4,1,1,1,1,1,4),(0.,0.25,0.375,
0.5,0.625,0.75,1.),.UNSPECIFIED.);
#423=B_SPLINE_CURVE_WITH_KNOTS('',3,(#4990,#4991,#4992,#4993,#4994,#4995,
#4996,#4997,#4998),.UNSPECIFIED.,.F.,.F.,(4,1,1,1,1,1,4),(0.,0.25,0.375,
0.5,0.625,0.75,1.),.UNSPECIFIED.);
#424=B_SPLINE_CURVE_WITH_KNOTS('',3,(#5000,#5001,#5002,#5003),
 .UNSPECIFIED.,.F.,.F.,(4,4),(0.,1.),.UNSPECIFIED.);
#425=B_SPLINE_CURVE_WITH_KNOTS('',3,(#5005,#5006,#5007,#5008),
 .UNSPECIFIED.,.F.,.F.,(4,4),(0.,1.),.UNSPECIFIED.);
#426=B_SPLINE_CURVE_WITH_KNOTS('',3,(#5017,#5018,#5019,#5020,#5021,#5022,
#5023,#5024,#5025,#5026,#5027,#5028),.UNSPECIFIED.,.F.,.F.,(4,1,1,1,1,1,
1,1,1,4),(2.46075157453501E-5,0.125021531576277,0.187519993606543,0.250018455636809,
0.312516917667075,0.375015379697341,0.500012303757873,0.625009227818405,
0.750006151878936,1.),.UNSPECIFIED.);
#427=B_SPLINE_CURVE_WITH_KNOTS('',3,(#5030,#5031,#5032,#5033),
 .UNSPECIFIED.,.F.,.F.,(4,4),(0.,1.),.UNSPECIFIED.);
#428=B_SPLINE_CURVE_WITH_KNOTS('',3,(#5048,#5049,#5050,#5051),
 .UNSPECIFIED.,.F.,.F.,(4,4),(0.,1.),.UNSPECIFIED.);
#429=B_SPLINE_CURVE_WITH_KNOTS('',3,(#5053,#5054,#5055,#5056,#5057,#5058,
#5059,#5060,#5061,#5062,#5063,#5064),.UNSPECIFIED.,.F.,.F.,(4,1,1,1,1,1,
1,1,1,4),(0.,0.25,0.375,0.5,0.625,0.6875,0.75,0.8125,0.875,1.),
 .UNSPECIFIED.);
#430=B_SPLINE_CURVE_WITH_KNOTS('',3,(#5067,#5068,#5069,#5070),
 .UNSPECIFIED.,.F.,.F.,(4,4),(0.,1.),.UNSPECIFIED.);
#431=B_SPLINE_CURVE_WITH_KNOTS('',3,(#5073,#5074,#5075,#5076),
 .UNSPECIFIED.,.F.,.F.,(4,4),(0.,1.),.UNSPECIFIED.);
#432=B_SPLINE_CURVE_WITH_KNOTS('',3,(#5081,#5082,#5083,#5084,#5085,#5086,
#5087,#5088,#5089),.UNSPECIFIED.,.F.,.F.,(4,1,1,1,1,1,4),(0.,0.25,0.375,
0.5,0.625,0.75,1.),.UNSPECIFIED.);
#433=B_SPLINE_CURVE_WITH_KNOTS('',3,(#5094,#5095,#5096,#5097,#5098,#5099,
#5100,#5101,#5102,#5103),.UNSPECIFIED.,.F.,.F.,(4,1,1,1,1,1,1,4),(0.,0.25,
0.375,0.5,0.625,0.75,0.875,1.),.UNSPECIFIED.);
#434=B_SPLINE_CURVE_WITH_KNOTS('',3,(#5104,#5105,#5106,#5107,#5108,#5109,
#5110,#5111,#5112,#5113),.UNSPECIFIED.,.F.,.F.,(4,1,1,1,1,1,1,4),(0.,0.125,
0.25,0.375,0.5,0.625,0.75,1.),.UNSPECIFIED.);
#435=B_SPLINE_CURVE_WITH_KNOTS('',3,(#5117,#5118,#5119,#5120),
 .UNSPECIFIED.,.F.,.F.,(4,4),(0.,1.),.UNSPECIFIED.);
#436=B_SPLINE_CURVE_WITH_KNOTS('',3,(#5122,#5123,#5124,#5125),
 .UNSPECIFIED.,.F.,.F.,(4,4),(0.,1.),.UNSPECIFIED.);
#437=B_SPLINE_CURVE_WITH_KNOTS('',3,(#5127,#5128,#5129,#5130,#5131,#5132,
#5133,#5134,#5135),.UNSPECIFIED.,.F.,.F.,(4,1,1,1,1,1,4),(0.,0.25,0.375,
0.5,0.625,0.75,1.),.UNSPECIFIED.);
#438=B_SPLINE_CURVE_WITH_KNOTS('',3,(#5141,#5142,#5143,#5144,#5145,#5146,
#5147,#5148,#5149,#5150,#5151,#5152),.UNSPECIFIED.,.F.,.F.,(4,1,1,1,1,1,
1,1,1,4),(6.69018408076425E-6,0.125005853911071,0.187505435774566,0.250005017638061,
0.312504599501556,0.37500418136505,0.50000334509204,0.62500250881903,0.75000167254602,
1.),.UNSPECIFIED.);
#439=B_SPLINE_CURVE_WITH_KNOTS('',3,(#5154,#5155,#5156,#5157),
 .UNSPECIFIED.,.F.,.F.,(4,4),(0.,1.),.UNSPECIFIED.);
#440=B_SPLINE_CURVE_WITH_KNOTS('',3,(#5161,#5162,#5163,#5164),
 .UNSPECIFIED.,.F.,.F.,(4,4),(0.,1.),.UNSPECIFIED.);
#441=B_SPLINE_CURVE_WITH_KNOTS('',3,(#5166,#5167,#5168,#5169,#5170,#5171,
#5172,#5173,#5174,#5175,#5176,#5177),.UNSPECIFIED.,.F.,.F.,(4,1,1,1,1,1,
1,1,1,4),(0.,0.25,0.375,0.5,0.625,0.6875,0.75,0.8125,0.875,1.),
 .UNSPECIFIED.);
#442=B_SPLINE_CURVE_WITH_KNOTS('',3,(#5179,#5180,#5181,#5182),
 .UNSPECIFIED.,.F.,.F.,(4,4),(0.,1.),.UNSPECIFIED.);
#443=B_SPLINE_CURVE_WITH_KNOTS('',3,(#5185,#5186,#5187,#5188),
 .UNSPECIFIED.,.F.,.F.,(4,4),(0.,1.),.UNSPECIFIED.);
#444=B_SPLINE_CURVE_WITH_KNOTS('',3,(#5193,#5194,#5195,#5196,#5197,#5198,
#5199,#5200,#5201),.UNSPECIFIED.,.F.,.F.,(4,1,1,1,1,1,4),(0.,0.25,0.375,
0.5,0.625,0.75,1.),.UNSPECIFIED.);
#445=B_SPLINE_CURVE_WITH_KNOTS('',3,(#5203,#5204,#5205,#5206,#5207,#5208,
#5209,#5210,#5211,#5212),.UNSPECIFIED.,.F.,.F.,(4,1,1,1,1,1,1,4),(0.,0.125,
0.25,0.375,0.5,0.625,0.75,1.),.UNSPECIFIED.);
#446=B_SPLINE_CURVE_WITH_KNOTS('',3,(#5216,#5217,#5218,#5219,#5220,#5221,
#5222,#5223,#5224,#5225),.UNSPECIFIED.,.F.,.F.,(4,1,1,1,1,1,1,4),(0.,0.25,
0.375,0.5,0.625,0.75,0.875,1.),.UNSPECIFIED.);
#447=B_SPLINE_CURVE_WITH_KNOTS('',3,(#5229,#5230,#5231,#5232),
 .UNSPECIFIED.,.F.,.F.,(4,4),(0.,1.),.UNSPECIFIED.);
#448=B_SPLINE_CURVE_WITH_KNOTS('',3,(#5234,#5235,#5236,#5237),
 .UNSPECIFIED.,.F.,.F.,(4,4),(0.,1.),.UNSPECIFIED.);
#449=B_SPLINE_CURVE_WITH_KNOTS('',3,(#5239,#5240,#5241,#5242,#5243,#5244,
#5245,#5246,#5247),.UNSPECIFIED.,.F.,.F.,(4,1,1,1,1,1,4),(0.,0.25,0.375,
0.5,0.625,0.75,1.),.UNSPECIFIED.);
#450=B_SPLINE_CURVE_WITH_KNOTS('',3,(#5282,#5283,#5284,#5285,#5286,#5287,
#5288,#5289,#5290,#5291,#5292,#5293,#5294,#5295,#5296,#5297,#5298,#5299),
 .UNSPECIFIED.,.F.,.F.,(4,1,1,1,1,1,1,1,1,1,1,1,1,1,1,4),(0.,0.125,0.1875,
0.21875,0.25,0.28125,0.3125,0.375,0.4375,0.46875,0.5,0.53125,0.5625,0.625,
0.75,1.),.UNSPECIFIED.);
#451=B_SPLINE_CURVE_WITH_KNOTS('',3,(#5395,#5396,#5397,#5398,#5399,#5400,
#5401,#5402,#5403),.UNSPECIFIED.,.F.,.F.,(4,1,1,1,1,1,4),(0.,0.25,0.375,
0.5,0.625,0.75,1.),.UNSPECIFIED.);
#452=B_SPLINE_CURVE_WITH_KNOTS('',3,(#5430,#5431,#5432,#5433),
 .UNSPECIFIED.,.F.,.F.,(4,4),(0.,1.),.UNSPECIFIED.);
#453=B_SPLINE_CURVE_WITH_KNOTS('',3,(#5435,#5436,#5437,#5438,#5439,#5440,
#5441,#5442,#5443,#5444),.UNSPECIFIED.,.F.,.F.,(4,1,1,1,1,1,1,4),(0.,0.25,
0.375,0.5,0.5625,0.625,0.75,1.),.UNSPECIFIED.);
#454=B_SPLINE_CURVE_WITH_KNOTS('',3,(#5469,#5470,#5471,#5472,#5473,#5474,
#5475,#5476,#5477,#5478),.UNSPECIFIED.,.F.,.F.,(4,1,1,1,1,1,1,4),(0.,0.25,
0.375,0.5,0.5625,0.625,0.75,1.),.UNSPECIFIED.);
#455=B_SPLINE_CURVE_WITH_KNOTS('',3,(#5576,#5577,#5578,#5579,#5580,#5581,
#5582,#5583,#5584),.UNSPECIFIED.,.F.,.F.,(4,1,1,1,1,1,4),(0.,0.25,0.375,
0.5,0.625,0.75,1.),.UNSPECIFIED.);
#456=B_SPLINE_CURVE_WITH_KNOTS('',3,(#5609,#5610,#5611,#5612,#5613,#5614,
#5615,#5616,#5617,#5618,#5619,#5620,#5621,#5622,#5623,#5624,#5625,#5626),
 .UNSPECIFIED.,.F.,.F.,(4,1,1,1,1,1,1,1,1,1,1,1,1,1,1,4),(0.,0.125,0.1875,
0.21875,0.25,0.28125,0.3125,0.375,0.4375,0.46875,0.5,0.53125,0.5625,0.625,
0.75,1.),.UNSPECIFIED.);
#457=B_SPLINE_CURVE_WITH_KNOTS('',3,(#5628,#5629,#5630,#5631),
 .UNSPECIFIED.,.F.,.F.,(4,4),(0.,1.),.UNSPECIFIED.);
#458=B_SPLINE_CURVE_WITH_KNOTS('',3,(#5656,#5657,#5658,#5659,#5660,#5661,
#5662,#5663,#5664,#5665,#5666,#5667,#5668,#5669,#5670,#5671,#5672,#5673),
 .UNSPECIFIED.,.F.,.F.,(4,1,1,1,1,1,1,1,1,1,1,1,1,1,1,4),(0.,0.125,0.1875,
0.21875,0.25,0.28125,0.3125,0.375,0.4375,0.46875,0.5,0.53125,0.5625,0.625,
0.75,1.),.UNSPECIFIED.);
#459=B_SPLINE_CURVE_WITH_KNOTS('',3,(#5794,#5795,#5796,#5797,#5798,#5799,
#5800,#5801,#5802,#5803),.UNSPECIFIED.,.F.,.F.,(4,1,1,1,1,1,1,4),(0.,0.25,
0.375,0.5,0.5625,0.625,0.75,1.),.UNSPECIFIED.);
#460=B_SPLINE_CURVE_WITH_KNOTS('',3,(#5828,#5829,#5830,#5831,#5832,#5833,
#5834,#5835,#5836,#5837),.UNSPECIFIED.,.F.,.F.,(4,1,1,1,1,1,1,4),(0.,0.25,
0.375,0.5,0.5625,0.625,0.75,1.),.UNSPECIFIED.);
#461=B_SPLINE_CURVE_WITH_KNOTS('',3,(#5958,#5959,#5960,#5961,#5962,#5963,
#5964,#5965,#5966,#5967,#5968,#5969,#5970,#5971,#5972,#5973,#5974,#5975),
 .UNSPECIFIED.,.F.,.F.,(4,1,1,1,1,1,1,1,1,1,1,1,1,1,1,4),(0.,0.125,0.1875,
0.21875,0.25,0.28125,0.3125,0.375,0.4375,0.46875,0.5,0.53125,0.5625,0.625,
0.75,1.),.UNSPECIFIED.);
#462=B_SPLINE_CURVE_WITH_KNOTS('',3,(#6042,#6043,#6044,#6045),
 .UNSPECIFIED.,.F.,.F.,(4,4),(0.,1.),.UNSPECIFIED.);
#463=B_SPLINE_CURVE_WITH_KNOTS('',3,(#6137,#6138,#6139,#6140),
 .UNSPECIFIED.,.F.,.F.,(4,4),(0.,1.),.UNSPECIFIED.);
#464=ORIENTED_EDGE('',*,*,#1236,.F.);
#465=ORIENTED_EDGE('',*,*,#1237,.F.);
#466=ORIENTED_EDGE('',*,*,#1238,.F.);
#467=ORIENTED_EDGE('',*,*,#1239,.F.);
#468=ORIENTED_EDGE('',*,*,#1240,.F.);
#469=ORIENTED_EDGE('',*,*,#1241,.F.);
#470=ORIENTED_EDGE('',*,*,#1242,.F.);
#471=ORIENTED_EDGE('',*,*,#1243,.F.);
#472=ORIENTED_EDGE('',*,*,#1244,.F.);
#473=ORIENTED_EDGE('',*,*,#1245,.F.);
#474=ORIENTED_EDGE('',*,*,#1246,.T.);
#475=ORIENTED_EDGE('',*,*,#1247,.F.);
#476=ORIENTED_EDGE('',*,*,#1248,.T.);
#477=ORIENTED_EDGE('',*,*,#1249,.F.);
#478=ORIENTED_EDGE('',*,*,#1250,.T.);
#479=ORIENTED_EDGE('',*,*,#1251,.F.);
#480=ORIENTED_EDGE('',*,*,#1248,.F.);
#481=ORIENTED_EDGE('',*,*,#1252,.F.);
#482=ORIENTED_EDGE('',*,*,#1253,.T.);
#483=ORIENTED_EDGE('',*,*,#1254,.F.);
#484=ORIENTED_EDGE('',*,*,#1246,.F.);
#485=ORIENTED_EDGE('',*,*,#1255,.F.);
#486=ORIENTED_EDGE('',*,*,#1256,.T.);
#487=ORIENTED_EDGE('',*,*,#1257,.F.);
#488=ORIENTED_EDGE('',*,*,#1250,.F.);
#489=ORIENTED_EDGE('',*,*,#1258,.F.);
#490=ORIENTED_EDGE('',*,*,#1259,.T.);
#491=ORIENTED_EDGE('',*,*,#1260,.F.);
#492=ORIENTED_EDGE('',*,*,#1253,.F.);
#493=ORIENTED_EDGE('',*,*,#1261,.F.);
#494=ORIENTED_EDGE('',*,*,#1262,.T.);
#495=ORIENTED_EDGE('',*,*,#1263,.F.);
#496=ORIENTED_EDGE('',*,*,#1256,.F.);
#497=ORIENTED_EDGE('',*,*,#1264,.F.);
#498=ORIENTED_EDGE('',*,*,#1265,.T.);
#499=ORIENTED_EDGE('',*,*,#1266,.F.);
#500=ORIENTED_EDGE('',*,*,#1259,.F.);
#501=ORIENTED_EDGE('',*,*,#1267,.F.);
#502=ORIENTED_EDGE('',*,*,#1262,.F.);
#503=ORIENTED_EDGE('',*,*,#1268,.F.);
#504=ORIENTED_EDGE('',*,*,#1265,.F.);
#505=ORIENTED_EDGE('',*,*,#1269,.F.);
#506=ORIENTED_EDGE('',*,*,#1270,.F.);
#507=ORIENTED_EDGE('',*,*,#1271,.F.);
#508=ORIENTED_EDGE('',*,*,#1272,.T.);
#509=ORIENTED_EDGE('',*,*,#1273,.F.);
#510=ORIENTED_EDGE('',*,*,#1274,.T.);
#511=ORIENTED_EDGE('',*,*,#1275,.T.);
#512=ORIENTED_EDGE('',*,*,#1272,.F.);
#513=ORIENTED_EDGE('',*,*,#1276,.F.);
#514=ORIENTED_EDGE('',*,*,#1239,.T.);
#515=ORIENTED_EDGE('',*,*,#1277,.T.);
#516=ORIENTED_EDGE('',*,*,#1278,.F.);
#517=ORIENTED_EDGE('',*,*,#1274,.F.);
#518=ORIENTED_EDGE('',*,*,#1279,.T.);
#519=ORIENTED_EDGE('',*,*,#1280,.F.);
#520=ORIENTED_EDGE('',*,*,#1275,.F.);
#521=ORIENTED_EDGE('',*,*,#1281,.F.);
#522=ORIENTED_EDGE('',*,*,#1277,.F.);
#523=ORIENTED_EDGE('',*,*,#1238,.T.);
#524=ORIENTED_EDGE('',*,*,#1282,.F.);
#525=ORIENTED_EDGE('',*,*,#1283,.T.);
#526=ORIENTED_EDGE('',*,*,#1284,.F.);
#527=ORIENTED_EDGE('',*,*,#1285,.T.);
#528=ORIENTED_EDGE('',*,*,#1286,.F.);
#529=ORIENTED_EDGE('',*,*,#1279,.F.);
#530=ORIENTED_EDGE('',*,*,#1287,.F.);
#531=ORIENTED_EDGE('',*,*,#1288,.T.);
#532=ORIENTED_EDGE('',*,*,#1289,.F.);
#533=ORIENTED_EDGE('',*,*,#1283,.F.);
#534=ORIENTED_EDGE('',*,*,#1290,.F.);
#535=ORIENTED_EDGE('',*,*,#1291,.T.);
#536=ORIENTED_EDGE('',*,*,#1292,.F.);
#537=ORIENTED_EDGE('',*,*,#1285,.F.);
#538=ORIENTED_EDGE('',*,*,#1293,.F.);
#539=ORIENTED_EDGE('',*,*,#1294,.T.);
#540=ORIENTED_EDGE('',*,*,#1295,.F.);
#541=ORIENTED_EDGE('',*,*,#1288,.F.);
#542=ORIENTED_EDGE('',*,*,#1296,.F.);
#543=ORIENTED_EDGE('',*,*,#1297,.T.);
#544=ORIENTED_EDGE('',*,*,#1298,.F.);
#545=ORIENTED_EDGE('',*,*,#1291,.F.);
#546=ORIENTED_EDGE('',*,*,#1299,.F.);
#547=ORIENTED_EDGE('',*,*,#1300,.T.);
#548=ORIENTED_EDGE('',*,*,#1301,.F.);
#549=ORIENTED_EDGE('',*,*,#1294,.F.);
#550=ORIENTED_EDGE('',*,*,#1302,.F.);
#551=ORIENTED_EDGE('',*,*,#1303,.T.);
#552=ORIENTED_EDGE('',*,*,#1304,.F.);
#553=ORIENTED_EDGE('',*,*,#1297,.F.);
#554=ORIENTED_EDGE('',*,*,#1305,.F.);
#555=ORIENTED_EDGE('',*,*,#1306,.T.);
#556=ORIENTED_EDGE('',*,*,#1307,.F.);
#557=ORIENTED_EDGE('',*,*,#1300,.F.);
#558=ORIENTED_EDGE('',*,*,#1308,.F.);
#559=ORIENTED_EDGE('',*,*,#1309,.T.);
#560=ORIENTED_EDGE('',*,*,#1310,.F.);
#561=ORIENTED_EDGE('',*,*,#1303,.F.);
#562=ORIENTED_EDGE('',*,*,#1311,.F.);
#563=ORIENTED_EDGE('',*,*,#1312,.T.);
#564=ORIENTED_EDGE('',*,*,#1313,.F.);
#565=ORIENTED_EDGE('',*,*,#1306,.F.);
#566=ORIENTED_EDGE('',*,*,#1314,.F.);
#567=ORIENTED_EDGE('',*,*,#1315,.T.);
#568=ORIENTED_EDGE('',*,*,#1243,.T.);
#569=ORIENTED_EDGE('',*,*,#1316,.F.);
#570=ORIENTED_EDGE('',*,*,#1309,.F.);
#571=ORIENTED_EDGE('',*,*,#1317,.F.);
#572=ORIENTED_EDGE('',*,*,#1318,.T.);
#573=ORIENTED_EDGE('',*,*,#1319,.F.);
#574=ORIENTED_EDGE('',*,*,#1312,.F.);
#575=ORIENTED_EDGE('',*,*,#1320,.F.);
#576=ORIENTED_EDGE('',*,*,#1321,.F.);
#577=ORIENTED_EDGE('',*,*,#1244,.T.);
#578=ORIENTED_EDGE('',*,*,#1315,.F.);
#579=ORIENTED_EDGE('',*,*,#1322,.F.);
#580=ORIENTED_EDGE('',*,*,#1323,.T.);
#581=ORIENTED_EDGE('',*,*,#1318,.F.);
#582=ORIENTED_EDGE('',*,*,#1324,.T.);
#583=ORIENTED_EDGE('',*,*,#1323,.F.);
#584=ORIENTED_EDGE('',*,*,#1324,.F.);
#585=ORIENTED_EDGE('',*,*,#1325,.F.);
#586=ORIENTED_EDGE('',*,*,#1326,.F.);
#587=ORIENTED_EDGE('',*,*,#1327,.F.);
#588=ORIENTED_EDGE('',*,*,#1328,.F.);
#589=ORIENTED_EDGE('',*,*,#1273,.T.);
#590=ORIENTED_EDGE('',*,*,#1280,.T.);
#591=ORIENTED_EDGE('',*,*,#1329,.F.);
#592=ORIENTED_EDGE('',*,*,#1282,.T.);
#593=ORIENTED_EDGE('',*,*,#1237,.T.);
#594=ORIENTED_EDGE('',*,*,#1330,.F.);
#595=ORIENTED_EDGE('',*,*,#1331,.F.);
#596=ORIENTED_EDGE('',*,*,#1332,.F.);
#597=ORIENTED_EDGE('',*,*,#1325,.T.);
#598=ORIENTED_EDGE('',*,*,#1320,.T.);
#599=ORIENTED_EDGE('',*,*,#1333,.F.);
#600=ORIENTED_EDGE('',*,*,#1316,.T.);
#601=ORIENTED_EDGE('',*,*,#1242,.T.);
#602=ORIENTED_EDGE('',*,*,#1334,.F.);
#603=ORIENTED_EDGE('',*,*,#1335,.F.);
#604=ORIENTED_EDGE('',*,*,#1336,.F.);
#605=ORIENTED_EDGE('',*,*,#1263,.T.);
#606=ORIENTED_EDGE('',*,*,#1337,.F.);
#607=ORIENTED_EDGE('',*,*,#1296,.T.);
#608=ORIENTED_EDGE('',*,*,#1338,.F.);
#609=ORIENTED_EDGE('',*,*,#1251,.T.);
#610=ORIENTED_EDGE('',*,*,#1339,.F.);
#611=ORIENTED_EDGE('',*,*,#1292,.T.);
#612=ORIENTED_EDGE('',*,*,#1340,.F.);
#613=ORIENTED_EDGE('',*,*,#1255,.T.);
#614=ORIENTED_EDGE('',*,*,#1341,.F.);
#615=ORIENTED_EDGE('',*,*,#1304,.T.);
#616=ORIENTED_EDGE('',*,*,#1342,.F.);
#617=ORIENTED_EDGE('',*,*,#1267,.T.);
#618=ORIENTED_EDGE('',*,*,#1343,.F.);
#619=ORIENTED_EDGE('',*,*,#1308,.T.);
#620=ORIENTED_EDGE('',*,*,#1334,.T.);
#621=ORIENTED_EDGE('',*,*,#1241,.T.);
#622=ORIENTED_EDGE('',*,*,#1344,.F.);
#623=ORIENTED_EDGE('',*,*,#1326,.T.);
#624=ORIENTED_EDGE('',*,*,#1332,.T.);
#625=ORIENTED_EDGE('',*,*,#1345,.T.);
#626=ORIENTED_EDGE('',*,*,#1344,.T.);
#627=ORIENTED_EDGE('',*,*,#1245,.T.);
#628=ORIENTED_EDGE('',*,*,#1321,.T.);
#629=ORIENTED_EDGE('',*,*,#1327,.T.);
#630=ORIENTED_EDGE('',*,*,#1346,.F.);
#631=ORIENTED_EDGE('',*,*,#1330,.T.);
#632=ORIENTED_EDGE('',*,*,#1236,.T.);
#633=ORIENTED_EDGE('',*,*,#1347,.F.);
#634=ORIENTED_EDGE('',*,*,#1270,.T.);
#635=ORIENTED_EDGE('',*,*,#1328,.T.);
#636=ORIENTED_EDGE('',*,*,#1348,.T.);
#637=ORIENTED_EDGE('',*,*,#1347,.T.);
#638=ORIENTED_EDGE('',*,*,#1240,.T.);
#639=ORIENTED_EDGE('',*,*,#1276,.T.);
#640=ORIENTED_EDGE('',*,*,#1271,.T.);
#641=ORIENTED_EDGE('',*,*,#1349,.F.);
#642=ORIENTED_EDGE('',*,*,#1339,.T.);
#643=ORIENTED_EDGE('',*,*,#1257,.T.);
#644=ORIENTED_EDGE('',*,*,#1336,.T.);
#645=ORIENTED_EDGE('',*,*,#1290,.T.);
#646=ORIENTED_EDGE('',*,*,#1331,.T.);
#647=ORIENTED_EDGE('',*,*,#1348,.F.);
#648=ORIENTED_EDGE('',*,*,#1329,.T.);
#649=ORIENTED_EDGE('',*,*,#1286,.T.);
#650=ORIENTED_EDGE('',*,*,#1343,.T.);
#651=ORIENTED_EDGE('',*,*,#1261,.T.);
#652=ORIENTED_EDGE('',*,*,#1340,.T.);
#653=ORIENTED_EDGE('',*,*,#1310,.T.);
#654=ORIENTED_EDGE('',*,*,#1335,.T.);
#655=ORIENTED_EDGE('',*,*,#1345,.F.);
#656=ORIENTED_EDGE('',*,*,#1333,.T.);
#657=ORIENTED_EDGE('',*,*,#1314,.T.);
#658=ORIENTED_EDGE('',*,*,#1350,.F.);
#659=ORIENTED_EDGE('',*,*,#1351,.F.);
#660=ORIENTED_EDGE('',*,*,#1352,.F.);
#661=ORIENTED_EDGE('',*,*,#1353,.F.);
#662=ORIENTED_EDGE('',*,*,#1354,.F.);
#663=ORIENTED_EDGE('',*,*,#1355,.F.);
#664=ORIENTED_EDGE('',*,*,#1356,.F.);
#665=ORIENTED_EDGE('',*,*,#1357,.F.);
#666=ORIENTED_EDGE('',*,*,#1358,.T.);
#667=ORIENTED_EDGE('',*,*,#1351,.T.);
#668=ORIENTED_EDGE('',*,*,#1359,.T.);
#669=ORIENTED_EDGE('',*,*,#1360,.F.);
#670=ORIENTED_EDGE('',*,*,#1361,.T.);
#671=ORIENTED_EDGE('',*,*,#1362,.T.);
#672=ORIENTED_EDGE('',*,*,#1363,.T.);
#673=ORIENTED_EDGE('',*,*,#1364,.T.);
#674=ORIENTED_EDGE('',*,*,#1365,.T.);
#675=ORIENTED_EDGE('',*,*,#1366,.F.);
#676=ORIENTED_EDGE('',*,*,#1367,.T.);
#677=ORIENTED_EDGE('',*,*,#1368,.T.);
#678=ORIENTED_EDGE('',*,*,#1355,.T.);
#679=ORIENTED_EDGE('',*,*,#1369,.T.);
#680=ORIENTED_EDGE('',*,*,#1353,.T.);
#681=ORIENTED_EDGE('',*,*,#1370,.T.);
#682=ORIENTED_EDGE('',*,*,#1357,.T.);
#683=ORIENTED_EDGE('',*,*,#1371,.T.);
#684=ORIENTED_EDGE('',*,*,#1372,.T.);
#685=ORIENTED_EDGE('',*,*,#1373,.F.);
#686=ORIENTED_EDGE('',*,*,#1374,.T.);
#687=ORIENTED_EDGE('',*,*,#1375,.T.);
#688=ORIENTED_EDGE('',*,*,#1376,.T.);
#689=ORIENTED_EDGE('',*,*,#1377,.T.);
#690=ORIENTED_EDGE('',*,*,#1378,.T.);
#691=ORIENTED_EDGE('',*,*,#1379,.F.);
#692=ORIENTED_EDGE('',*,*,#1369,.F.);
#693=ORIENTED_EDGE('',*,*,#1354,.T.);
#694=ORIENTED_EDGE('',*,*,#1370,.F.);
#695=ORIENTED_EDGE('',*,*,#1380,.T.);
#696=ORIENTED_EDGE('',*,*,#1359,.F.);
#697=ORIENTED_EDGE('',*,*,#1350,.T.);
#698=ORIENTED_EDGE('',*,*,#1381,.F.);
#699=ORIENTED_EDGE('',*,*,#1382,.F.);
#700=ORIENTED_EDGE('',*,*,#1383,.F.);
#701=ORIENTED_EDGE('',*,*,#1384,.F.);
#702=ORIENTED_EDGE('',*,*,#1385,.F.);
#703=ORIENTED_EDGE('',*,*,#1386,.F.);
#704=ORIENTED_EDGE('',*,*,#1387,.F.);
#705=ORIENTED_EDGE('',*,*,#1388,.F.);
#706=ORIENTED_EDGE('',*,*,#1389,.T.);
#707=ORIENTED_EDGE('',*,*,#1388,.T.);
#708=ORIENTED_EDGE('',*,*,#1390,.F.);
#709=ORIENTED_EDGE('',*,*,#1382,.T.);
#710=ORIENTED_EDGE('',*,*,#1391,.F.);
#711=ORIENTED_EDGE('',*,*,#1392,.F.);
#712=ORIENTED_EDGE('',*,*,#1393,.T.);
#713=ORIENTED_EDGE('',*,*,#1394,.F.);
#714=ORIENTED_EDGE('',*,*,#1395,.T.);
#715=ORIENTED_EDGE('',*,*,#1396,.F.);
#716=ORIENTED_EDGE('',*,*,#1393,.F.);
#717=ORIENTED_EDGE('',*,*,#1397,.F.);
#718=ORIENTED_EDGE('',*,*,#1398,.T.);
#719=ORIENTED_EDGE('',*,*,#1399,.F.);
#720=ORIENTED_EDGE('',*,*,#1395,.F.);
#721=ORIENTED_EDGE('',*,*,#1400,.F.);
#722=ORIENTED_EDGE('',*,*,#1401,.T.);
#723=ORIENTED_EDGE('',*,*,#1402,.F.);
#724=ORIENTED_EDGE('',*,*,#1398,.F.);
#725=ORIENTED_EDGE('',*,*,#1403,.F.);
#726=ORIENTED_EDGE('',*,*,#1404,.F.);
#727=ORIENTED_EDGE('',*,*,#1405,.F.);
#728=ORIENTED_EDGE('',*,*,#1401,.F.);
#729=ORIENTED_EDGE('',*,*,#1406,.F.);
#730=ORIENTED_EDGE('',*,*,#1407,.T.);
#731=ORIENTED_EDGE('',*,*,#1408,.F.);
#732=ORIENTED_EDGE('',*,*,#1409,.F.);
#733=ORIENTED_EDGE('',*,*,#1410,.F.);
#734=ORIENTED_EDGE('',*,*,#1411,.T.);
#735=ORIENTED_EDGE('',*,*,#1412,.F.);
#736=ORIENTED_EDGE('',*,*,#1407,.F.);
#737=ORIENTED_EDGE('',*,*,#1413,.F.);
#738=ORIENTED_EDGE('',*,*,#1414,.T.);
#739=ORIENTED_EDGE('',*,*,#1415,.F.);
#740=ORIENTED_EDGE('',*,*,#1411,.F.);
#741=ORIENTED_EDGE('',*,*,#1416,.F.);
#742=ORIENTED_EDGE('',*,*,#1417,.T.);
#743=ORIENTED_EDGE('',*,*,#1418,.F.);
#744=ORIENTED_EDGE('',*,*,#1414,.F.);
#745=ORIENTED_EDGE('',*,*,#1419,.F.);
#746=ORIENTED_EDGE('',*,*,#1420,.F.);
#747=ORIENTED_EDGE('',*,*,#1421,.F.);
#748=ORIENTED_EDGE('',*,*,#1417,.F.);
#749=ORIENTED_EDGE('',*,*,#1422,.F.);
#750=ORIENTED_EDGE('',*,*,#1423,.F.);
#751=ORIENTED_EDGE('',*,*,#1424,.F.);
#752=ORIENTED_EDGE('',*,*,#1425,.F.);
#753=ORIENTED_EDGE('',*,*,#1426,.F.);
#754=ORIENTED_EDGE('',*,*,#1427,.F.);
#755=ORIENTED_EDGE('',*,*,#1428,.F.);
#756=ORIENTED_EDGE('',*,*,#1349,.T.);
#757=ORIENTED_EDGE('',*,*,#1429,.F.);
#758=ORIENTED_EDGE('',*,*,#1346,.T.);
#759=ORIENTED_EDGE('',*,*,#1430,.F.);
#760=ORIENTED_EDGE('',*,*,#1431,.T.);
#761=ORIENTED_EDGE('',*,*,#1432,.F.);
#762=ORIENTED_EDGE('',*,*,#1391,.T.);
#763=ORIENTED_EDGE('',*,*,#1433,.T.);
#764=ORIENTED_EDGE('',*,*,#1404,.T.);
#765=ORIENTED_EDGE('',*,*,#1434,.F.);
#766=ORIENTED_EDGE('',*,*,#1435,.T.);
#767=ORIENTED_EDGE('',*,*,#1436,.F.);
#768=ORIENTED_EDGE('',*,*,#1420,.T.);
#769=ORIENTED_EDGE('',*,*,#1437,.T.);
#770=ORIENTED_EDGE('',*,*,#1409,.T.);
#771=ORIENTED_EDGE('',*,*,#1438,.F.);
#772=ORIENTED_EDGE('',*,*,#1430,.T.);
#773=ORIENTED_EDGE('',*,*,#1429,.T.);
#774=ORIENTED_EDGE('',*,*,#1428,.T.);
#775=ORIENTED_EDGE('',*,*,#1426,.T.);
#776=ORIENTED_EDGE('',*,*,#1424,.T.);
#777=ORIENTED_EDGE('',*,*,#1423,.T.);
#778=ORIENTED_EDGE('',*,*,#1319,.T.);
#779=ORIENTED_EDGE('',*,*,#1322,.T.);
#780=ORIENTED_EDGE('',*,*,#1317,.T.);
#781=ORIENTED_EDGE('',*,*,#1311,.T.);
#782=ORIENTED_EDGE('',*,*,#1305,.T.);
#783=ORIENTED_EDGE('',*,*,#1299,.T.);
#784=ORIENTED_EDGE('',*,*,#1293,.T.);
#785=ORIENTED_EDGE('',*,*,#1287,.T.);
#786=ORIENTED_EDGE('',*,*,#1281,.T.);
#787=ORIENTED_EDGE('',*,*,#1278,.T.);
#788=ORIENTED_EDGE('',*,*,#1284,.T.);
#789=ORIENTED_EDGE('',*,*,#1289,.T.);
#790=ORIENTED_EDGE('',*,*,#1295,.T.);
#791=ORIENTED_EDGE('',*,*,#1301,.T.);
#792=ORIENTED_EDGE('',*,*,#1307,.T.);
#793=ORIENTED_EDGE('',*,*,#1313,.T.);
#794=ORIENTED_EDGE('',*,*,#1435,.F.);
#795=ORIENTED_EDGE('',*,*,#1439,.T.);
#796=ORIENTED_EDGE('',*,*,#1431,.F.);
#797=ORIENTED_EDGE('',*,*,#1440,.T.);
#798=ORIENTED_EDGE('',*,*,#1441,.T.);
#799=ORIENTED_EDGE('',*,*,#1442,.T.);
#800=ORIENTED_EDGE('',*,*,#1386,.T.);
#801=ORIENTED_EDGE('',*,*,#1443,.T.);
#802=ORIENTED_EDGE('',*,*,#1444,.F.);
#803=ORIENTED_EDGE('',*,*,#1445,.T.);
#804=ORIENTED_EDGE('',*,*,#1446,.F.);
#805=ORIENTED_EDGE('',*,*,#1447,.F.);
#806=ORIENTED_EDGE('',*,*,#1448,.F.);
#807=ORIENTED_EDGE('',*,*,#1449,.F.);
#808=ORIENTED_EDGE('',*,*,#1450,.F.);
#809=ORIENTED_EDGE('',*,*,#1451,.F.);
#810=ORIENTED_EDGE('',*,*,#1452,.T.);
#811=ORIENTED_EDGE('',*,*,#1453,.F.);
#812=ORIENTED_EDGE('',*,*,#1454,.F.);
#813=ORIENTED_EDGE('',*,*,#1455,.F.);
#814=ORIENTED_EDGE('',*,*,#1456,.F.);
#815=ORIENTED_EDGE('',*,*,#1457,.F.);
#816=ORIENTED_EDGE('',*,*,#1458,.T.);
#817=ORIENTED_EDGE('',*,*,#1459,.F.);
#818=ORIENTED_EDGE('',*,*,#1460,.T.);
#819=ORIENTED_EDGE('',*,*,#1384,.T.);
#820=ORIENTED_EDGE('',*,*,#1442,.F.);
#821=ORIENTED_EDGE('',*,*,#1461,.F.);
#822=ORIENTED_EDGE('',*,*,#1451,.T.);
#823=ORIENTED_EDGE('',*,*,#1383,.T.);
#824=ORIENTED_EDGE('',*,*,#1390,.T.);
#825=ORIENTED_EDGE('',*,*,#1387,.T.);
#826=ORIENTED_EDGE('',*,*,#1433,.F.);
#827=ORIENTED_EDGE('',*,*,#1394,.T.);
#828=ORIENTED_EDGE('',*,*,#1396,.T.);
#829=ORIENTED_EDGE('',*,*,#1399,.T.);
#830=ORIENTED_EDGE('',*,*,#1402,.T.);
#831=ORIENTED_EDGE('',*,*,#1405,.T.);
#832=ORIENTED_EDGE('',*,*,#1440,.F.);
#833=ORIENTED_EDGE('',*,*,#1438,.T.);
#834=ORIENTED_EDGE('',*,*,#1408,.T.);
#835=ORIENTED_EDGE('',*,*,#1462,.T.);
#836=ORIENTED_EDGE('',*,*,#1463,.T.);
#837=ORIENTED_EDGE('',*,*,#1464,.T.);
#838=ORIENTED_EDGE('',*,*,#1465,.T.);
#839=ORIENTED_EDGE('',*,*,#1466,.T.);
#840=ORIENTED_EDGE('',*,*,#1467,.F.);
#841=ORIENTED_EDGE('',*,*,#1468,.T.);
#842=ORIENTED_EDGE('',*,*,#1469,.T.);
#843=ORIENTED_EDGE('',*,*,#1470,.T.);
#844=ORIENTED_EDGE('',*,*,#1471,.T.);
#845=ORIENTED_EDGE('',*,*,#1472,.T.);
#846=ORIENTED_EDGE('',*,*,#1392,.T.);
#847=ORIENTED_EDGE('',*,*,#1432,.T.);
#848=ORIENTED_EDGE('',*,*,#1473,.T.);
#849=ORIENTED_EDGE('',*,*,#1421,.T.);
#850=ORIENTED_EDGE('',*,*,#1436,.T.);
#851=ORIENTED_EDGE('',*,*,#1439,.F.);
#852=ORIENTED_EDGE('',*,*,#1434,.T.);
#853=ORIENTED_EDGE('',*,*,#1406,.T.);
#854=ORIENTED_EDGE('',*,*,#1474,.T.);
#855=ORIENTED_EDGE('',*,*,#1475,.T.);
#856=ORIENTED_EDGE('',*,*,#1476,.T.);
#857=ORIENTED_EDGE('',*,*,#1477,.T.);
#858=ORIENTED_EDGE('',*,*,#1478,.T.);
#859=ORIENTED_EDGE('',*,*,#1479,.F.);
#860=ORIENTED_EDGE('',*,*,#1480,.T.);
#861=ORIENTED_EDGE('',*,*,#1481,.T.);
#862=ORIENTED_EDGE('',*,*,#1482,.T.);
#863=ORIENTED_EDGE('',*,*,#1483,.T.);
#864=ORIENTED_EDGE('',*,*,#1474,.F.);
#865=ORIENTED_EDGE('',*,*,#1403,.T.);
#866=ORIENTED_EDGE('',*,*,#1484,.F.);
#867=ORIENTED_EDGE('',*,*,#1485,.T.);
#868=ORIENTED_EDGE('',*,*,#1486,.T.);
#869=ORIENTED_EDGE('',*,*,#1487,.F.);
#870=ORIENTED_EDGE('',*,*,#1488,.T.);
#871=ORIENTED_EDGE('',*,*,#1476,.F.);
#872=ORIENTED_EDGE('',*,*,#1489,.T.);
#873=ORIENTED_EDGE('',*,*,#1478,.F.);
#874=ORIENTED_EDGE('',*,*,#1490,.T.);
#875=ORIENTED_EDGE('',*,*,#1491,.T.);
#876=ORIENTED_EDGE('',*,*,#1492,.F.);
#877=ORIENTED_EDGE('',*,*,#1493,.F.);
#878=ORIENTED_EDGE('',*,*,#1494,.F.);
#879=ORIENTED_EDGE('',*,*,#1397,.T.);
#880=ORIENTED_EDGE('',*,*,#1472,.F.);
#881=ORIENTED_EDGE('',*,*,#1495,.T.);
#882=ORIENTED_EDGE('',*,*,#1496,.T.);
#883=ORIENTED_EDGE('',*,*,#1470,.F.);
#884=ORIENTED_EDGE('',*,*,#1497,.T.);
#885=ORIENTED_EDGE('',*,*,#1498,.F.);
#886=ORIENTED_EDGE('',*,*,#1499,.T.);
#887=ORIENTED_EDGE('',*,*,#1500,.T.);
#888=ORIENTED_EDGE('',*,*,#1501,.T.);
#889=ORIENTED_EDGE('',*,*,#1468,.F.);
#890=ORIENTED_EDGE('',*,*,#1502,.F.);
#891=ORIENTED_EDGE('',*,*,#1503,.F.);
#892=ORIENTED_EDGE('',*,*,#1361,.F.);
#893=ORIENTED_EDGE('',*,*,#1504,.T.);
#894=ORIENTED_EDGE('',*,*,#1505,.T.);
#895=ORIENTED_EDGE('',*,*,#1506,.T.);
#896=ORIENTED_EDGE('',*,*,#1507,.T.);
#897=ORIENTED_EDGE('',*,*,#1508,.T.);
#898=ORIENTED_EDGE('',*,*,#1367,.F.);
#899=ORIENTED_EDGE('',*,*,#1509,.T.);
#900=ORIENTED_EDGE('',*,*,#1503,.T.);
#901=ORIENTED_EDGE('',*,*,#1510,.F.);
#902=ORIENTED_EDGE('',*,*,#1365,.F.);
#903=ORIENTED_EDGE('',*,*,#1511,.T.);
#904=ORIENTED_EDGE('',*,*,#1512,.T.);
#905=ORIENTED_EDGE('',*,*,#1513,.T.);
#906=ORIENTED_EDGE('',*,*,#1514,.T.);
#907=ORIENTED_EDGE('',*,*,#1515,.T.);
#908=ORIENTED_EDGE('',*,*,#1363,.F.);
#909=ORIENTED_EDGE('',*,*,#1516,.T.);
#910=ORIENTED_EDGE('',*,*,#1498,.T.);
#911=ORIENTED_EDGE('',*,*,#1517,.T.);
#912=ORIENTED_EDGE('',*,*,#1484,.T.);
#913=ORIENTED_EDGE('',*,*,#1400,.T.);
#914=ORIENTED_EDGE('',*,*,#1494,.T.);
#915=ORIENTED_EDGE('',*,*,#1518,.T.);
#916=ORIENTED_EDGE('',*,*,#1466,.F.);
#917=ORIENTED_EDGE('',*,*,#1519,.T.);
#918=ORIENTED_EDGE('',*,*,#1520,.T.);
#919=ORIENTED_EDGE('',*,*,#1521,.F.);
#920=ORIENTED_EDGE('',*,*,#1522,.F.);
#921=ORIENTED_EDGE('',*,*,#1521,.T.);
#922=ORIENTED_EDGE('',*,*,#1523,.T.);
#923=ORIENTED_EDGE('',*,*,#1444,.T.);
#924=ORIENTED_EDGE('',*,*,#1524,.F.);
#925=ORIENTED_EDGE('',*,*,#1459,.T.);
#926=ORIENTED_EDGE('',*,*,#1525,.T.);
#927=ORIENTED_EDGE('',*,*,#1526,.T.);
#928=ORIENTED_EDGE('',*,*,#1527,.F.);
#929=ORIENTED_EDGE('',*,*,#1528,.T.);
#930=ORIENTED_EDGE('',*,*,#1529,.T.);
#931=ORIENTED_EDGE('',*,*,#1480,.F.);
#932=ORIENTED_EDGE('',*,*,#1530,.F.);
#933=ORIENTED_EDGE('',*,*,#1526,.F.);
#934=ORIENTED_EDGE('',*,*,#1531,.T.);
#935=ORIENTED_EDGE('',*,*,#1532,.T.);
#936=ORIENTED_EDGE('',*,*,#1533,.T.);
#937=ORIENTED_EDGE('',*,*,#1457,.T.);
#938=ORIENTED_EDGE('',*,*,#1534,.T.);
#939=ORIENTED_EDGE('',*,*,#1535,.T.);
#940=ORIENTED_EDGE('',*,*,#1536,.F.);
#941=ORIENTED_EDGE('',*,*,#1537,.T.);
#942=ORIENTED_EDGE('',*,*,#1482,.F.);
#943=ORIENTED_EDGE('',*,*,#1538,.T.);
#944=ORIENTED_EDGE('',*,*,#1539,.T.);
#945=ORIENTED_EDGE('',*,*,#1540,.T.);
#946=ORIENTED_EDGE('',*,*,#1541,.T.);
#947=ORIENTED_EDGE('',*,*,#1542,.T.);
#948=ORIENTED_EDGE('',*,*,#1543,.T.);
#949=ORIENTED_EDGE('',*,*,#1453,.T.);
#950=ORIENTED_EDGE('',*,*,#1544,.F.);
#951=ORIENTED_EDGE('',*,*,#1418,.T.);
#952=ORIENTED_EDGE('',*,*,#1473,.F.);
#953=ORIENTED_EDGE('',*,*,#1545,.T.);
#954=ORIENTED_EDGE('',*,*,#1546,.T.);
#955=ORIENTED_EDGE('',*,*,#1462,.F.);
#956=ORIENTED_EDGE('',*,*,#1412,.T.);
#957=ORIENTED_EDGE('',*,*,#1547,.F.);
#958=ORIENTED_EDGE('',*,*,#1548,.T.);
#959=ORIENTED_EDGE('',*,*,#1549,.T.);
#960=ORIENTED_EDGE('',*,*,#1550,.T.);
#961=ORIENTED_EDGE('',*,*,#1551,.T.);
#962=ORIENTED_EDGE('',*,*,#1552,.T.);
#963=ORIENTED_EDGE('',*,*,#1450,.T.);
#964=ORIENTED_EDGE('',*,*,#1553,.T.);
#965=ORIENTED_EDGE('',*,*,#1554,.T.);
#966=ORIENTED_EDGE('',*,*,#1464,.F.);
#967=ORIENTED_EDGE('',*,*,#1555,.T.);
#968=ORIENTED_EDGE('',*,*,#1556,.F.);
#969=ORIENTED_EDGE('',*,*,#1557,.T.);
#970=ORIENTED_EDGE('',*,*,#1558,.T.);
#971=ORIENTED_EDGE('',*,*,#1559,.T.);
#972=ORIENTED_EDGE('',*,*,#1560,.T.);
#973=ORIENTED_EDGE('',*,*,#1561,.T.);
#974=ORIENTED_EDGE('',*,*,#1562,.T.);
#975=ORIENTED_EDGE('',*,*,#1446,.T.);
#976=ORIENTED_EDGE('',*,*,#1563,.T.);
#977=ORIENTED_EDGE('',*,*,#1547,.T.);
#978=ORIENTED_EDGE('',*,*,#1415,.T.);
#979=ORIENTED_EDGE('',*,*,#1544,.T.);
#980=ORIENTED_EDGE('',*,*,#1556,.T.);
#981=ORIENTED_EDGE('',*,*,#1564,.T.);
#982=ORIENTED_EDGE('',*,*,#1448,.T.);
#983=ORIENTED_EDGE('',*,*,#1565,.T.);
#984=ORIENTED_EDGE('',*,*,#1455,.T.);
#985=ORIENTED_EDGE('',*,*,#1566,.T.);
#986=ORIENTED_EDGE('',*,*,#1536,.T.);
#987=ORIENTED_EDGE('',*,*,#1567,.T.);
#988=ORIENTED_EDGE('',*,*,#1469,.F.);
#989=ORIENTED_EDGE('',*,*,#1568,.T.);
#990=ORIENTED_EDGE('',*,*,#1513,.F.);
#991=ORIENTED_EDGE('',*,*,#1569,.F.);
#992=ORIENTED_EDGE('',*,*,#1569,.T.);
#993=ORIENTED_EDGE('',*,*,#1512,.F.);
#994=ORIENTED_EDGE('',*,*,#1570,.F.);
#995=ORIENTED_EDGE('',*,*,#1497,.F.);
#996=ORIENTED_EDGE('',*,*,#1364,.F.);
#997=ORIENTED_EDGE('',*,*,#1517,.F.);
#998=ORIENTED_EDGE('',*,*,#1570,.T.);
#999=ORIENTED_EDGE('',*,*,#1511,.F.);
#1000=ORIENTED_EDGE('',*,*,#1571,.T.);
#1001=ORIENTED_EDGE('',*,*,#1572,.F.);
#1002=ORIENTED_EDGE('',*,*,#1573,.F.);
#1003=ORIENTED_EDGE('',*,*,#1488,.F.);
#1004=ORIENTED_EDGE('',*,*,#1574,.F.);
#1005=ORIENTED_EDGE('',*,*,#1575,.T.);
#1006=ORIENTED_EDGE('',*,*,#1477,.F.);
#1007=ORIENTED_EDGE('',*,*,#1573,.T.);
#1008=ORIENTED_EDGE('',*,*,#1506,.F.);
#1009=ORIENTED_EDGE('',*,*,#1576,.T.);
#1010=ORIENTED_EDGE('',*,*,#1471,.F.);
#1011=ORIENTED_EDGE('',*,*,#1577,.F.);
#1012=ORIENTED_EDGE('',*,*,#1577,.T.);
#1013=ORIENTED_EDGE('',*,*,#1499,.F.);
#1014=ORIENTED_EDGE('',*,*,#1578,.F.);
#1015=ORIENTED_EDGE('',*,*,#1507,.F.);
#1016=ORIENTED_EDGE('',*,*,#1362,.F.);
#1017=ORIENTED_EDGE('',*,*,#1508,.F.);
#1018=ORIENTED_EDGE('',*,*,#1578,.T.);
#1019=ORIENTED_EDGE('',*,*,#1516,.F.);
#1020=ORIENTED_EDGE('',*,*,#1579,.T.);
#1021=ORIENTED_EDGE('',*,*,#1489,.F.);
#1022=ORIENTED_EDGE('',*,*,#1580,.F.);
#1023=ORIENTED_EDGE('',*,*,#1581,.F.);
#1024=ORIENTED_EDGE('',*,*,#1475,.F.);
#1025=ORIENTED_EDGE('',*,*,#1582,.T.);
#1026=ORIENTED_EDGE('',*,*,#1583,.F.);
#1027=ORIENTED_EDGE('',*,*,#1580,.T.);
#1028=ORIENTED_EDGE('',*,*,#1463,.F.);
#1029=ORIENTED_EDGE('',*,*,#1584,.T.);
#1030=ORIENTED_EDGE('',*,*,#1550,.F.);
#1031=ORIENTED_EDGE('',*,*,#1585,.F.);
#1032=ORIENTED_EDGE('',*,*,#1585,.T.);
#1033=ORIENTED_EDGE('',*,*,#1554,.F.);
#1034=ORIENTED_EDGE('',*,*,#1586,.F.);
#1035=ORIENTED_EDGE('',*,*,#1555,.F.);
#1036=ORIENTED_EDGE('',*,*,#1586,.T.);
#1037=ORIENTED_EDGE('',*,*,#1553,.F.);
#1038=ORIENTED_EDGE('',*,*,#1449,.T.);
#1039=ORIENTED_EDGE('',*,*,#1564,.F.);
#1040=ORIENTED_EDGE('',*,*,#1566,.F.);
#1041=ORIENTED_EDGE('',*,*,#1454,.T.);
#1042=ORIENTED_EDGE('',*,*,#1543,.F.);
#1043=ORIENTED_EDGE('',*,*,#1587,.F.);
#1044=ORIENTED_EDGE('',*,*,#1587,.T.);
#1045=ORIENTED_EDGE('',*,*,#1542,.F.);
#1046=ORIENTED_EDGE('',*,*,#1588,.F.);
#1047=ORIENTED_EDGE('',*,*,#1537,.F.);
#1048=ORIENTED_EDGE('',*,*,#1541,.F.);
#1049=ORIENTED_EDGE('',*,*,#1589,.T.);
#1050=ORIENTED_EDGE('',*,*,#1483,.F.);
#1051=ORIENTED_EDGE('',*,*,#1588,.T.);
#1052=ORIENTED_EDGE('',*,*,#1560,.F.);
#1053=ORIENTED_EDGE('',*,*,#1590,.T.);
#1054=ORIENTED_EDGE('',*,*,#1465,.F.);
#1055=ORIENTED_EDGE('',*,*,#1591,.F.);
#1056=ORIENTED_EDGE('',*,*,#1591,.T.);
#1057=ORIENTED_EDGE('',*,*,#1557,.F.);
#1058=ORIENTED_EDGE('',*,*,#1592,.F.);
#1059=ORIENTED_EDGE('',*,*,#1561,.F.);
#1060=ORIENTED_EDGE('',*,*,#1592,.T.);
#1061=ORIENTED_EDGE('',*,*,#1565,.F.);
#1062=ORIENTED_EDGE('',*,*,#1447,.T.);
#1063=ORIENTED_EDGE('',*,*,#1562,.F.);
#1064=ORIENTED_EDGE('',*,*,#1534,.F.);
#1065=ORIENTED_EDGE('',*,*,#1456,.T.);
#1066=ORIENTED_EDGE('',*,*,#1567,.F.);
#1067=ORIENTED_EDGE('',*,*,#1593,.F.);
#1068=ORIENTED_EDGE('',*,*,#1593,.T.);
#1069=ORIENTED_EDGE('',*,*,#1538,.F.);
#1070=ORIENTED_EDGE('',*,*,#1594,.F.);
#1071=ORIENTED_EDGE('',*,*,#1535,.F.);
#1072=ORIENTED_EDGE('',*,*,#1481,.F.);
#1073=ORIENTED_EDGE('',*,*,#1595,.T.);
#1074=ORIENTED_EDGE('',*,*,#1531,.F.);
#1075=ORIENTED_EDGE('',*,*,#1594,.T.);
#1076=ORIENTED_EDGE('',*,*,#1495,.F.);
#1077=ORIENTED_EDGE('',*,*,#1576,.F.);
#1078=ORIENTED_EDGE('',*,*,#1596,.F.);
#1079=ORIENTED_EDGE('',*,*,#1596,.T.);
#1080=ORIENTED_EDGE('',*,*,#1505,.F.);
#1081=ORIENTED_EDGE('',*,*,#1597,.F.);
#1082=ORIENTED_EDGE('',*,*,#1496,.F.);
#1083=ORIENTED_EDGE('',*,*,#1380,.F.);
#1084=ORIENTED_EDGE('',*,*,#1379,.T.);
#1085=ORIENTED_EDGE('',*,*,#1598,.F.);
#1086=ORIENTED_EDGE('',*,*,#1599,.F.);
#1087=ORIENTED_EDGE('',*,*,#1518,.F.);
#1088=ORIENTED_EDGE('',*,*,#1597,.T.);
#1089=ORIENTED_EDGE('',*,*,#1504,.F.);
#1090=ORIENTED_EDGE('',*,*,#1360,.T.);
#1091=ORIENTED_EDGE('',*,*,#1599,.T.);
#1092=ORIENTED_EDGE('',*,*,#1600,.F.);
#1093=ORIENTED_EDGE('',*,*,#1601,.F.);
#1094=ORIENTED_EDGE('',*,*,#1485,.F.);
#1095=ORIENTED_EDGE('',*,*,#1601,.T.);
#1096=ORIENTED_EDGE('',*,*,#1582,.F.);
#1097=ORIENTED_EDGE('',*,*,#1486,.F.);
#1098=ORIENTED_EDGE('',*,*,#1568,.F.);
#1099=ORIENTED_EDGE('',*,*,#1501,.F.);
#1100=ORIENTED_EDGE('',*,*,#1602,.F.);
#1101=ORIENTED_EDGE('',*,*,#1602,.T.);
#1102=ORIENTED_EDGE('',*,*,#1500,.F.);
#1103=ORIENTED_EDGE('',*,*,#1603,.F.);
#1104=ORIENTED_EDGE('',*,*,#1514,.F.);
#1105=ORIENTED_EDGE('',*,*,#1509,.F.);
#1106=ORIENTED_EDGE('',*,*,#1366,.T.);
#1107=ORIENTED_EDGE('',*,*,#1515,.F.);
#1108=ORIENTED_EDGE('',*,*,#1603,.T.);
#1109=ORIENTED_EDGE('',*,*,#1604,.T.);
#1110=ORIENTED_EDGE('',*,*,#1491,.F.);
#1111=ORIENTED_EDGE('',*,*,#1605,.F.);
#1112=ORIENTED_EDGE('',*,*,#1606,.F.);
#1113=ORIENTED_EDGE('',*,*,#1490,.F.);
#1114=ORIENTED_EDGE('',*,*,#1575,.F.);
#1115=ORIENTED_EDGE('',*,*,#1605,.T.);
#1116=ORIENTED_EDGE('',*,*,#1595,.F.);
#1117=ORIENTED_EDGE('',*,*,#1529,.F.);
#1118=ORIENTED_EDGE('',*,*,#1607,.F.);
#1119=ORIENTED_EDGE('',*,*,#1607,.T.);
#1120=ORIENTED_EDGE('',*,*,#1528,.F.);
#1121=ORIENTED_EDGE('',*,*,#1608,.F.);
#1122=ORIENTED_EDGE('',*,*,#1532,.F.);
#1123=ORIENTED_EDGE('',*,*,#1608,.T.);
#1124=ORIENTED_EDGE('',*,*,#1525,.F.);
#1125=ORIENTED_EDGE('',*,*,#1458,.F.);
#1126=ORIENTED_EDGE('',*,*,#1533,.F.);
#1127=ORIENTED_EDGE('',*,*,#1558,.F.);
#1128=ORIENTED_EDGE('',*,*,#1445,.F.);
#1129=ORIENTED_EDGE('',*,*,#1523,.F.);
#1130=ORIENTED_EDGE('',*,*,#1609,.F.);
#1131=ORIENTED_EDGE('',*,*,#1609,.T.);
#1132=ORIENTED_EDGE('',*,*,#1520,.F.);
#1133=ORIENTED_EDGE('',*,*,#1610,.F.);
#1134=ORIENTED_EDGE('',*,*,#1559,.F.);
#1135=ORIENTED_EDGE('',*,*,#1519,.F.);
#1136=ORIENTED_EDGE('',*,*,#1590,.F.);
#1137=ORIENTED_EDGE('',*,*,#1610,.T.);
#1138=ORIENTED_EDGE('',*,*,#1545,.F.);
#1139=ORIENTED_EDGE('',*,*,#1589,.F.);
#1140=ORIENTED_EDGE('',*,*,#1611,.F.);
#1141=ORIENTED_EDGE('',*,*,#1611,.T.);
#1142=ORIENTED_EDGE('',*,*,#1540,.F.);
#1143=ORIENTED_EDGE('',*,*,#1612,.F.);
#1144=ORIENTED_EDGE('',*,*,#1546,.F.);
#1145=ORIENTED_EDGE('',*,*,#1613,.T.);
#1146=ORIENTED_EDGE('',*,*,#1551,.F.);
#1147=ORIENTED_EDGE('',*,*,#1614,.F.);
#1148=ORIENTED_EDGE('',*,*,#1548,.F.);
#1149=ORIENTED_EDGE('',*,*,#1614,.T.);
#1150=ORIENTED_EDGE('',*,*,#1584,.F.);
#1151=ORIENTED_EDGE('',*,*,#1549,.F.);
#1152=ORIENTED_EDGE('',*,*,#1452,.F.);
#1153=ORIENTED_EDGE('',*,*,#1461,.T.);
#1154=ORIENTED_EDGE('',*,*,#1441,.F.);
#1155=ORIENTED_EDGE('',*,*,#1552,.F.);
#1156=ORIENTED_EDGE('',*,*,#1613,.F.);
#1157=ORIENTED_EDGE('',*,*,#1563,.F.);
#1158=ORIENTED_EDGE('',*,*,#1612,.T.);
#1159=ORIENTED_EDGE('',*,*,#1539,.F.);
#1160=ORIENTED_EDGE('',*,*,#1413,.T.);
#1161=ORIENTED_EDGE('',*,*,#1410,.T.);
#1162=ORIENTED_EDGE('',*,*,#1437,.F.);
#1163=ORIENTED_EDGE('',*,*,#1422,.T.);
#1164=ORIENTED_EDGE('',*,*,#1419,.T.);
#1165=ORIENTED_EDGE('',*,*,#1416,.T.);
#1166=ORIENTED_EDGE('',*,*,#1615,.T.);
#1167=ORIENTED_EDGE('',*,*,#1371,.F.);
#1168=ORIENTED_EDGE('',*,*,#1356,.T.);
#1169=ORIENTED_EDGE('',*,*,#1368,.F.);
#1170=ORIENTED_EDGE('',*,*,#1352,.T.);
#1171=ORIENTED_EDGE('',*,*,#1358,.F.);
#1172=ORIENTED_EDGE('',*,*,#1510,.T.);
#1173=ORIENTED_EDGE('',*,*,#1502,.T.);
#1174=ORIENTED_EDGE('',*,*,#1467,.T.);
#1175=ORIENTED_EDGE('',*,*,#1522,.T.);
#1176=ORIENTED_EDGE('',*,*,#1524,.T.);
#1177=ORIENTED_EDGE('',*,*,#1443,.F.);
#1178=ORIENTED_EDGE('',*,*,#1385,.T.);
#1179=ORIENTED_EDGE('',*,*,#1389,.F.);
#1180=ORIENTED_EDGE('',*,*,#1381,.T.);
#1181=ORIENTED_EDGE('',*,*,#1460,.F.);
#1182=ORIENTED_EDGE('',*,*,#1527,.T.);
#1183=ORIENTED_EDGE('',*,*,#1530,.T.);
#1184=ORIENTED_EDGE('',*,*,#1479,.T.);
#1185=ORIENTED_EDGE('',*,*,#1493,.T.);
#1186=ORIENTED_EDGE('',*,*,#1252,.T.);
#1187=ORIENTED_EDGE('',*,*,#1247,.T.);
#1188=ORIENTED_EDGE('',*,*,#1254,.T.);
#1189=ORIENTED_EDGE('',*,*,#1260,.T.);
#1190=ORIENTED_EDGE('',*,*,#1266,.T.);
#1191=ORIENTED_EDGE('',*,*,#1268,.T.);
#1192=ORIENTED_EDGE('',*,*,#1264,.T.);
#1193=ORIENTED_EDGE('',*,*,#1258,.T.);
#1194=ORIENTED_EDGE('',*,*,#1378,.F.);
#1195=ORIENTED_EDGE('',*,*,#1616,.T.);
#1196=ORIENTED_EDGE('',*,*,#1581,.T.);
#1197=ORIENTED_EDGE('',*,*,#1583,.T.);
#1198=ORIENTED_EDGE('',*,*,#1600,.T.);
#1199=ORIENTED_EDGE('',*,*,#1598,.T.);
#1200=ORIENTED_EDGE('',*,*,#1372,.F.);
#1201=ORIENTED_EDGE('',*,*,#1615,.F.);
#1202=ORIENTED_EDGE('',*,*,#1492,.T.);
#1203=ORIENTED_EDGE('',*,*,#1617,.T.);
#1204=ORIENTED_EDGE('',*,*,#1374,.F.);
#1205=ORIENTED_EDGE('',*,*,#1618,.T.);
#1206=ORIENTED_EDGE('',*,*,#1606,.T.);
#1207=ORIENTED_EDGE('',*,*,#1574,.T.);
#1208=ORIENTED_EDGE('',*,*,#1572,.T.);
#1209=ORIENTED_EDGE('',*,*,#1619,.T.);
#1210=ORIENTED_EDGE('',*,*,#1376,.F.);
#1211=ORIENTED_EDGE('',*,*,#1620,.T.);
#1212=ORIENTED_EDGE('',*,*,#1487,.T.);
#1213=ORIENTED_EDGE('',*,*,#1621,.T.);
#1214=ORIENTED_EDGE('',*,*,#1375,.F.);
#1215=ORIENTED_EDGE('',*,*,#1619,.F.);
#1216=ORIENTED_EDGE('',*,*,#1571,.F.);
#1217=ORIENTED_EDGE('',*,*,#1620,.F.);
#1218=ORIENTED_EDGE('',*,*,#1377,.F.);
#1219=ORIENTED_EDGE('',*,*,#1621,.F.);
#1220=ORIENTED_EDGE('',*,*,#1579,.F.);
#1221=ORIENTED_EDGE('',*,*,#1616,.F.);
#1222=ORIENTED_EDGE('',*,*,#1618,.F.);
#1223=ORIENTED_EDGE('',*,*,#1373,.T.);
#1224=ORIENTED_EDGE('',*,*,#1617,.F.);
#1225=ORIENTED_EDGE('',*,*,#1604,.F.);
#1226=ORIENTED_EDGE('',*,*,#1425,.T.);
#1227=ORIENTED_EDGE('',*,*,#1337,.T.);
#1228=ORIENTED_EDGE('',*,*,#1269,.T.);
#1229=ORIENTED_EDGE('',*,*,#1342,.T.);
#1230=ORIENTED_EDGE('',*,*,#1302,.T.);
#1231=ORIENTED_EDGE('',*,*,#1427,.T.);
#1232=ORIENTED_EDGE('',*,*,#1341,.T.);
#1233=ORIENTED_EDGE('',*,*,#1249,.T.);
#1234=ORIENTED_EDGE('',*,*,#1338,.T.);
#1235=ORIENTED_EDGE('',*,*,#1298,.T.);
#1236=EDGE_CURVE('',#1622,#1623,#1858,.T.);
#1237=EDGE_CURVE('',#1624,#1622,#1859,.T.);
#1238=EDGE_CURVE('',#1625,#1624,#374,.T.);
#1239=EDGE_CURVE('',#1626,#1625,#1860,.T.);
#1240=EDGE_CURVE('',#1623,#1626,#1861,.T.);
#1241=EDGE_CURVE('',#1627,#1628,#1862,.T.);
#1242=EDGE_CURVE('',#1629,#1627,#1863,.T.);
#1243=EDGE_CURVE('',#1630,#1629,#375,.T.);
#1244=EDGE_CURVE('',#1631,#1630,#1864,.T.);
#1245=EDGE_CURVE('',#1628,#1631,#1865,.T.);
#1246=EDGE_CURVE('',#1632,#1633,#1866,.T.);
#1247=EDGE_CURVE('',#1634,#1633,#1867,.T.);
#1248=EDGE_CURVE('',#1634,#1635,#1868,.T.);
#1249=EDGE_CURVE('',#1632,#1635,#1869,.T.);
#1250=EDGE_CURVE('',#1636,#1637,#1870,.T.);
#1251=EDGE_CURVE('',#1635,#1637,#189,.T.);
#1252=EDGE_CURVE('',#1636,#1634,#190,.T.);
#1253=EDGE_CURVE('',#1638,#1639,#1871,.T.);
#1254=EDGE_CURVE('',#1633,#1639,#191,.T.);
#1255=EDGE_CURVE('',#1638,#1632,#192,.T.);
#1256=EDGE_CURVE('',#1640,#1641,#1872,.T.);
#1257=EDGE_CURVE('',#1637,#1641,#193,.T.);
#1258=EDGE_CURVE('',#1640,#1636,#194,.T.);
#1259=EDGE_CURVE('',#1642,#1643,#1873,.T.);
#1260=EDGE_CURVE('',#1639,#1643,#195,.T.);
#1261=EDGE_CURVE('',#1642,#1638,#196,.T.);
#1262=EDGE_CURVE('',#1644,#1645,#1874,.T.);
#1263=EDGE_CURVE('',#1641,#1645,#197,.T.);
#1264=EDGE_CURVE('',#1644,#1640,#198,.T.);
#1265=EDGE_CURVE('',#1646,#1647,#1875,.T.);
#1266=EDGE_CURVE('',#1643,#1647,#199,.T.);
#1267=EDGE_CURVE('',#1646,#1642,#200,.T.);
#1268=EDGE_CURVE('',#1647,#1644,#1876,.T.);
#1269=EDGE_CURVE('',#1645,#1646,#1877,.T.);
#1270=EDGE_CURVE('',#1648,#1649,#1878,.T.);
#1271=EDGE_CURVE('',#1650,#1648,#1879,.T.);
#1272=EDGE_CURVE('',#1650,#1651,#1880,.T.);
#1273=EDGE_CURVE('',#1649,#1651,#1881,.T.);
#1274=EDGE_CURVE('',#1650,#1652,#1882,.T.);
#1275=EDGE_CURVE('',#1652,#1651,#376,.T.);
#1276=EDGE_CURVE('',#1626,#1650,#1883,.T.);
#1277=EDGE_CURVE('',#1625,#1653,#377,.T.);
#1278=EDGE_CURVE('',#1652,#1653,#1884,.T.);
#1279=EDGE_CURVE('',#1654,#1655,#1885,.T.);
#1280=EDGE_CURVE('',#1651,#1655,#201,.T.);
#1281=EDGE_CURVE('',#1654,#1652,#202,.T.);
#1282=EDGE_CURVE('',#1656,#1624,#203,.T.);
#1283=EDGE_CURVE('',#1656,#1657,#1886,.T.);
#1284=EDGE_CURVE('',#1653,#1657,#204,.T.);
#1285=EDGE_CURVE('',#1658,#1659,#1887,.T.);
#1286=EDGE_CURVE('',#1655,#1659,#205,.T.);
#1287=EDGE_CURVE('',#1658,#1654,#206,.T.);
#1288=EDGE_CURVE('',#1660,#1661,#1888,.T.);
#1289=EDGE_CURVE('',#1657,#1661,#207,.T.);
#1290=EDGE_CURVE('',#1660,#1656,#208,.T.);
#1291=EDGE_CURVE('',#1662,#1663,#1889,.T.);
#1292=EDGE_CURVE('',#1659,#1663,#209,.T.);
#1293=EDGE_CURVE('',#1662,#1658,#210,.T.);
#1294=EDGE_CURVE('',#1664,#1665,#1890,.T.);
#1295=EDGE_CURVE('',#1661,#1665,#211,.T.);
#1296=EDGE_CURVE('',#1664,#1660,#212,.T.);
#1297=EDGE_CURVE('',#1666,#1667,#1891,.T.);
#1298=EDGE_CURVE('',#1663,#1667,#1892,.T.);
#1299=EDGE_CURVE('',#1666,#1662,#1893,.T.);
#1300=EDGE_CURVE('',#1668,#1669,#1894,.T.);
#1301=EDGE_CURVE('',#1665,#1669,#1895,.T.);
#1302=EDGE_CURVE('',#1668,#1664,#1896,.T.);
#1303=EDGE_CURVE('',#1670,#1671,#1897,.T.);
#1304=EDGE_CURVE('',#1667,#1671,#213,.T.);
#1305=EDGE_CURVE('',#1670,#1666,#214,.T.);
#1306=EDGE_CURVE('',#1672,#1673,#1898,.T.);
#1307=EDGE_CURVE('',#1669,#1673,#215,.T.);
#1308=EDGE_CURVE('',#1672,#1668,#216,.T.);
#1309=EDGE_CURVE('',#1674,#1675,#1899,.T.);
#1310=EDGE_CURVE('',#1671,#1675,#217,.T.);
#1311=EDGE_CURVE('',#1674,#1670,#218,.T.);
#1312=EDGE_CURVE('',#1676,#1677,#1900,.T.);
#1313=EDGE_CURVE('',#1673,#1677,#219,.T.);
#1314=EDGE_CURVE('',#1676,#1672,#220,.T.);
#1315=EDGE_CURVE('',#1678,#1630,#378,.T.);
#1316=EDGE_CURVE('',#1675,#1629,#221,.T.);
#1317=EDGE_CURVE('',#1678,#1674,#222,.T.);
#1318=EDGE_CURVE('',#1679,#1680,#379,.T.);
#1319=EDGE_CURVE('',#1677,#1680,#223,.T.);
#1320=EDGE_CURVE('',#1679,#1676,#224,.T.);
#1321=EDGE_CURVE('',#1631,#1681,#1901,.T.);
#1322=EDGE_CURVE('',#1680,#1678,#1902,.T.);
#1323=EDGE_CURVE('',#1680,#1681,#1903,.T.);
#1324=EDGE_CURVE('',#1679,#1681,#1904,.T.);
#1325=EDGE_CURVE('',#1682,#1679,#1905,.T.);
#1326=EDGE_CURVE('',#1683,#1682,#1906,.T.);
#1327=EDGE_CURVE('',#1681,#1683,#1907,.T.);
#1328=EDGE_CURVE('',#1649,#1684,#225,.T.);
#1329=EDGE_CURVE('',#1684,#1655,#1908,.T.);
#1330=EDGE_CURVE('',#1685,#1622,#226,.T.);
#1331=EDGE_CURVE('',#1656,#1685,#1909,.T.);
#1332=EDGE_CURVE('',#1682,#1686,#227,.T.);
#1333=EDGE_CURVE('',#1686,#1676,#1910,.T.);
#1334=EDGE_CURVE('',#1687,#1627,#228,.T.);
#1335=EDGE_CURVE('',#1675,#1687,#1911,.T.);
#1336=EDGE_CURVE('',#1641,#1660,#1912,.T.);
#1337=EDGE_CURVE('',#1664,#1645,#1913,.T.);
#1338=EDGE_CURVE('',#1635,#1663,#1914,.T.);
#1339=EDGE_CURVE('',#1659,#1637,#1915,.T.);
#1340=EDGE_CURVE('',#1638,#1671,#1916,.T.);
#1341=EDGE_CURVE('',#1667,#1632,#1917,.T.);
#1342=EDGE_CURVE('',#1646,#1668,#1918,.T.);
#1343=EDGE_CURVE('',#1672,#1642,#1919,.T.);
#1344=EDGE_CURVE('',#1683,#1628,#1920,.T.);
#1345=EDGE_CURVE('',#1686,#1687,#229,.T.);
#1346=EDGE_CURVE('',#1688,#1688,#230,.T.);
#1347=EDGE_CURVE('',#1648,#1623,#1921,.T.);
#1348=EDGE_CURVE('',#1684,#1685,#231,.T.);
#1349=EDGE_CURVE('',#1689,#1689,#232,.T.);
#1350=EDGE_CURVE('',#1690,#1691,#233,.T.);
#1351=EDGE_CURVE('',#1692,#1690,#1922,.T.);
#1352=EDGE_CURVE('',#1693,#1692,#234,.T.);
#1353=EDGE_CURVE('',#1691,#1693,#1923,.T.);
#1354=EDGE_CURVE('',#1694,#1695,#235,.T.);
#1355=EDGE_CURVE('',#1696,#1694,#1924,.T.);
#1356=EDGE_CURVE('',#1697,#1696,#236,.T.);
#1357=EDGE_CURVE('',#1695,#1697,#1925,.T.);
#1358=EDGE_CURVE('',#1698,#1692,#1926,.T.);
#1359=EDGE_CURVE('',#1690,#1699,#1927,.T.);
#1360=EDGE_CURVE('',#1700,#1699,#380,.T.);
#1361=EDGE_CURVE('',#1700,#1701,#381,.T.);
#1362=EDGE_CURVE('',#1701,#1702,#382,.T.);
#1363=EDGE_CURVE('',#1702,#1703,#1928,.T.);
#1364=EDGE_CURVE('',#1703,#1704,#383,.T.);
#1365=EDGE_CURVE('',#1704,#1705,#384,.T.);
#1366=EDGE_CURVE('',#1706,#1705,#385,.T.);
#1367=EDGE_CURVE('',#1706,#1698,#1929,.T.);
#1368=EDGE_CURVE('',#1693,#1696,#1930,.T.);
#1369=EDGE_CURVE('',#1694,#1691,#1931,.T.);
#1370=EDGE_CURVE('',#1707,#1695,#1932,.T.);
#1371=EDGE_CURVE('',#1697,#1708,#1933,.T.);
#1372=EDGE_CURVE('',#1708,#1709,#1934,.T.);
#1373=EDGE_CURVE('',#1710,#1709,#386,.T.);
#1374=EDGE_CURVE('',#1710,#1711,#387,.T.);
#1375=EDGE_CURVE('',#1711,#1712,#388,.T.);
#1376=EDGE_CURVE('',#1712,#1713,#1935,.T.);
#1377=EDGE_CURVE('',#1713,#1714,#389,.T.);
#1378=EDGE_CURVE('',#1714,#1715,#390,.T.);
#1379=EDGE_CURVE('',#1707,#1715,#391,.T.);
#1380=EDGE_CURVE('',#1707,#1699,#237,.T.);
#1381=EDGE_CURVE('',#1716,#1717,#238,.T.);
#1382=EDGE_CURVE('',#1718,#1716,#1936,.T.);
#1383=EDGE_CURVE('',#1719,#1718,#239,.T.);
#1384=EDGE_CURVE('',#1717,#1719,#1937,.T.);
#1385=EDGE_CURVE('',#1720,#1721,#240,.T.);
#1386=EDGE_CURVE('',#1722,#1720,#1938,.T.);
#1387=EDGE_CURVE('',#1723,#1722,#241,.T.);
#1388=EDGE_CURVE('',#1721,#1723,#1939,.T.);
#1389=EDGE_CURVE('',#1716,#1721,#1940,.T.);
#1390=EDGE_CURVE('',#1718,#1723,#1941,.T.);
#1391=EDGE_CURVE('',#1724,#1725,#144,.T.);
#1392=EDGE_CURVE('',#1726,#1724,#1942,.T.);
#1393=EDGE_CURVE('',#1726,#1727,#1943,.T.);
#1394=EDGE_CURVE('',#1725,#1727,#1944,.T.);
#1395=EDGE_CURVE('',#1728,#1729,#1945,.T.);
#1396=EDGE_CURVE('',#1727,#1729,#242,.T.);
#1397=EDGE_CURVE('',#1728,#1726,#243,.T.);
#1398=EDGE_CURVE('',#1730,#1731,#1946,.T.);
#1399=EDGE_CURVE('',#1729,#1731,#244,.T.);
#1400=EDGE_CURVE('',#1730,#1728,#245,.T.);
#1401=EDGE_CURVE('',#1732,#1733,#1947,.T.);
#1402=EDGE_CURVE('',#1731,#1733,#246,.T.);
#1403=EDGE_CURVE('',#1732,#1730,#247,.T.);
#1404=EDGE_CURVE('',#1734,#1735,#145,.T.);
#1405=EDGE_CURVE('',#1733,#1734,#1948,.T.);
#1406=EDGE_CURVE('',#1735,#1732,#1949,.T.);
#1407=EDGE_CURVE('',#1736,#1737,#1950,.T.);
#1408=EDGE_CURVE('',#1738,#1737,#1951,.T.);
#1409=EDGE_CURVE('',#1739,#1738,#146,.T.);
#1410=EDGE_CURVE('',#1736,#1739,#1952,.T.);
#1411=EDGE_CURVE('',#1740,#1741,#1953,.T.);
#1412=EDGE_CURVE('',#1737,#1741,#248,.T.);
#1413=EDGE_CURVE('',#1740,#1736,#249,.T.);
#1414=EDGE_CURVE('',#1742,#1743,#1954,.T.);
#1415=EDGE_CURVE('',#1741,#1743,#250,.T.);
#1416=EDGE_CURVE('',#1742,#1740,#251,.T.);
#1417=EDGE_CURVE('',#1744,#1745,#1955,.T.);
#1418=EDGE_CURVE('',#1743,#1745,#252,.T.);
#1419=EDGE_CURVE('',#1744,#1742,#253,.T.);
#1420=EDGE_CURVE('',#1746,#1747,#147,.T.);
#1421=EDGE_CURVE('',#1745,#1746,#1956,.T.);
#1422=EDGE_CURVE('',#1747,#1744,#1957,.T.);
#1423=EDGE_CURVE('',#1748,#1748,#254,.T.);
#1424=EDGE_CURVE('',#1749,#1749,#255,.T.);
#1425=EDGE_CURVE('',#1750,#1750,#256,.T.);
#1426=EDGE_CURVE('',#1751,#1751,#392,.F.);
#1427=EDGE_CURVE('',#1752,#1752,#257,.T.);
#1428=EDGE_CURVE('',#1753,#1753,#393,.F.);
#1429=EDGE_CURVE('',#1754,#1754,#394,.F.);
#1430=EDGE_CURVE('',#1755,#1755,#395,.F.);
#1431=EDGE_CURVE('',#1756,#1757,#258,.T.);
#1432=EDGE_CURVE('',#1724,#1757,#1958,.T.);
#1433=EDGE_CURVE('',#1725,#1734,#259,.T.);
#1434=EDGE_CURVE('',#1758,#1735,#1959,.T.);
#1435=EDGE_CURVE('',#1758,#1759,#260,.T.);
#1436=EDGE_CURVE('',#1746,#1759,#1960,.T.);
#1437=EDGE_CURVE('',#1747,#1739,#261,.T.);
#1438=EDGE_CURVE('',#1756,#1738,#1961,.T.);
#1439=EDGE_CURVE('',#1758,#1759,#1962,.T.);
#1440=EDGE_CURVE('',#1756,#1757,#1963,.T.);
#1441=EDGE_CURVE('',#1760,#1761,#396,.T.);
#1442=EDGE_CURVE('',#1761,#1722,#1964,.T.);
#1443=EDGE_CURVE('',#1720,#1762,#1965,.T.);
#1444=EDGE_CURVE('',#1763,#1762,#1966,.T.);
#1445=EDGE_CURVE('',#1763,#1764,#397,.T.);
#1446=EDGE_CURVE('',#1765,#1764,#398,.T.);
#1447=EDGE_CURVE('',#1766,#1765,#399,.T.);
#1448=EDGE_CURVE('',#1767,#1766,#1967,.T.);
#1449=EDGE_CURVE('',#1768,#1767,#400,.T.);
#1450=EDGE_CURVE('',#1760,#1768,#401,.T.);
#1451=EDGE_CURVE('',#1769,#1719,#1968,.T.);
#1452=EDGE_CURVE('',#1769,#1770,#402,.T.);
#1453=EDGE_CURVE('',#1771,#1770,#403,.T.);
#1454=EDGE_CURVE('',#1772,#1771,#404,.T.);
#1455=EDGE_CURVE('',#1773,#1772,#1969,.T.);
#1456=EDGE_CURVE('',#1774,#1773,#405,.T.);
#1457=EDGE_CURVE('',#1775,#1774,#406,.T.);
#1458=EDGE_CURVE('',#1775,#1776,#407,.T.);
#1459=EDGE_CURVE('',#1777,#1776,#1970,.T.);
#1460=EDGE_CURVE('',#1777,#1717,#1971,.T.);
#1461=EDGE_CURVE('',#1769,#1761,#262,.T.);
#1462=EDGE_CURVE('',#1737,#1778,#1972,.T.);
#1463=EDGE_CURVE('',#1778,#1779,#263,.T.);
#1464=EDGE_CURVE('',#1779,#1780,#1973,.T.);
#1465=EDGE_CURVE('',#1780,#1781,#264,.T.);
#1466=EDGE_CURVE('',#1781,#1782,#1974,.T.);
#1467=EDGE_CURVE('',#1783,#1782,#1975,.T.);
#1468=EDGE_CURVE('',#1783,#1784,#1976,.T.);
#1469=EDGE_CURVE('',#1784,#1785,#265,.T.);
#1470=EDGE_CURVE('',#1785,#1786,#1977,.T.);
#1471=EDGE_CURVE('',#1786,#1787,#266,.T.);
#1472=EDGE_CURVE('',#1787,#1726,#1978,.T.);
#1473=EDGE_CURVE('',#1788,#1745,#1979,.T.);
#1474=EDGE_CURVE('',#1732,#1789,#1980,.T.);
#1475=EDGE_CURVE('',#1789,#1790,#267,.T.);
#1476=EDGE_CURVE('',#1790,#1791,#1981,.T.);
#1477=EDGE_CURVE('',#1791,#1792,#268,.T.);
#1478=EDGE_CURVE('',#1792,#1793,#1982,.T.);
#1479=EDGE_CURVE('',#1794,#1793,#1983,.T.);
#1480=EDGE_CURVE('',#1794,#1795,#1984,.T.);
#1481=EDGE_CURVE('',#1795,#1796,#269,.T.);
#1482=EDGE_CURVE('',#1796,#1797,#1985,.T.);
#1483=EDGE_CURVE('',#1797,#1788,#270,.T.);
#1484=EDGE_CURVE('',#1798,#1730,#1986,.T.);
#1485=EDGE_CURVE('',#1798,#1799,#408,.T.);
#1486=EDGE_CURVE('',#1799,#1789,#409,.T.);
#1487=EDGE_CURVE('',#1800,#1801,#1987,.T.);
#1488=EDGE_CURVE('',#1800,#1791,#410,.T.);
#1489=EDGE_CURVE('',#1790,#1801,#411,.T.);
#1490=EDGE_CURVE('',#1792,#1802,#412,.T.);
#1491=EDGE_CURVE('',#1802,#1803,#413,.T.);
#1492=EDGE_CURVE('',#1804,#1803,#1988,.T.);
#1493=EDGE_CURVE('',#1793,#1804,#271,.T.);
#1494=EDGE_CURVE('',#1728,#1805,#1989,.T.);
#1495=EDGE_CURVE('',#1787,#1806,#414,.T.);
#1496=EDGE_CURVE('',#1806,#1805,#415,.T.);
#1497=EDGE_CURVE('',#1785,#1807,#416,.T.);
#1498=EDGE_CURVE('',#1808,#1807,#1990,.T.);
#1499=EDGE_CURVE('',#1808,#1786,#417,.T.);
#1500=EDGE_CURVE('',#1809,#1810,#418,.T.);
#1501=EDGE_CURVE('',#1810,#1784,#419,.T.);
#1502=EDGE_CURVE('',#1811,#1783,#272,.T.);
#1503=EDGE_CURVE('',#1809,#1811,#1991,.T.);
#1504=EDGE_CURVE('',#1700,#1812,#273,.T.);
#1505=EDGE_CURVE('',#1812,#1813,#420,.T.);
#1506=EDGE_CURVE('',#1813,#1814,#421,.T.);
#1507=EDGE_CURVE('',#1814,#1815,#422,.T.);
#1508=EDGE_CURVE('',#1815,#1701,#274,.T.);
#1509=EDGE_CURVE('',#1706,#1809,#275,.T.);
#1510=EDGE_CURVE('',#1698,#1811,#276,.T.);
#1511=EDGE_CURVE('',#1704,#1816,#277,.T.);
#1512=EDGE_CURVE('',#1816,#1817,#423,.T.);
#1513=EDGE_CURVE('',#1817,#1818,#424,.T.);
#1514=EDGE_CURVE('',#1818,#1819,#425,.T.);
#1515=EDGE_CURVE('',#1819,#1705,#278,.T.);
#1516=EDGE_CURVE('',#1702,#1808,#279,.T.);
#1517=EDGE_CURVE('',#1807,#1703,#280,.T.);
#1518=EDGE_CURVE('',#1805,#1798,#281,.T.);
#1519=EDGE_CURVE('',#1781,#1820,#426,.T.);
#1520=EDGE_CURVE('',#1820,#1821,#427,.T.);
#1521=EDGE_CURVE('',#1822,#1821,#1992,.T.);
#1522=EDGE_CURVE('',#1782,#1822,#282,.T.);
#1523=EDGE_CURVE('',#1821,#1763,#283,.T.);
#1524=EDGE_CURVE('',#1822,#1762,#284,.T.);
#1525=EDGE_CURVE('',#1776,#1823,#285,.T.);
#1526=EDGE_CURVE('',#1823,#1824,#1993,.T.);
#1527=EDGE_CURVE('',#1777,#1824,#286,.T.);
#1528=EDGE_CURVE('',#1823,#1825,#428,.T.);
#1529=EDGE_CURVE('',#1825,#1795,#429,.T.);
#1530=EDGE_CURVE('',#1824,#1794,#287,.T.);
#1531=EDGE_CURVE('',#1826,#1827,#430,.T.);
#1532=EDGE_CURVE('',#1827,#1828,#431,.T.);
#1533=EDGE_CURVE('',#1828,#1775,#288,.T.);
#1534=EDGE_CURVE('',#1774,#1829,#289,.T.);
#1535=EDGE_CURVE('',#1829,#1826,#432,.T.);
#1536=EDGE_CURVE('',#1830,#1831,#1994,.T.);
#1537=EDGE_CURVE('',#1830,#1797,#433,.T.);
#1538=EDGE_CURVE('',#1796,#1831,#434,.T.);
#1539=EDGE_CURVE('',#1770,#1832,#290,.T.);
#1540=EDGE_CURVE('',#1832,#1833,#435,.T.);
#1541=EDGE_CURVE('',#1833,#1834,#436,.T.);
#1542=EDGE_CURVE('',#1834,#1835,#437,.T.);
#1543=EDGE_CURVE('',#1835,#1771,#291,.T.);
#1544=EDGE_CURVE('',#1743,#1836,#1995,.T.);
#1545=EDGE_CURVE('',#1788,#1837,#438,.T.);
#1546=EDGE_CURVE('',#1837,#1836,#439,.T.);
#1547=EDGE_CURVE('',#1838,#1741,#1996,.T.);
#1548=EDGE_CURVE('',#1838,#1839,#440,.T.);
#1549=EDGE_CURVE('',#1839,#1778,#441,.T.);
#1550=EDGE_CURVE('',#1840,#1841,#442,.T.);
#1551=EDGE_CURVE('',#1841,#1842,#443,.T.);
#1552=EDGE_CURVE('',#1842,#1760,#292,.T.);
#1553=EDGE_CURVE('',#1768,#1843,#293,.T.);
#1554=EDGE_CURVE('',#1843,#1840,#444,.T.);
#1555=EDGE_CURVE('',#1779,#1844,#445,.T.);
#1556=EDGE_CURVE('',#1845,#1844,#1997,.T.);
#1557=EDGE_CURVE('',#1845,#1780,#446,.T.);
#1558=EDGE_CURVE('',#1764,#1846,#294,.T.);
#1559=EDGE_CURVE('',#1846,#1847,#447,.T.);
#1560=EDGE_CURVE('',#1847,#1848,#448,.T.);
#1561=EDGE_CURVE('',#1848,#1849,#449,.T.);
#1562=EDGE_CURVE('',#1849,#1765,#295,.T.);
#1563=EDGE_CURVE('',#1836,#1838,#296,.T.);
#1564=EDGE_CURVE('',#1844,#1767,#297,.T.);
#1565=EDGE_CURVE('',#1766,#1845,#298,.T.);
#1566=EDGE_CURVE('',#1772,#1830,#299,.T.);
#1567=EDGE_CURVE('',#1831,#1773,#300,.T.);
#1568=EDGE_CURVE('',#1784,#1818,#450,.T.);
#1569=EDGE_CURVE('',#1785,#1817,#301,.T.);
#1570=EDGE_CURVE('',#1807,#1816,#302,.T.);
#1571=EDGE_CURVE('',#1800,#1850,#303,.T.);
#1572=EDGE_CURVE('',#1851,#1850,#451,.T.);
#1573=EDGE_CURVE('',#1791,#1851,#304,.T.);
#1574=EDGE_CURVE('',#1852,#1851,#452,.T.);
#1575=EDGE_CURVE('',#1852,#1792,#453,.T.);
#1576=EDGE_CURVE('',#1813,#1787,#454,.T.);
#1577=EDGE_CURVE('',#1814,#1786,#305,.T.);
#1578=EDGE_CURVE('',#1815,#1808,#306,.T.);
#1579=EDGE_CURVE('',#1853,#1801,#307,.T.);
#1580=EDGE_CURVE('',#1854,#1790,#308,.T.);
#1581=EDGE_CURVE('',#1853,#1854,#455,.T.);
#1582=EDGE_CURVE('',#1789,#1855,#456,.T.);
#1583=EDGE_CURVE('',#1854,#1855,#457,.T.);
#1584=EDGE_CURVE('',#1778,#1841,#458,.T.);
#1585=EDGE_CURVE('',#1779,#1840,#309,.T.);
#1586=EDGE_CURVE('',#1844,#1843,#310,.T.);
#1587=EDGE_CURVE('',#1830,#1835,#311,.T.);
#1588=EDGE_CURVE('',#1797,#1834,#312,.T.);
#1589=EDGE_CURVE('',#1833,#1788,#459,.T.);
#1590=EDGE_CURVE('',#1847,#1781,#460,.T.);
#1591=EDGE_CURVE('',#1848,#1780,#313,.T.);
#1592=EDGE_CURVE('',#1849,#1845,#314,.T.);
#1593=EDGE_CURVE('',#1829,#1831,#315,.T.);
#1594=EDGE_CURVE('',#1826,#1796,#316,.T.);
#1595=EDGE_CURVE('',#1795,#1827,#461,.T.);
#1596=EDGE_CURVE('',#1806,#1813,#317,.T.);
#1597=EDGE_CURVE('',#1805,#1812,#318,.T.);
#1598=EDGE_CURVE('',#1856,#1715,#319,.T.);
#1599=EDGE_CURVE('',#1798,#1856,#320,.T.);
#1600=EDGE_CURVE('',#1855,#1856,#462,.T.);
#1601=EDGE_CURVE('',#1799,#1855,#321,.T.);
#1602=EDGE_CURVE('',#1818,#1810,#322,.T.);
#1603=EDGE_CURVE('',#1819,#1809,#323,.T.);
#1604=EDGE_CURVE('',#1857,#1803,#324,.T.);
#1605=EDGE_CURVE('',#1852,#1802,#325,.T.);
#1606=EDGE_CURVE('',#1857,#1852,#463,.T.);
#1607=EDGE_CURVE('',#1827,#1825,#326,.T.);
#1608=EDGE_CURVE('',#1828,#1823,#327,.T.);
#1609=EDGE_CURVE('',#1846,#1821,#328,.T.);
#1610=EDGE_CURVE('',#1847,#1820,#329,.T.);
#1611=EDGE_CURVE('',#1837,#1833,#330,.T.);
#1612=EDGE_CURVE('',#1836,#1832,#331,.T.);
#1613=EDGE_CURVE('',#1838,#1842,#332,.T.);
#1614=EDGE_CURVE('',#1839,#1841,#333,.T.);
#1615=EDGE_CURVE('',#1804,#1708,#334,.T.);
#1616=EDGE_CURVE('',#1714,#1853,#335,.T.);
#1617=EDGE_CURVE('',#1803,#1709,#336,.T.);
#1618=EDGE_CURVE('',#1710,#1857,#337,.T.);
#1619=EDGE_CURVE('',#1850,#1711,#338,.T.);
#1620=EDGE_CURVE('',#1712,#1800,#339,.T.);
#1621=EDGE_CURVE('',#1801,#1713,#340,.T.);
#1622=VERTEX_POINT('',#4196);
#1623=VERTEX_POINT('',#4197);
#1624=VERTEX_POINT('',#4199);
#1625=VERTEX_POINT('',#4204);
#1626=VERTEX_POINT('',#4206);
#1627=VERTEX_POINT('',#4210);
#1628=VERTEX_POINT('',#4211);
#1629=VERTEX_POINT('',#4213);
#1630=VERTEX_POINT('',#4218);
#1631=VERTEX_POINT('',#4220);
#1632=VERTEX_POINT('',#4224);
#1633=VERTEX_POINT('',#4225);
#1634=VERTEX_POINT('',#4227);
#1635=VERTEX_POINT('',#4229);
#1636=VERTEX_POINT('',#4233);
#1637=VERTEX_POINT('',#4234);
#1638=VERTEX_POINT('',#4239);
#1639=VERTEX_POINT('',#4240);
#1640=VERTEX_POINT('',#4245);
#1641=VERTEX_POINT('',#4246);
#1642=VERTEX_POINT('',#4251);
#1643=VERTEX_POINT('',#4252);
#1644=VERTEX_POINT('',#4257);
#1645=VERTEX_POINT('',#4258);
#1646=VERTEX_POINT('',#4263);
#1647=VERTEX_POINT('',#4264);
#1648=VERTEX_POINT('',#4272);
#1649=VERTEX_POINT('',#4273);
#1650=VERTEX_POINT('',#4275);
#1651=VERTEX_POINT('',#4277);
#1652=VERTEX_POINT('',#4281);
#1653=VERTEX_POINT('',#4292);
#1654=VERTEX_POINT('',#4296);
#1655=VERTEX_POINT('',#4297);
#1656=VERTEX_POINT('',#4302);
#1657=VERTEX_POINT('',#4304);
#1658=VERTEX_POINT('',#4308);
#1659=VERTEX_POINT('',#4309);
#1660=VERTEX_POINT('',#4314);
#1661=VERTEX_POINT('',#4315);
#1662=VERTEX_POINT('',#4320);
#1663=VERTEX_POINT('',#4321);
#1664=VERTEX_POINT('',#4326);
#1665=VERTEX_POINT('',#4327);
#1666=VERTEX_POINT('',#4332);
#1667=VERTEX_POINT('',#4333);
#1668=VERTEX_POINT('',#4338);
#1669=VERTEX_POINT('',#4339);
#1670=VERTEX_POINT('',#4344);
#1671=VERTEX_POINT('',#4345);
#1672=VERTEX_POINT('',#4350);
#1673=VERTEX_POINT('',#4351);
#1674=VERTEX_POINT('',#4356);
#1675=VERTEX_POINT('',#4357);
#1676=VERTEX_POINT('',#4362);
#1677=VERTEX_POINT('',#4363);
#1678=VERTEX_POINT('',#4371);
#1679=VERTEX_POINT('',#4379);
#1680=VERTEX_POINT('',#4380);
#1681=VERTEX_POINT('',#4385);
#1682=VERTEX_POINT('',#4392);
#1683=VERTEX_POINT('',#4394);
#1684=VERTEX_POINT('',#4398);
#1685=VERTEX_POINT('',#4402);
#1686=VERTEX_POINT('',#4406);
#1687=VERTEX_POINT('',#4410);
#1688=VERTEX_POINT('',#4429);
#1689=VERTEX_POINT('',#4435);
#1690=VERTEX_POINT('',#4440);
#1691=VERTEX_POINT('',#4441);
#1692=VERTEX_POINT('',#4443);
#1693=VERTEX_POINT('',#4445);
#1694=VERTEX_POINT('',#4449);
#1695=VERTEX_POINT('',#4450);
#1696=VERTEX_POINT('',#4452);
#1697=VERTEX_POINT('',#4454);
#1698=VERTEX_POINT('',#4458);
#1699=VERTEX_POINT('',#4460);
#1700=VERTEX_POINT('',#4467);
#1701=VERTEX_POINT('',#4472);
#1702=VERTEX_POINT('',#4477);
#1703=VERTEX_POINT('',#4479);
#1704=VERTEX_POINT('',#4484);
#1705=VERTEX_POINT('',#4489);
#1706=VERTEX_POINT('',#4494);
#1707=VERTEX_POINT('',#4501);
#1708=VERTEX_POINT('',#4503);
#1709=VERTEX_POINT('',#4505);
#1710=VERTEX_POINT('',#4510);
#1711=VERTEX_POINT('',#4515);
#1712=VERTEX_POINT('',#4520);
#1713=VERTEX_POINT('',#4522);
#1714=VERTEX_POINT('',#4527);
#1715=VERTEX_POINT('',#4532);
#1716=VERTEX_POINT('',#4541);
#1717=VERTEX_POINT('',#4542);
#1718=VERTEX_POINT('',#4544);
#1719=VERTEX_POINT('',#4546);
#1720=VERTEX_POINT('',#4550);
#1721=VERTEX_POINT('',#4551);
#1722=VERTEX_POINT('',#4553);
#1723=VERTEX_POINT('',#4555);
#1724=VERTEX_POINT('',#4562);
#1725=VERTEX_POINT('',#4563);
#1726=VERTEX_POINT('',#4565);
#1727=VERTEX_POINT('',#4567);
#1728=VERTEX_POINT('',#4571);
#1729=VERTEX_POINT('',#4572);
#1730=VERTEX_POINT('',#4577);
#1731=VERTEX_POINT('',#4578);
#1732=VERTEX_POINT('',#4583);
#1733=VERTEX_POINT('',#4584);
#1734=VERTEX_POINT('',#4589);
#1735=VERTEX_POINT('',#4590);
#1736=VERTEX_POINT('',#4595);
#1737=VERTEX_POINT('',#4596);
#1738=VERTEX_POINT('',#4598);
#1739=VERTEX_POINT('',#4600);
#1740=VERTEX_POINT('',#4604);
#1741=VERTEX_POINT('',#4605);
#1742=VERTEX_POINT('',#4610);
#1743=VERTEX_POINT('',#4611);
#1744=VERTEX_POINT('',#4616);
#1745=VERTEX_POINT('',#4617);
#1746=VERTEX_POINT('',#4622);
#1747=VERTEX_POINT('',#4623);
#1748=VERTEX_POINT('',#4628);
#1749=VERTEX_POINT('',#4630);
#1750=VERTEX_POINT('',#4633);
#1751=VERTEX_POINT('',#4645);
#1752=VERTEX_POINT('',#4648);
#1753=VERTEX_POINT('',#4660);
#1754=VERTEX_POINT('',#4673);
#1755=VERTEX_POINT('',#4686);
#1756=VERTEX_POINT('',#4689);
#1757=VERTEX_POINT('',#4690);
#1758=VERTEX_POINT('',#4694);
#1759=VERTEX_POINT('',#4696);
#1760=VERTEX_POINT('',#4710);
#1761=VERTEX_POINT('',#4711);
#1762=VERTEX_POINT('',#4714);
#1763=VERTEX_POINT('',#4716);
#1764=VERTEX_POINT('',#4721);
#1765=VERTEX_POINT('',#4726);
#1766=VERTEX_POINT('',#4731);
#1767=VERTEX_POINT('',#4733);
#1768=VERTEX_POINT('',#4738);
#1769=VERTEX_POINT('',#4745);
#1770=VERTEX_POINT('',#4750);
#1771=VERTEX_POINT('',#4755);
#1772=VERTEX_POINT('',#4760);
#1773=VERTEX_POINT('',#4762);
#1774=VERTEX_POINT('',#4767);
#1775=VERTEX_POINT('',#4772);
#1776=VERTEX_POINT('',#4777);
#1777=VERTEX_POINT('',#4779);
#1778=VERTEX_POINT('',#4786);
#1779=VERTEX_POINT('',#4788);
#1780=VERTEX_POINT('',#4790);
#1781=VERTEX_POINT('',#4792);
#1782=VERTEX_POINT('',#4794);
#1783=VERTEX_POINT('',#4796);
#1784=VERTEX_POINT('',#4798);
#1785=VERTEX_POINT('',#4800);
#1786=VERTEX_POINT('',#4802);
#1787=VERTEX_POINT('',#4804);
#1788=VERTEX_POINT('',#4808);
#1789=VERTEX_POINT('',#4810);
#1790=VERTEX_POINT('',#4812);
#1791=VERTEX_POINT('',#4814);
#1792=VERTEX_POINT('',#4816);
#1793=VERTEX_POINT('',#4818);
#1794=VERTEX_POINT('',#4820);
#1795=VERTEX_POINT('',#4822);
#1796=VERTEX_POINT('',#4824);
#1797=VERTEX_POINT('',#4826);
#1798=VERTEX_POINT('',#4830);
#1799=VERTEX_POINT('',#4835);
#1800=VERTEX_POINT('',#4850);
#1801=VERTEX_POINT('',#4851);
#1802=VERTEX_POINT('',#4885);
#1803=VERTEX_POINT('',#4890);
#1804=VERTEX_POINT('',#4892);
#1805=VERTEX_POINT('',#4896);
#1806=VERTEX_POINT('',#4909);
#1807=VERTEX_POINT('',#4925);
#1808=VERTEX_POINT('',#4927);
#1809=VERTEX_POINT('',#4943);
#1810=VERTEX_POINT('',#4944);
#1811=VERTEX_POINT('',#4958);
#1812=VERTEX_POINT('',#4962);
#1813=VERTEX_POINT('',#4967);
#1814=VERTEX_POINT('',#4972);
#1815=VERTEX_POINT('',#4982);
#1816=VERTEX_POINT('',#4989);
#1817=VERTEX_POINT('',#4999);
#1818=VERTEX_POINT('',#5004);
#1819=VERTEX_POINT('',#5009);
#1820=VERTEX_POINT('',#5029);
#1821=VERTEX_POINT('',#5034);
#1822=VERTEX_POINT('',#5036);
#1823=VERTEX_POINT('',#5043);
#1824=VERTEX_POINT('',#5045);
#1825=VERTEX_POINT('',#5052);
#1826=VERTEX_POINT('',#5071);
#1827=VERTEX_POINT('',#5072);
#1828=VERTEX_POINT('',#5077);
#1829=VERTEX_POINT('',#5080);
#1830=VERTEX_POINT('',#5092);
#1831=VERTEX_POINT('',#5093);
#1832=VERTEX_POINT('',#5116);
#1833=VERTEX_POINT('',#5121);
#1834=VERTEX_POINT('',#5126);
#1835=VERTEX_POINT('',#5136);
#1836=VERTEX_POINT('',#5140);
#1837=VERTEX_POINT('',#5153);
#1838=VERTEX_POINT('',#5160);
#1839=VERTEX_POINT('',#5165);
#1840=VERTEX_POINT('',#5183);
#1841=VERTEX_POINT('',#5184);
#1842=VERTEX_POINT('',#5189);
#1843=VERTEX_POINT('',#5192);
#1844=VERTEX_POINT('',#5213);
#1845=VERTEX_POINT('',#5215);
#1846=VERTEX_POINT('',#5228);
#1847=VERTEX_POINT('',#5233);
#1848=VERTEX_POINT('',#5238);
#1849=VERTEX_POINT('',#5248);
#1850=VERTEX_POINT('',#5394);
#1851=VERTEX_POINT('',#5404);
#1852=VERTEX_POINT('',#5434);
#1853=VERTEX_POINT('',#5573);
#1854=VERTEX_POINT('',#5575);
#1855=VERTEX_POINT('',#5627);
#1856=VERTEX_POINT('',#6022);
#1857=VERTEX_POINT('',#6135);
#1858=LINE('',#4195,#1998);
#1859=LINE('',#4198,#1999);
#1860=LINE('',#4205,#2000);
#1861=LINE('',#4207,#2001);
#1862=LINE('',#4209,#2002);
#1863=LINE('',#4212,#2003);
#1864=LINE('',#4219,#2004);
#1865=LINE('',#4221,#2005);
#1866=LINE('',#4223,#2006);
#1867=LINE('',#4226,#2007);
#1868=LINE('',#4228,#2008);
#1869=LINE('',#4230,#2009);
#1870=LINE('',#4232,#2010);
#1871=LINE('',#4238,#2011);
#1872=LINE('',#4244,#2012);
#1873=LINE('',#4250,#2013);
#1874=LINE('',#4256,#2014);
#1875=LINE('',#4262,#2015);
#1876=LINE('',#4268,#2016);
#1877=LINE('',#4269,#2017);
#1878=LINE('',#4271,#2018);
#1879=LINE('',#4274,#2019);
#1880=LINE('',#4276,#2020);
#1881=LINE('',#4278,#2021);
#1882=LINE('',#4280,#2022);
#1883=LINE('',#4287,#2023);
#1884=LINE('',#4293,#2024);
#1885=LINE('',#4295,#2025);
#1886=LINE('',#4303,#2026);
#1887=LINE('',#4307,#2027);
#1888=LINE('',#4313,#2028);
#1889=LINE('',#4319,#2029);
#1890=LINE('',#4325,#2030);
#1891=LINE('',#4331,#2031);
#1892=LINE('',#4334,#2032);
#1893=LINE('',#4335,#2033);
#1894=LINE('',#4337,#2034);
#1895=LINE('',#4340,#2035);
#1896=LINE('',#4341,#2036);
#1897=LINE('',#4343,#2037);
#1898=LINE('',#4349,#2038);
#1899=LINE('',#4355,#2039);
#1900=LINE('',#4361,#2040);
#1901=LINE('',#4384,#2041);
#1902=LINE('',#4386,#2042);
#1903=LINE('',#4387,#2043);
#1904=LINE('',#4389,#2044);
#1905=LINE('',#4391,#2045);
#1906=LINE('',#4393,#2046);
#1907=LINE('',#4395,#2047);
#1908=LINE('',#4399,#2048);
#1909=LINE('',#4403,#2049);
#1910=LINE('',#4407,#2050);
#1911=LINE('',#4411,#2051);
#1912=LINE('',#4413,#2052);
#1913=LINE('',#4414,#2053);
#1914=LINE('',#4416,#2054);
#1915=LINE('',#4417,#2055);
#1916=LINE('',#4419,#2056);
#1917=LINE('',#4420,#2057);
#1918=LINE('',#4422,#2058);
#1919=LINE('',#4423,#2059);
#1920=LINE('',#4425,#2060);
#1921=LINE('',#4431,#2061);
#1922=LINE('',#4442,#2062);
#1923=LINE('',#4446,#2063);
#1924=LINE('',#4451,#2064);
#1925=LINE('',#4455,#2065);
#1926=LINE('',#4457,#2066);
#1927=LINE('',#4459,#2067);
#1928=LINE('',#4478,#2068);
#1929=LINE('',#4495,#2069);
#1930=LINE('',#4497,#2070);
#1931=LINE('',#4498,#2071);
#1932=LINE('',#4500,#2072);
#1933=LINE('',#4502,#2073);
#1934=LINE('',#4504,#2074);
#1935=LINE('',#4521,#2075);
#1936=LINE('',#4543,#2076);
#1937=LINE('',#4547,#2077);
#1938=LINE('',#4552,#2078);
#1939=LINE('',#4556,#2079);
#1940=LINE('',#4558,#2080);
#1941=LINE('',#4559,#2081);
#1942=LINE('',#4564,#2082);
#1943=LINE('',#4566,#2083);
#1944=LINE('',#4568,#2084);
#1945=LINE('',#4570,#2085);
#1946=LINE('',#4576,#2086);
#1947=LINE('',#4582,#2087);
#1948=LINE('',#4591,#2088);
#1949=LINE('',#4592,#2089);
#1950=LINE('',#4594,#2090);
#1951=LINE('',#4597,#2091);
#1952=LINE('',#4601,#2092);
#1953=LINE('',#4603,#2093);
#1954=LINE('',#4609,#2094);
#1955=LINE('',#4615,#2095);
#1956=LINE('',#4624,#2096);
#1957=LINE('',#4625,#2097);
#1958=LINE('',#4691,#2098);
#1959=LINE('',#4693,#2099);
#1960=LINE('',#4697,#2100);
#1961=LINE('',#4699,#2101);
#1962=LINE('',#4702,#2102);
#1963=LINE('',#4704,#2103);
#1964=LINE('',#4712,#2104);
#1965=LINE('',#4713,#2105);
#1966=LINE('',#4715,#2106);
#1967=LINE('',#4732,#2107);
#1968=LINE('',#4744,#2108);
#1969=LINE('',#4761,#2109);
#1970=LINE('',#4778,#2110);
#1971=LINE('',#4780,#2111);
#1972=LINE('',#4785,#2112);
#1973=LINE('',#4789,#2113);
#1974=LINE('',#4793,#2114);
#1975=LINE('',#4795,#2115);
#1976=LINE('',#4797,#2116);
#1977=LINE('',#4801,#2117);
#1978=LINE('',#4805,#2118);
#1979=LINE('',#4807,#2119);
#1980=LINE('',#4809,#2120);
#1981=LINE('',#4813,#2121);
#1982=LINE('',#4817,#2122);
#1983=LINE('',#4819,#2123);
#1984=LINE('',#4821,#2124);
#1985=LINE('',#4825,#2125);
#1986=LINE('',#4829,#2126);
#1987=LINE('',#4849,#2127);
#1988=LINE('',#4891,#2128);
#1989=LINE('',#4895,#2129);
#1990=LINE('',#4926,#2130);
#1991=LINE('',#4959,#2131);
#1992=LINE('',#5035,#2132);
#1993=LINE('',#5044,#2133);
#1994=LINE('',#5091,#2134);
#1995=LINE('',#5139,#2135);
#1996=LINE('',#5159,#2136);
#1997=LINE('',#5214,#2137);
#1998=VECTOR('',#3491,1.);
#1999=VECTOR('',#3492,1.);
#2000=VECTOR('',#3493,1.);
#2001=VECTOR('',#3494,1.);
#2002=VECTOR('',#3497,1.);
#2003=VECTOR('',#3498,1.);
#2004=VECTOR('',#3499,1.);
#2005=VECTOR('',#3500,1.);
#2006=VECTOR('',#3503,1.);
#2007=VECTOR('',#3504,1.);
#2008=VECTOR('',#3505,1.);
#2009=VECTOR('',#3506,1.);
#2010=VECTOR('',#3509,1.);
#2011=VECTOR('',#3516,1.);
#2012=VECTOR('',#3523,1.);
#2013=VECTOR('',#3530,1.);
#2014=VECTOR('',#3537,1.);
#2015=VECTOR('',#3544,1.);
#2016=VECTOR('',#3551,1.);
#2017=VECTOR('',#3552,1.);
#2018=VECTOR('',#3555,1.);
#2019=VECTOR('',#3556,1.);
#2020=VECTOR('',#3557,1.);
#2021=VECTOR('',#3558,1.);
#2022=VECTOR('',#3561,1.);
#2023=VECTOR('',#3564,1.);
#2024=VECTOR('',#3565,1.);
#2025=VECTOR('',#3568,1.);
#2026=VECTOR('',#3577,1.);
#2027=VECTOR('',#3582,1.);
#2028=VECTOR('',#3589,1.);
#2029=VECTOR('',#3596,1.);
#2030=VECTOR('',#3603,1.);
#2031=VECTOR('',#3610,1.);
#2032=VECTOR('',#3611,1.);
#2033=VECTOR('',#3612,1.);
#2034=VECTOR('',#3615,1.);
#2035=VECTOR('',#3616,1.);
#2036=VECTOR('',#3617,1.);
#2037=VECTOR('',#3620,1.);
#2038=VECTOR('',#3627,1.);
#2039=VECTOR('',#3634,1.);
#2040=VECTOR('',#3641,1.);
#2041=VECTOR('',#3660,1.);
#2042=VECTOR('',#3661,1.);
#2043=VECTOR('',#3662,1.);
#2044=VECTOR('',#3665,1.);
#2045=VECTOR('',#3668,1.);
#2046=VECTOR('',#3669,1.);
#2047=VECTOR('',#3670,1.);
#2048=VECTOR('',#3675,1.);
#2049=VECTOR('',#3680,1.);
#2050=VECTOR('',#3685,1.);
#2051=VECTOR('',#3690,1.);
#2052=VECTOR('',#3693,1.);
#2053=VECTOR('',#3694,1.);
#2054=VECTOR('',#3697,1.);
#2055=VECTOR('',#3698,1.);
#2056=VECTOR('',#3701,1.);
#2057=VECTOR('',#3702,1.);
#2058=VECTOR('',#3705,1.);
#2059=VECTOR('',#3706,1.);
#2060=VECTOR('',#3709,1.);
#2061=VECTOR('',#3718,1.);
#2062=VECTOR('',#3733,1.);
#2063=VECTOR('',#3736,1.);
#2064=VECTOR('',#3741,1.);
#2065=VECTOR('',#3744,1.);
#2066=VECTOR('',#3747,1.);
#2067=VECTOR('',#3748,1.);
#2068=VECTOR('',#3749,1.);
#2069=VECTOR('',#3750,1.);
#2070=VECTOR('',#3753,1.);
#2071=VECTOR('',#3754,1.);
#2072=VECTOR('',#3757,1.);
#2073=VECTOR('',#3758,1.);
#2074=VECTOR('',#3759,1.);
#2075=VECTOR('',#3760,1.);
#2076=VECTOR('',#3769,1.);
#2077=VECTOR('',#3772,1.);
#2078=VECTOR('',#3777,1.);
#2079=VECTOR('',#3780,1.);
#2080=VECTOR('',#3783,1.);
#2081=VECTOR('',#3784,1.);
#2082=VECTOR('',#3789,1.);
#2083=VECTOR('',#3790,1.);
#2084=VECTOR('',#3791,1.);
#2085=VECTOR('',#3794,1.);
#2086=VECTOR('',#3801,1.);
#2087=VECTOR('',#3808,1.);
#2088=VECTOR('',#3817,1.);
#2089=VECTOR('',#3818,1.);
#2090=VECTOR('',#3821,1.);
#2091=VECTOR('',#3822,1.);
#2092=VECTOR('',#3825,1.);
#2093=VECTOR('',#3828,1.);
#2094=VECTOR('',#3835,1.);
#2095=VECTOR('',#3842,1.);
#2096=VECTOR('',#3851,1.);
#2097=VECTOR('',#3852,1.);
#2098=VECTOR('',#3875,1.);
#2099=VECTOR('',#3878,1.);
#2100=VECTOR('',#3881,1.);
#2101=VECTOR('',#3884,1.);
#2102=VECTOR('',#3889,1.);
#2103=VECTOR('',#3892,1.);
#2104=VECTOR('',#3895,1.);
#2105=VECTOR('',#3896,1.);
#2106=VECTOR('',#3897,1.);
#2107=VECTOR('',#3898,1.);
#2108=VECTOR('',#3901,1.);
#2109=VECTOR('',#3902,1.);
#2110=VECTOR('',#3903,1.);
#2111=VECTOR('',#3904,1.);
#2112=VECTOR('',#3913,1.);
#2113=VECTOR('',#3916,1.);
#2114=VECTOR('',#3919,1.);
#2115=VECTOR('',#3920,1.);
#2116=VECTOR('',#3921,1.);
#2117=VECTOR('',#3924,1.);
#2118=VECTOR('',#3927,1.);
#2119=VECTOR('',#3930,1.);
#2120=VECTOR('',#3931,1.);
#2121=VECTOR('',#3934,1.);
#2122=VECTOR('',#3937,1.);
#2123=VECTOR('',#3938,1.);
#2124=VECTOR('',#3939,1.);
#2125=VECTOR('',#3942,1.);
#2126=VECTOR('',#3947,1.);
#2127=VECTOR('',#3950,1.);
#2128=VECTOR('',#3953,1.);
#2129=VECTOR('',#3958,1.);
#2130=VECTOR('',#3961,1.);
#2131=VECTOR('',#3966,1.);
#2132=VECTOR('',#3997,1.);
#2133=VECTOR('',#4010,1.);
#2134=VECTOR('',#4025,1.);
#2135=VECTOR('',#4034,1.);
#2136=VECTOR('',#4037,1.);
#2137=VECTOR('',#4046,1.);
#2138=EDGE_LOOP('',(#464,#465,#466,#467,#468));
#2139=EDGE_LOOP('',(#469,#470,#471,#472,#473));
#2140=EDGE_LOOP('',(#474,#475,#476,#477));
#2141=EDGE_LOOP('',(#478,#479,#480,#481));
#2142=EDGE_LOOP('',(#482,#483,#484,#485));
#2143=EDGE_LOOP('',(#486,#487,#488,#489));
#2144=EDGE_LOOP('',(#490,#491,#492,#493));
#2145=EDGE_LOOP('',(#494,#495,#496,#497));
#2146=EDGE_LOOP('',(#498,#499,#500,#501));
#2147=EDGE_LOOP('',(#502,#503,#504,#505));
#2148=EDGE_LOOP('',(#506,#507,#508,#509));
#2149=EDGE_LOOP('',(#510,#511,#512));
#2150=EDGE_LOOP('',(#513,#514,#515,#516,#517));
#2151=EDGE_LOOP('',(#518,#519,#520,#521));
#2152=EDGE_LOOP('',(#522,#523,#524,#525,#526));
#2153=EDGE_LOOP('',(#527,#528,#529,#530));
#2154=EDGE_LOOP('',(#531,#532,#533,#534));
#2155=EDGE_LOOP('',(#535,#536,#537,#538));
#2156=EDGE_LOOP('',(#539,#540,#541,#542));
#2157=EDGE_LOOP('',(#543,#544,#545,#546));
#2158=EDGE_LOOP('',(#547,#548,#549,#550));
#2159=EDGE_LOOP('',(#551,#552,#553,#554));
#2160=EDGE_LOOP('',(#555,#556,#557,#558));
#2161=EDGE_LOOP('',(#559,#560,#561,#562));
#2162=EDGE_LOOP('',(#563,#564,#565,#566));
#2163=EDGE_LOOP('',(#567,#568,#569,#570,#571));
#2164=EDGE_LOOP('',(#572,#573,#574,#575));
#2165=EDGE_LOOP('',(#576,#577,#578,#579,#580));
#2166=EDGE_LOOP('',(#581,#582,#583));
#2167=EDGE_LOOP('',(#584,#585,#586,#587));
#2168=EDGE_LOOP('',(#588,#589,#590,#591));
#2169=EDGE_LOOP('',(#592,#593,#594,#595));
#2170=EDGE_LOOP('',(#596,#597,#598,#599));
#2171=EDGE_LOOP('',(#600,#601,#602,#603));
#2172=EDGE_LOOP('',(#604,#605,#606,#607));
#2173=EDGE_LOOP('',(#608,#609,#610,#611));
#2174=EDGE_LOOP('',(#612,#613,#614,#615));
#2175=EDGE_LOOP('',(#616,#617,#618,#619));
#2176=EDGE_LOOP('',(#620,#621,#622,#623,#624,#625));
#2177=EDGE_LOOP('',(#626,#627,#628,#629));
#2178=EDGE_LOOP('',(#630));
#2179=EDGE_LOOP('',(#631,#632,#633,#634,#635,#636));
#2180=EDGE_LOOP('',(#637,#638,#639,#640));
#2181=EDGE_LOOP('',(#641));
#2182=EDGE_LOOP('',(#642,#643,#644,#645,#646,#647,#648,#649));
#2183=EDGE_LOOP('',(#650,#651,#652,#653,#654,#655,#656,#657));
#2184=EDGE_LOOP('',(#658,#659,#660,#661));
#2185=EDGE_LOOP('',(#662,#663,#664,#665));
#2186=EDGE_LOOP('',(#666,#667,#668,#669,#670,#671,#672,#673,#674,#675,#676));
#2187=EDGE_LOOP('',(#677,#678,#679,#680));
#2188=EDGE_LOOP('',(#681,#682,#683,#684,#685,#686,#687,#688,#689,#690,#691));
#2189=EDGE_LOOP('',(#692,#693,#694,#695,#696,#697));
#2190=EDGE_LOOP('',(#698,#699,#700,#701));
#2191=EDGE_LOOP('',(#702,#703,#704,#705));
#2192=EDGE_LOOP('',(#706,#707,#708,#709));
#2193=EDGE_LOOP('',(#710,#711,#712,#713));
#2194=EDGE_LOOP('',(#714,#715,#716,#717));
#2195=EDGE_LOOP('',(#718,#719,#720,#721));
#2196=EDGE_LOOP('',(#722,#723,#724,#725));
#2197=EDGE_LOOP('',(#726,#727,#728,#729));
#2198=EDGE_LOOP('',(#730,#731,#732,#733));
#2199=EDGE_LOOP('',(#734,#735,#736,#737));
#2200=EDGE_LOOP('',(#738,#739,#740,#741));
#2201=EDGE_LOOP('',(#742,#743,#744,#745));
#2202=EDGE_LOOP('',(#746,#747,#748,#749));
#2203=EDGE_LOOP('',(#750));
#2204=EDGE_LOOP('',(#751));
#2205=EDGE_LOOP('',(#752));
#2206=EDGE_LOOP('',(#753));
#2207=EDGE_LOOP('',(#754));
#2208=EDGE_LOOP('',(#755));
#2209=EDGE_LOOP('',(#756));
#2210=EDGE_LOOP('',(#757));
#2211=EDGE_LOOP('',(#758));
#2212=EDGE_LOOP('',(#759));
#2213=EDGE_LOOP('',(#760,#761,#762,#763,#764,#765,#766,#767,#768,#769,#770,
#771));
#2214=EDGE_LOOP('',(#772));
#2215=EDGE_LOOP('',(#773));
#2216=EDGE_LOOP('',(#774));
#2217=EDGE_LOOP('',(#775));
#2218=EDGE_LOOP('',(#776));
#2219=EDGE_LOOP('',(#777));
#2220=EDGE_LOOP('',(#778,#779,#780,#781,#782,#783,#784,#785,#786,#787,#788,
#789,#790,#791,#792,#793));
#2221=EDGE_LOOP('',(#794,#795));
#2222=EDGE_LOOP('',(#796,#797));
#2223=EDGE_LOOP('',(#798,#799,#800,#801,#802,#803,#804,#805,#806,#807,#808));
#2224=EDGE_LOOP('',(#809,#810,#811,#812,#813,#814,#815,#816,#817,#818,#819));
#2225=EDGE_LOOP('',(#820,#821,#822,#823,#824,#825));
#2226=EDGE_LOOP('',(#826,#827,#828,#829,#830,#831));
#2227=EDGE_LOOP('',(#832,#833,#834,#835,#836,#837,#838,#839,#840,#841,#842,
#843,#844,#845,#846,#847));
#2228=EDGE_LOOP('',(#848,#849,#850,#851,#852,#853,#854,#855,#856,#857,#858,
#859,#860,#861,#862,#863));
#2229=EDGE_LOOP('',(#864,#865,#866,#867,#868));
#2230=EDGE_LOOP('',(#869,#870,#871,#872));
#2231=EDGE_LOOP('',(#873,#874,#875,#876,#877));
#2232=EDGE_LOOP('',(#878,#879,#880,#881,#882));
#2233=EDGE_LOOP('',(#883,#884,#885,#886));
#2234=EDGE_LOOP('',(#887,#888,#889,#890,#891));
#2235=EDGE_LOOP('',(#892,#893,#894,#895,#896,#897));
#2236=EDGE_LOOP('',(#898,#899,#900,#901));
#2237=EDGE_LOOP('',(#902,#903,#904,#905,#906,#907));
#2238=EDGE_LOOP('',(#908,#909,#910,#911));
#2239=EDGE_LOOP('',(#912,#913,#914,#915));
#2240=EDGE_LOOP('',(#916,#917,#918,#919,#920));
#2241=EDGE_LOOP('',(#921,#922,#923,#924));
#2242=EDGE_LOOP('',(#925,#926,#927,#928));
#2243=EDGE_LOOP('',(#929,#930,#931,#932,#933));
#2244=EDGE_LOOP('',(#934,#935,#936,#937,#938,#939));
#2245=EDGE_LOOP('',(#940,#941,#942,#943));
#2246=EDGE_LOOP('',(#944,#945,#946,#947,#948,#949));
#2247=EDGE_LOOP('',(#950,#951,#952,#953,#954));
#2248=EDGE_LOOP('',(#955,#956,#957,#958,#959));
#2249=EDGE_LOOP('',(#960,#961,#962,#963,#964,#965));
#2250=EDGE_LOOP('',(#966,#967,#968,#969));
#2251=EDGE_LOOP('',(#970,#971,#972,#973,#974,#975));
#2252=EDGE_LOOP('',(#976,#977,#978,#979));
#2253=EDGE_LOOP('',(#980,#981,#982,#983));
#2254=EDGE_LOOP('',(#984,#985,#986,#987));
#2255=EDGE_LOOP('',(#988,#989,#990,#991));
#2256=EDGE_LOOP('',(#992,#993,#994,#995));
#2257=EDGE_LOOP('',(#996,#997,#998,#999));
#2258=EDGE_LOOP('',(#1000,#1001,#1002,#1003));
#2259=EDGE_LOOP('',(#1004,#1005,#1006,#1007));
#2260=EDGE_LOOP('',(#1008,#1009,#1010,#1011));
#2261=EDGE_LOOP('',(#1012,#1013,#1014,#1015));
#2262=EDGE_LOOP('',(#1016,#1017,#1018,#1019));
#2263=EDGE_LOOP('',(#1020,#1021,#1022,#1023));
#2264=EDGE_LOOP('',(#1024,#1025,#1026,#1027));
#2265=EDGE_LOOP('',(#1028,#1029,#1030,#1031));
#2266=EDGE_LOOP('',(#1032,#1033,#1034,#1035));
#2267=EDGE_LOOP('',(#1036,#1037,#1038,#1039));
#2268=EDGE_LOOP('',(#1040,#1041,#1042,#1043));
#2269=EDGE_LOOP('',(#1044,#1045,#1046,#1047));
#2270=EDGE_LOOP('',(#1048,#1049,#1050,#1051));
#2271=EDGE_LOOP('',(#1052,#1053,#1054,#1055));
#2272=EDGE_LOOP('',(#1056,#1057,#1058,#1059));
#2273=EDGE_LOOP('',(#1060,#1061,#1062,#1063));
#2274=EDGE_LOOP('',(#1064,#1065,#1066,#1067));
#2275=EDGE_LOOP('',(#1068,#1069,#1070,#1071));
#2276=EDGE_LOOP('',(#1072,#1073,#1074,#1075));
#2277=EDGE_LOOP('',(#1076,#1077,#1078));
#2278=EDGE_LOOP('',(#1079,#1080,#1081,#1082));
#2279=EDGE_LOOP('',(#1083,#1084,#1085,#1086,#1087,#1088,#1089,#1090));
#2280=EDGE_LOOP('',(#1091,#1092,#1093,#1094));
#2281=EDGE_LOOP('',(#1095,#1096,#1097));
#2282=EDGE_LOOP('',(#1098,#1099,#1100));
#2283=EDGE_LOOP('',(#1101,#1102,#1103,#1104));
#2284=EDGE_LOOP('',(#1105,#1106,#1107,#1108));
#2285=EDGE_LOOP('',(#1109,#1110,#1111,#1112));
#2286=EDGE_LOOP('',(#1113,#1114,#1115));
#2287=EDGE_LOOP('',(#1116,#1117,#1118));
#2288=EDGE_LOOP('',(#1119,#1120,#1121,#1122));
#2289=EDGE_LOOP('',(#1123,#1124,#1125,#1126));
#2290=EDGE_LOOP('',(#1127,#1128,#1129,#1130));
#2291=EDGE_LOOP('',(#1131,#1132,#1133,#1134));
#2292=EDGE_LOOP('',(#1135,#1136,#1137));
#2293=EDGE_LOOP('',(#1138,#1139,#1140));
#2294=EDGE_LOOP('',(#1141,#1142,#1143,#1144));
#2295=EDGE_LOOP('',(#1145,#1146,#1147,#1148));
#2296=EDGE_LOOP('',(#1149,#1150,#1151));
#2297=EDGE_LOOP('',(#1152,#1153,#1154,#1155,#1156,#1157,#1158,#1159));
#2298=EDGE_LOOP('',(#1160,#1161,#1162,#1163,#1164,#1165));
#2299=EDGE_LOOP('',(#1166,#1167,#1168,#1169,#1170,#1171,#1172,#1173,#1174,
#1175,#1176,#1177,#1178,#1179,#1180,#1181,#1182,#1183,#1184,#1185));
#2300=EDGE_LOOP('',(#1186,#1187,#1188,#1189,#1190,#1191,#1192,#1193));
#2301=EDGE_LOOP('',(#1194,#1195,#1196,#1197,#1198,#1199));
#2302=EDGE_LOOP('',(#1200,#1201,#1202,#1203));
#2303=EDGE_LOOP('',(#1204,#1205,#1206,#1207,#1208,#1209));
#2304=EDGE_LOOP('',(#1210,#1211,#1212,#1213));
#2305=EDGE_LOOP('',(#1214,#1215,#1216,#1217));
#2306=EDGE_LOOP('',(#1218,#1219,#1220,#1221));
#2307=EDGE_LOOP('',(#1222,#1223,#1224,#1225));
#2308=EDGE_LOOP('',(#1226));
#2309=EDGE_LOOP('',(#1227,#1228,#1229,#1230));
#2310=EDGE_LOOP('',(#1231));
#2311=EDGE_LOOP('',(#1232,#1233,#1234,#1235));
#2312=FACE_BOUND('',#2138,.T.);
#2313=FACE_BOUND('',#2139,.T.);
#2314=FACE_BOUND('',#2140,.T.);
#2315=FACE_BOUND('',#2141,.T.);
#2316=FACE_BOUND('',#2142,.T.);
#2317=FACE_BOUND('',#2143,.T.);
#2318=FACE_BOUND('',#2144,.T.);
#2319=FACE_BOUND('',#2145,.T.);
#2320=FACE_BOUND('',#2146,.T.);
#2321=FACE_BOUND('',#2147,.T.);
#2322=FACE_BOUND('',#2148,.T.);
#2323=FACE_BOUND('',#2149,.T.);
#2324=FACE_BOUND('',#2150,.T.);
#2325=FACE_BOUND('',#2151,.T.);
#2326=FACE_BOUND('',#2152,.T.);
#2327=FACE_BOUND('',#2153,.T.);
#2328=FACE_BOUND('',#2154,.T.);
#2329=FACE_BOUND('',#2155,.T.);
#2330=FACE_BOUND('',#2156,.T.);
#2331=FACE_BOUND('',#2157,.T.);
#2332=FACE_BOUND('',#2158,.T.);
#2333=FACE_BOUND('',#2159,.T.);
#2334=FACE_BOUND('',#2160,.T.);
#2335=FACE_BOUND('',#2161,.T.);
#2336=FACE_BOUND('',#2162,.T.);
#2337=FACE_BOUND('',#2163,.T.);
#2338=FACE_BOUND('',#2164,.T.);
#2339=FACE_BOUND('',#2165,.T.);
#2340=FACE_BOUND('',#2166,.T.);
#2341=FACE_BOUND('',#2167,.T.);
#2342=FACE_BOUND('',#2168,.T.);
#2343=FACE_BOUND('',#2169,.T.);
#2344=FACE_BOUND('',#2170,.T.);
#2345=FACE_BOUND('',#2171,.T.);
#2346=FACE_BOUND('',#2172,.T.);
#2347=FACE_BOUND('',#2173,.T.);
#2348=FACE_BOUND('',#2174,.T.);
#2349=FACE_BOUND('',#2175,.T.);
#2350=FACE_BOUND('',#2176,.T.);
#2351=FACE_BOUND('',#2177,.T.);
#2352=FACE_BOUND('',#2178,.T.);
#2353=FACE_BOUND('',#2179,.T.);
#2354=FACE_BOUND('',#2180,.T.);
#2355=FACE_BOUND('',#2181,.T.);
#2356=FACE_BOUND('',#2182,.T.);
#2357=FACE_BOUND('',#2183,.T.);
#2358=FACE_BOUND('',#2184,.T.);
#2359=FACE_BOUND('',#2185,.T.);
#2360=FACE_BOUND('',#2186,.T.);
#2361=FACE_BOUND('',#2187,.T.);
#2362=FACE_BOUND('',#2188,.T.);
#2363=FACE_BOUND('',#2189,.T.);
#2364=FACE_BOUND('',#2190,.T.);
#2365=FACE_BOUND('',#2191,.T.);
#2366=FACE_BOUND('',#2192,.T.);
#2367=FACE_BOUND('',#2193,.T.);
#2368=FACE_BOUND('',#2194,.T.);
#2369=FACE_BOUND('',#2195,.T.);
#2370=FACE_BOUND('',#2196,.T.);
#2371=FACE_BOUND('',#2197,.T.);
#2372=FACE_BOUND('',#2198,.T.);
#2373=FACE_BOUND('',#2199,.T.);
#2374=FACE_BOUND('',#2200,.T.);
#2375=FACE_BOUND('',#2201,.T.);
#2376=FACE_BOUND('',#2202,.T.);
#2377=FACE_BOUND('',#2203,.T.);
#2378=FACE_BOUND('',#2204,.T.);
#2379=FACE_BOUND('',#2205,.T.);
#2380=FACE_BOUND('',#2206,.T.);
#2381=FACE_BOUND('',#2207,.T.);
#2382=FACE_BOUND('',#2208,.T.);
#2383=FACE_BOUND('',#2209,.T.);
#2384=FACE_BOUND('',#2210,.T.);
#2385=FACE_BOUND('',#2211,.T.);
#2386=FACE_BOUND('',#2212,.T.);
#2387=FACE_BOUND('',#2213,.T.);
#2388=FACE_BOUND('',#2214,.T.);
#2389=FACE_BOUND('',#2215,.T.);
#2390=FACE_BOUND('',#2216,.T.);
#2391=FACE_BOUND('',#2217,.T.);
#2392=FACE_BOUND('',#2218,.T.);
#2393=FACE_BOUND('',#2219,.T.);
#2394=FACE_BOUND('',#2220,.T.);
#2395=FACE_BOUND('',#2221,.T.);
#2396=FACE_BOUND('',#2222,.T.);
#2397=FACE_BOUND('',#2223,.T.);
#2398=FACE_BOUND('',#2224,.T.);
#2399=FACE_BOUND('',#2225,.T.);
#2400=FACE_BOUND('',#2226,.T.);
#2401=FACE_BOUND('',#2227,.T.);
#2402=FACE_BOUND('',#2228,.T.);
#2403=FACE_BOUND('',#2229,.T.);
#2404=FACE_BOUND('',#2230,.T.);
#2405=FACE_BOUND('',#2231,.T.);
#2406=FACE_BOUND('',#2232,.T.);
#2407=FACE_BOUND('',#2233,.T.);
#2408=FACE_BOUND('',#2234,.T.);
#2409=FACE_BOUND('',#2235,.T.);
#2410=FACE_BOUND('',#2236,.T.);
#2411=FACE_BOUND('',#2237,.T.);
#2412=FACE_BOUND('',#2238,.T.);
#2413=FACE_BOUND('',#2239,.T.);
#2414=FACE_BOUND('',#2240,.T.);
#2415=FACE_BOUND('',#2241,.T.);
#2416=FACE_BOUND('',#2242,.T.);
#2417=FACE_BOUND('',#2243,.T.);
#2418=FACE_BOUND('',#2244,.T.);
#2419=FACE_BOUND('',#2245,.T.);
#2420=FACE_BOUND('',#2246,.T.);
#2421=FACE_BOUND('',#2247,.T.);
#2422=FACE_BOUND('',#2248,.T.);
#2423=FACE_BOUND('',#2249,.T.);
#2424=FACE_BOUND('',#2250,.T.);
#2425=FACE_BOUND('',#2251,.T.);
#2426=FACE_BOUND('',#2252,.T.);
#2427=FACE_BOUND('',#2253,.T.);
#2428=FACE_BOUND('',#2254,.T.);
#2429=FACE_BOUND('',#2255,.T.);
#2430=FACE_BOUND('',#2256,.T.);
#2431=FACE_BOUND('',#2257,.T.);
#2432=FACE_BOUND('',#2258,.T.);
#2433=FACE_BOUND('',#2259,.T.);
#2434=FACE_BOUND('',#2260,.T.);
#2435=FACE_BOUND('',#2261,.T.);
#2436=FACE_BOUND('',#2262,.T.);
#2437=FACE_BOUND('',#2263,.T.);
#2438=FACE_BOUND('',#2264,.T.);
#2439=FACE_BOUND('',#2265,.T.);
#2440=FACE_BOUND('',#2266,.T.);
#2441=FACE_BOUND('',#2267,.T.);
#2442=FACE_BOUND('',#2268,.T.);
#2443=FACE_BOUND('',#2269,.T.);
#2444=FACE_BOUND('',#2270,.T.);
#2445=FACE_BOUND('',#2271,.T.);
#2446=FACE_BOUND('',#2272,.T.);
#2447=FACE_BOUND('',#2273,.T.);
#2448=FACE_BOUND('',#2274,.T.);
#2449=FACE_BOUND('',#2275,.T.);
#2450=FACE_BOUND('',#2276,.T.);
#2451=FACE_BOUND('',#2277,.T.);
#2452=FACE_BOUND('',#2278,.T.);
#2453=FACE_BOUND('',#2279,.T.);
#2454=FACE_BOUND('',#2280,.T.);
#2455=FACE_BOUND('',#2281,.T.);
#2456=FACE_BOUND('',#2282,.T.);
#2457=FACE_BOUND('',#2283,.T.);
#2458=FACE_BOUND('',#2284,.T.);
#2459=FACE_BOUND('',#2285,.T.);
#2460=FACE_BOUND('',#2286,.T.);
#2461=FACE_BOUND('',#2287,.T.);
#2462=FACE_BOUND('',#2288,.T.);
#2463=FACE_BOUND('',#2289,.T.);
#2464=FACE_BOUND('',#2290,.T.);
#2465=FACE_BOUND('',#2291,.T.);
#2466=FACE_BOUND('',#2292,.T.);
#2467=FACE_BOUND('',#2293,.T.);
#2468=FACE_BOUND('',#2294,.T.);
#2469=FACE_BOUND('',#2295,.T.);
#2470=FACE_BOUND('',#2296,.T.);
#2471=FACE_BOUND('',#2297,.T.);
#2472=FACE_BOUND('',#2298,.T.);
#2473=FACE_BOUND('',#2299,.T.);
#2474=FACE_BOUND('',#2300,.T.);
#2475=FACE_BOUND('',#2301,.T.);
#2476=FACE_BOUND('',#2302,.T.);
#2477=FACE_BOUND('',#2303,.T.);
#2478=FACE_BOUND('',#2304,.T.);
#2479=FACE_BOUND('',#2305,.T.);
#2480=FACE_BOUND('',#2306,.T.);
#2481=FACE_BOUND('',#2307,.T.);
#2482=FACE_BOUND('',#2308,.T.);
#2483=FACE_BOUND('',#2309,.T.);
#2484=FACE_BOUND('',#2310,.T.);
#2485=FACE_BOUND('',#2311,.T.);
#2486=PLANE('',#3205);
#2487=PLANE('',#3206);
#2488=PLANE('',#3207);
#2489=PLANE('',#3226);
#2490=PLANE('',#3227);
#2491=PLANE('',#3228);
#2492=PLANE('',#3229);
#2493=PLANE('',#3248);
#2494=PLANE('',#3249);
#2495=PLANE('',#3268);
#2496=PLANE('',#3269);
#2497=PLANE('',#3270);
#2498=PLANE('',#3283);
#2499=PLANE('',#3285);
#2500=PLANE('',#3287);
#2501=PLANE('',#3289);
#2502=PLANE('',#3299);
#2503=PLANE('',#3300);
#2504=PLANE('',#3301);
#2505=PLANE('',#3302);
#2506=PLANE('',#3310);
#2507=PLANE('',#3311);
#2508=PLANE('',#3322);
#2509=PLANE('',#3324);
#2510=PLANE('',#3335);
#2511=PLANE('',#3351);
#2512=PLANE('',#3352);
#2513=PLANE('',#3353);
#2514=PLANE('',#3354);
#2515=PLANE('',#3355);
#2516=PLANE('',#3356);
#2517=PLANE('',#3358);
#2518=PLANE('',#3359);
#2519=PLANE('',#3364);
#2520=PLANE('',#3469);
#2521=PLANE('',#3470);
#2522=PLANE('',#3485);
#2523=PLANE('',#3486);
#2524=ADVANCED_FACE('',(#2312),#2486,.T.);
#2525=ADVANCED_FACE('',(#2313),#2487,.T.);
#2526=ADVANCED_FACE('',(#2314),#2488,.F.);
#2527=ADVANCED_FACE('',(#2315),#341,.F.);
#2528=ADVANCED_FACE('',(#2316),#342,.F.);
#2529=ADVANCED_FACE('',(#2317),#343,.F.);
#2530=ADVANCED_FACE('',(#2318),#344,.F.);
#2531=ADVANCED_FACE('',(#2319),#345,.F.);
#2532=ADVANCED_FACE('',(#2320),#346,.F.);
#2533=ADVANCED_FACE('',(#2321),#2489,.F.);
#2534=ADVANCED_FACE('',(#2322),#2490,.F.);
#2535=ADVANCED_FACE('',(#2323),#2491,.T.);
#2536=ADVANCED_FACE('',(#2324),#2492,.F.);
#2537=ADVANCED_FACE('',(#2325),#347,.F.);
#2538=ADVANCED_FACE('',(#2326),#348,.F.);
#2539=ADVANCED_FACE('',(#2327),#349,.F.);
#2540=ADVANCED_FACE('',(#2328),#350,.F.);
#2541=ADVANCED_FACE('',(#2329),#351,.F.);
#2542=ADVANCED_FACE('',(#2330),#352,.F.);
#2543=ADVANCED_FACE('',(#2331),#2493,.T.);
#2544=ADVANCED_FACE('',(#2332),#2494,.T.);
#2545=ADVANCED_FACE('',(#2333),#353,.F.);
#2546=ADVANCED_FACE('',(#2334),#354,.F.);
#2547=ADVANCED_FACE('',(#2335),#355,.F.);
#2548=ADVANCED_FACE('',(#2336),#356,.F.);
#2549=ADVANCED_FACE('',(#2337),#357,.F.);
#2550=ADVANCED_FACE('',(#2338),#358,.F.);
#2551=ADVANCED_FACE('',(#2339),#2495,.F.);
#2552=ADVANCED_FACE('',(#2340),#2496,.T.);
#2553=ADVANCED_FACE('',(#2341),#2497,.F.);
#2554=ADVANCED_FACE('',(#2342),#148,.F.);
#2555=ADVANCED_FACE('',(#2343),#149,.F.);
#2556=ADVANCED_FACE('',(#2344),#150,.F.);
#2557=ADVANCED_FACE('',(#2345),#151,.F.);
#2558=ADVANCED_FACE('',(#2346),#152,.F.);
#2559=ADVANCED_FACE('',(#2347),#153,.F.);
#2560=ADVANCED_FACE('',(#2348),#154,.F.);
#2561=ADVANCED_FACE('',(#2349),#155,.F.);
#2562=ADVANCED_FACE('',(#2350),#2498,.F.);
#2563=ADVANCED_FACE('',(#2351,#2352),#2499,.T.);
#2564=ADVANCED_FACE('',(#2353),#2500,.F.);
#2565=ADVANCED_FACE('',(#2354,#2355),#2501,.T.);
#2566=ADVANCED_FACE('',(#2356),#156,.F.);
#2567=ADVANCED_FACE('',(#2357),#157,.F.);
#2568=ADVANCED_FACE('',(#2358),#158,.F.);
#2569=ADVANCED_FACE('',(#2359),#159,.F.);
#2570=ADVANCED_FACE('',(#2360),#2502,.F.);
#2571=ADVANCED_FACE('',(#2361),#2503,.F.);
#2572=ADVANCED_FACE('',(#2362),#2504,.F.);
#2573=ADVANCED_FACE('',(#2363),#2505,.T.);
#2574=ADVANCED_FACE('',(#2364),#160,.F.);
#2575=ADVANCED_FACE('',(#2365),#161,.F.);
#2576=ADVANCED_FACE('',(#2366),#2506,.T.);
#2577=ADVANCED_FACE('',(#2367),#2507,.T.);
#2578=ADVANCED_FACE('',(#2368),#359,.T.);
#2579=ADVANCED_FACE('',(#2369),#360,.T.);
#2580=ADVANCED_FACE('',(#2370),#361,.T.);
#2581=ADVANCED_FACE('',(#2371),#2508,.T.);
#2582=ADVANCED_FACE('',(#2372),#2509,.T.);
#2583=ADVANCED_FACE('',(#2373),#362,.T.);
#2584=ADVANCED_FACE('',(#2374),#363,.T.);
#2585=ADVANCED_FACE('',(#2375),#364,.T.);
#2586=ADVANCED_FACE('',(#2376),#2510,.T.);
#2587=ADVANCED_FACE('',(#2377,#2378),#365,.T.);
#2588=ADVANCED_FACE('',(#2379,#2380),#162,.F.);
#2589=ADVANCED_FACE('',(#2381,#2382),#163,.F.);
#2590=ADVANCED_FACE('',(#2383,#2384),#164,.F.);
#2591=ADVANCED_FACE('',(#2385,#2386),#165,.F.);
#2592=ADVANCED_FACE('',(#2387,#2388,#2389,#2390,#2391,#2392),#166,.T.);
#2593=ADVANCED_FACE('',(#2393,#2394),#2511,.T.);
#2594=ADVANCED_FACE('',(#2395),#2512,.F.);
#2595=ADVANCED_FACE('',(#2396),#2513,.F.);
#2596=ADVANCED_FACE('',(#2397),#2514,.F.);
#2597=ADVANCED_FACE('',(#2398),#2515,.F.);
#2598=ADVANCED_FACE('',(#2399),#2516,.T.);
#2599=ADVANCED_FACE('',(#2400),#2517,.T.);
#2600=ADVANCED_FACE('',(#2401),#2518,.F.);
#2601=ADVANCED_FACE('',(#2402),#2519,.F.);
#2602=ADVANCED_FACE('',(#2403),#167,.T.);
#2603=ADVANCED_FACE('',(#2404),#168,.T.);
#2604=ADVANCED_FACE('',(#2405),#169,.T.);
#2605=ADVANCED_FACE('',(#2406),#170,.T.);
#2606=ADVANCED_FACE('',(#2407),#171,.T.);
#2607=ADVANCED_FACE('',(#2408),#172,.T.);
#2608=ADVANCED_FACE('',(#2409),#366,.T.);
#2609=ADVANCED_FACE('',(#2410),#173,.T.);
#2610=ADVANCED_FACE('',(#2411),#367,.T.);
#2611=ADVANCED_FACE('',(#2412),#174,.T.);
#2612=ADVANCED_FACE('',(#2413),#175,.T.);
#2613=ADVANCED_FACE('',(#2414),#176,.T.);
#2614=ADVANCED_FACE('',(#2415),#177,.T.);
#2615=ADVANCED_FACE('',(#2416),#178,.T.);
#2616=ADVANCED_FACE('',(#2417),#179,.T.);
#2617=ADVANCED_FACE('',(#2418),#368,.T.);
#2618=ADVANCED_FACE('',(#2419),#180,.T.);
#2619=ADVANCED_FACE('',(#2420),#369,.T.);
#2620=ADVANCED_FACE('',(#2421),#181,.T.);
#2621=ADVANCED_FACE('',(#2422),#182,.T.);
#2622=ADVANCED_FACE('',(#2423),#370,.T.);
#2623=ADVANCED_FACE('',(#2424),#183,.T.);
#2624=ADVANCED_FACE('',(#2425),#371,.T.);
#2625=ADVANCED_FACE('',(#2426),#184,.T.);
#2626=ADVANCED_FACE('',(#2427),#185,.T.);
#2627=ADVANCED_FACE('',(#2428),#186,.T.);
#2628=ADVANCED_FACE('',(#2429),#50,.T.);
#2629=ADVANCED_FACE('',(#2430),#26,.T.);
#2630=ADVANCED_FACE('',(#2431),#12,.T.);
#2631=ADVANCED_FACE('',(#2432),#27,.T.);
#2632=ADVANCED_FACE('',(#2433),#51,.T.);
#2633=ADVANCED_FACE('',(#2434),#52,.T.);
#2634=ADVANCED_FACE('',(#2435),#28,.T.);
#2635=ADVANCED_FACE('',(#2436),#13,.T.);
#2636=ADVANCED_FACE('',(#2437),#29,.T.);
#2637=ADVANCED_FACE('',(#2438),#53,.T.);
#2638=ADVANCED_FACE('',(#2439),#54,.T.);
#2639=ADVANCED_FACE('',(#2440),#30,.T.);
#2640=ADVANCED_FACE('',(#2441),#14,.T.);
#2641=ADVANCED_FACE('',(#2442),#15,.T.);
#2642=ADVANCED_FACE('',(#2443),#31,.T.);
#2643=ADVANCED_FACE('',(#2444),#55,.T.);
#2644=ADVANCED_FACE('',(#2445),#56,.T.);
#2645=ADVANCED_FACE('',(#2446),#32,.T.);
#2646=ADVANCED_FACE('',(#2447),#16,.T.);
#2647=ADVANCED_FACE('',(#2448),#17,.T.);
#2648=ADVANCED_FACE('',(#2449),#33,.T.);
#2649=ADVANCED_FACE('',(#2450),#57,.T.);
#2650=ADVANCED_FACE('',(#2451),#34,.F.);
#2651=ADVANCED_FACE('',(#2452),#35,.F.);
#2652=ADVANCED_FACE('',(#2453),#18,.F.);
#2653=ADVANCED_FACE('',(#2454),#36,.F.);
#2654=ADVANCED_FACE('',(#2455),#37,.F.);
#2655=ADVANCED_FACE('',(#2456),#38,.F.);
#2656=ADVANCED_FACE('',(#2457),#39,.F.);
#2657=ADVANCED_FACE('',(#2458),#19,.F.);
#2658=ADVANCED_FACE('',(#2459),#40,.F.);
#2659=ADVANCED_FACE('',(#2460),#41,.F.);
#2660=ADVANCED_FACE('',(#2461),#42,.F.);
#2661=ADVANCED_FACE('',(#2462),#43,.F.);
#2662=ADVANCED_FACE('',(#2463),#20,.F.);
#2663=ADVANCED_FACE('',(#2464),#21,.F.);
#2664=ADVANCED_FACE('',(#2465),#44,.F.);
#2665=ADVANCED_FACE('',(#2466),#45,.F.);
#2666=ADVANCED_FACE('',(#2467),#46,.F.);
#2667=ADVANCED_FACE('',(#2468),#47,.F.);
#2668=ADVANCED_FACE('',(#2469),#48,.F.);
#2669=ADVANCED_FACE('',(#2470),#49,.F.);
#2670=ADVANCED_FACE('',(#2471),#22,.F.);
#2671=ADVANCED_FACE('',(#2472),#2520,.T.);
#2672=ADVANCED_FACE('',(#2473,#2474),#2521,.F.);
#2673=ADVANCED_FACE('',(#2475),#372,.T.);
#2674=ADVANCED_FACE('',(#2476),#187,.T.);
#2675=ADVANCED_FACE('',(#2477),#373,.T.);
#2676=ADVANCED_FACE('',(#2478),#188,.T.);
#2677=ADVANCED_FACE('',(#2479),#23,.T.);
#2678=ADVANCED_FACE('',(#2480),#24,.T.);
#2679=ADVANCED_FACE('',(#2481),#25,.F.);
#2680=ADVANCED_FACE('',(#2482,#2483),#2522,.F.);
#2681=ADVANCED_FACE('',(#2484,#2485),#2523,.F.);
#2682=CLOSED_SHELL('',(#2524,#2525,#2526,#2527,#2528,#2529,#2530,#2531,
#2532,#2533,#2534,#2535,#2536,#2537,#2538,#2539,#2540,#2541,#2542,#2543,
#2544,#2545,#2546,#2547,#2548,#2549,#2550,#2551,#2552,#2553,#2554,#2555,
#2556,#2557,#2558,#2559,#2560,#2561,#2562,#2563,#2564,#2565,#2566,#2567,
#2568,#2569,#2570,#2571,#2572,#2573,#2574,#2575,#2576,#2577,#2578,#2579,
#2580,#2581,#2582,#2583,#2584,#2585,#2586,#2587,#2588,#2589,#2590,#2591,
#2592,#2593,#2594,#2595,#2596,#2597,#2598,#2599,#2600,#2601,#2602,#2603,
#2604,#2605,#2606,#2607,#2608,#2609,#2610,#2611,#2612,#2613,#2614,#2615,
#2616,#2617,#2618,#2619,#2620,#2621,#2622,#2623,#2624,#2625,#2626,#2627,
#2628,#2629,#2630,#2631,#2632,#2633,#2634,#2635,#2636,#2637,#2638,#2639,
#2640,#2641,#2642,#2643,#2644,#2645,#2646,#2647,#2648,#2649,#2650,#2651,
#2652,#2653,#2654,#2655,#2656,#2657,#2658,#2659,#2660,#2661,#2662,#2663,
#2664,#2665,#2666,#2667,#2668,#2669,#2670,#2671,#2672,#2673,#2674,#2675,
#2676,#2677,#2678,#2679,#2680,#2681));
#2683=STYLED_ITEM('',(#2684),#3201);
#2684=PRESENTATION_STYLE_ASSIGNMENT((#2770));
#2685=PRESENTATION_STYLE_ASSIGNMENT((#2771));
#2686=PRESENTATION_STYLE_ASSIGNMENT((#2772));
#2687=PRESENTATION_STYLE_ASSIGNMENT((#2773));
#2688=PRESENTATION_STYLE_ASSIGNMENT((#2774));
#2689=PRESENTATION_STYLE_ASSIGNMENT((#2775));
#2690=PRESENTATION_STYLE_ASSIGNMENT((#2776));
#2691=PRESENTATION_STYLE_ASSIGNMENT((#2777));
#2692=PRESENTATION_STYLE_ASSIGNMENT((#2778));
#2693=PRESENTATION_STYLE_ASSIGNMENT((#2779));
#2694=PRESENTATION_STYLE_ASSIGNMENT((#2780));
#2695=PRESENTATION_STYLE_ASSIGNMENT((#2781));
#2696=PRESENTATION_STYLE_ASSIGNMENT((#2782));
#2697=PRESENTATION_STYLE_ASSIGNMENT((#2783));
#2698=PRESENTATION_STYLE_ASSIGNMENT((#2784));
#2699=PRESENTATION_STYLE_ASSIGNMENT((#2785));
#2700=PRESENTATION_STYLE_ASSIGNMENT((#2786));
#2701=PRESENTATION_STYLE_ASSIGNMENT((#2787));
#2702=PRESENTATION_STYLE_ASSIGNMENT((#2788));
#2703=PRESENTATION_STYLE_ASSIGNMENT((#2789));
#2704=PRESENTATION_STYLE_ASSIGNMENT((#2790));
#2705=PRESENTATION_STYLE_ASSIGNMENT((#2791));
#2706=PRESENTATION_STYLE_ASSIGNMENT((#2792));
#2707=PRESENTATION_STYLE_ASSIGNMENT((#2793));
#2708=PRESENTATION_STYLE_ASSIGNMENT((#2794));
#2709=PRESENTATION_STYLE_ASSIGNMENT((#2795));
#2710=PRESENTATION_STYLE_ASSIGNMENT((#2796));
#2711=PRESENTATION_STYLE_ASSIGNMENT((#2797));
#2712=PRESENTATION_STYLE_ASSIGNMENT((#2798));
#2713=PRESENTATION_STYLE_ASSIGNMENT((#2799));
#2714=PRESENTATION_STYLE_ASSIGNMENT((#2800));
#2715=PRESENTATION_STYLE_ASSIGNMENT((#2801));
#2716=PRESENTATION_STYLE_ASSIGNMENT((#2802));
#2717=PRESENTATION_STYLE_ASSIGNMENT((#2803));
#2718=PRESENTATION_STYLE_ASSIGNMENT((#2804));
#2719=PRESENTATION_STYLE_ASSIGNMENT((#2805));
#2720=PRESENTATION_STYLE_ASSIGNMENT((#2806));
#2721=PRESENTATION_STYLE_ASSIGNMENT((#2807));
#2722=PRESENTATION_STYLE_ASSIGNMENT((#2808));
#2723=PRESENTATION_STYLE_ASSIGNMENT((#2809));
#2724=PRESENTATION_STYLE_ASSIGNMENT((#2810));
#2725=PRESENTATION_STYLE_ASSIGNMENT((#2811));
#2726=PRESENTATION_STYLE_ASSIGNMENT((#2812));
#2727=PRESENTATION_STYLE_ASSIGNMENT((#2813));
#2728=PRESENTATION_STYLE_ASSIGNMENT((#2814));
#2729=PRESENTATION_STYLE_ASSIGNMENT((#2815));
#2730=PRESENTATION_STYLE_ASSIGNMENT((#2816));
#2731=PRESENTATION_STYLE_ASSIGNMENT((#2817));
#2732=PRESENTATION_STYLE_ASSIGNMENT((#2818));
#2733=PRESENTATION_STYLE_ASSIGNMENT((#2819));
#2734=PRESENTATION_STYLE_ASSIGNMENT((#2820));
#2735=PRESENTATION_STYLE_ASSIGNMENT((#2821));
#2736=PRESENTATION_STYLE_ASSIGNMENT((#2822));
#2737=PRESENTATION_STYLE_ASSIGNMENT((#2823));
#2738=PRESENTATION_STYLE_ASSIGNMENT((#2824));
#2739=PRESENTATION_STYLE_ASSIGNMENT((#2825));
#2740=PRESENTATION_STYLE_ASSIGNMENT((#2826));
#2741=PRESENTATION_STYLE_ASSIGNMENT((#2827));
#2742=PRESENTATION_STYLE_ASSIGNMENT((#2828));
#2743=PRESENTATION_STYLE_ASSIGNMENT((#2829));
#2744=PRESENTATION_STYLE_ASSIGNMENT((#2830));
#2745=PRESENTATION_STYLE_ASSIGNMENT((#2831));
#2746=PRESENTATION_STYLE_ASSIGNMENT((#2832));
#2747=PRESENTATION_STYLE_ASSIGNMENT((#2833));
#2748=PRESENTATION_STYLE_ASSIGNMENT((#2834));
#2749=PRESENTATION_STYLE_ASSIGNMENT((#2835));
#2750=PRESENTATION_STYLE_ASSIGNMENT((#2836));
#2751=PRESENTATION_STYLE_ASSIGNMENT((#2837));
#2752=PRESENTATION_STYLE_ASSIGNMENT((#2838));
#2753=PRESENTATION_STYLE_ASSIGNMENT((#2839));
#2754=PRESENTATION_STYLE_ASSIGNMENT((#2840));
#2755=PRESENTATION_STYLE_ASSIGNMENT((#2841));
#2756=PRESENTATION_STYLE_ASSIGNMENT((#2842));
#2757=PRESENTATION_STYLE_ASSIGNMENT((#2843));
#2758=PRESENTATION_STYLE_ASSIGNMENT((#2844));
#2759=PRESENTATION_STYLE_ASSIGNMENT((#2845));
#2760=PRESENTATION_STYLE_ASSIGNMENT((#2846));
#2761=PRESENTATION_STYLE_ASSIGNMENT((#2847));
#2762=PRESENTATION_STYLE_ASSIGNMENT((#2848));
#2763=PRESENTATION_STYLE_ASSIGNMENT((#2849));
#2764=PRESENTATION_STYLE_ASSIGNMENT((#2850));
#2765=PRESENTATION_STYLE_ASSIGNMENT((#2851));
#2766=PRESENTATION_STYLE_ASSIGNMENT((#2852));
#2767=PRESENTATION_STYLE_ASSIGNMENT((#2853));
#2768=PRESENTATION_STYLE_ASSIGNMENT((#2854));
#2769=PRESENTATION_STYLE_ASSIGNMENT((#2855));
#2770=SURFACE_STYLE_USAGE(.BOTH.,#2856);
#2771=SURFACE_STYLE_USAGE(.BOTH.,#2857);
#2772=SURFACE_STYLE_USAGE(.BOTH.,#2858);
#2773=SURFACE_STYLE_USAGE(.BOTH.,#2859);
#2774=SURFACE_STYLE_USAGE(.BOTH.,#2860);
#2775=SURFACE_STYLE_USAGE(.BOTH.,#2861);
#2776=SURFACE_STYLE_USAGE(.BOTH.,#2862);
#2777=SURFACE_STYLE_USAGE(.BOTH.,#2863);
#2778=SURFACE_STYLE_USAGE(.BOTH.,#2864);
#2779=SURFACE_STYLE_USAGE(.BOTH.,#2865);
#2780=SURFACE_STYLE_USAGE(.BOTH.,#2866);
#2781=SURFACE_STYLE_USAGE(.BOTH.,#2867);
#2782=SURFACE_STYLE_USAGE(.BOTH.,#2868);
#2783=SURFACE_STYLE_USAGE(.BOTH.,#2869);
#2784=SURFACE_STYLE_USAGE(.BOTH.,#2870);
#2785=SURFACE_STYLE_USAGE(.BOTH.,#2871);
#2786=SURFACE_STYLE_USAGE(.BOTH.,#2872);
#2787=SURFACE_STYLE_USAGE(.BOTH.,#2873);
#2788=SURFACE_STYLE_USAGE(.BOTH.,#2874);
#2789=SURFACE_STYLE_USAGE(.BOTH.,#2875);
#2790=SURFACE_STYLE_USAGE(.BOTH.,#2876);
#2791=SURFACE_STYLE_USAGE(.BOTH.,#2877);
#2792=SURFACE_STYLE_USAGE(.BOTH.,#2878);
#2793=SURFACE_STYLE_USAGE(.BOTH.,#2879);
#2794=SURFACE_STYLE_USAGE(.BOTH.,#2880);
#2795=SURFACE_STYLE_USAGE(.BOTH.,#2881);
#2796=SURFACE_STYLE_USAGE(.BOTH.,#2882);
#2797=SURFACE_STYLE_USAGE(.BOTH.,#2883);
#2798=SURFACE_STYLE_USAGE(.BOTH.,#2884);
#2799=SURFACE_STYLE_USAGE(.BOTH.,#2885);
#2800=SURFACE_STYLE_USAGE(.BOTH.,#2886);
#2801=SURFACE_STYLE_USAGE(.BOTH.,#2887);
#2802=SURFACE_STYLE_USAGE(.BOTH.,#2888);
#2803=SURFACE_STYLE_USAGE(.BOTH.,#2889);
#2804=SURFACE_STYLE_USAGE(.BOTH.,#2890);
#2805=SURFACE_STYLE_USAGE(.BOTH.,#2891);
#2806=SURFACE_STYLE_USAGE(.BOTH.,#2892);
#2807=SURFACE_STYLE_USAGE(.BOTH.,#2893);
#2808=SURFACE_STYLE_USAGE(.BOTH.,#2894);
#2809=SURFACE_STYLE_USAGE(.BOTH.,#2895);
#2810=SURFACE_STYLE_USAGE(.BOTH.,#2896);
#2811=SURFACE_STYLE_USAGE(.BOTH.,#2897);
#2812=SURFACE_STYLE_USAGE(.BOTH.,#2898);
#2813=SURFACE_STYLE_USAGE(.BOTH.,#2899);
#2814=SURFACE_STYLE_USAGE(.BOTH.,#2900);
#2815=SURFACE_STYLE_USAGE(.BOTH.,#2901);
#2816=SURFACE_STYLE_USAGE(.BOTH.,#2902);
#2817=SURFACE_STYLE_USAGE(.BOTH.,#2903);
#2818=SURFACE_STYLE_USAGE(.BOTH.,#2904);
#2819=SURFACE_STYLE_USAGE(.BOTH.,#2905);
#2820=SURFACE_STYLE_USAGE(.BOTH.,#2906);
#2821=SURFACE_STYLE_USAGE(.BOTH.,#2907);
#2822=SURFACE_STYLE_USAGE(.BOTH.,#2908);
#2823=SURFACE_STYLE_USAGE(.BOTH.,#2909);
#2824=SURFACE_STYLE_USAGE(.BOTH.,#2910);
#2825=SURFACE_STYLE_USAGE(.BOTH.,#2911);
#2826=SURFACE_STYLE_USAGE(.BOTH.,#2912);
#2827=SURFACE_STYLE_USAGE(.BOTH.,#2913);
#2828=SURFACE_STYLE_USAGE(.BOTH.,#2914);
#2829=SURFACE_STYLE_USAGE(.BOTH.,#2915);
#2830=SURFACE_STYLE_USAGE(.BOTH.,#2916);
#2831=SURFACE_STYLE_USAGE(.BOTH.,#2917);
#2832=SURFACE_STYLE_USAGE(.BOTH.,#2918);
#2833=SURFACE_STYLE_USAGE(.BOTH.,#2919);
#2834=SURFACE_STYLE_USAGE(.BOTH.,#2920);
#2835=SURFACE_STYLE_USAGE(.BOTH.,#2921);
#2836=SURFACE_STYLE_USAGE(.BOTH.,#2922);
#2837=SURFACE_STYLE_USAGE(.BOTH.,#2923);
#2838=SURFACE_STYLE_USAGE(.BOTH.,#2924);
#2839=SURFACE_STYLE_USAGE(.BOTH.,#2925);
#2840=SURFACE_STYLE_USAGE(.BOTH.,#2926);
#2841=SURFACE_STYLE_USAGE(.BOTH.,#2927);
#2842=SURFACE_STYLE_USAGE(.BOTH.,#2928);
#2843=SURFACE_STYLE_USAGE(.BOTH.,#2929);
#2844=SURFACE_STYLE_USAGE(.BOTH.,#2930);
#2845=SURFACE_STYLE_USAGE(.BOTH.,#2931);
#2846=SURFACE_STYLE_USAGE(.BOTH.,#2932);
#2847=SURFACE_STYLE_USAGE(.BOTH.,#2933);
#2848=SURFACE_STYLE_USAGE(.BOTH.,#2934);
#2849=SURFACE_STYLE_USAGE(.BOTH.,#2935);
#2850=SURFACE_STYLE_USAGE(.BOTH.,#2936);
#2851=SURFACE_STYLE_USAGE(.BOTH.,#2937);
#2852=SURFACE_STYLE_USAGE(.BOTH.,#2938);
#2853=SURFACE_STYLE_USAGE(.BOTH.,#2939);
#2854=SURFACE_STYLE_USAGE(.BOTH.,#2940);
#2855=SURFACE_STYLE_USAGE(.BOTH.,#2941);
#2856=SURFACE_SIDE_STYLE('',(#2942));
#2857=SURFACE_SIDE_STYLE('',(#2943));
#2858=SURFACE_SIDE_STYLE('',(#2944));
#2859=SURFACE_SIDE_STYLE('',(#2945));
#2860=SURFACE_SIDE_STYLE('',(#2946));
#2861=SURFACE_SIDE_STYLE('',(#2947));
#2862=SURFACE_SIDE_STYLE('',(#2948));
#2863=SURFACE_SIDE_STYLE('',(#2949));
#2864=SURFACE_SIDE_STYLE('',(#2950));
#2865=SURFACE_SIDE_STYLE('',(#2951));
#2866=SURFACE_SIDE_STYLE('',(#2952));
#2867=SURFACE_SIDE_STYLE('',(#2953));
#2868=SURFACE_SIDE_STYLE('',(#2954));
#2869=SURFACE_SIDE_STYLE('',(#2955));
#2870=SURFACE_SIDE_STYLE('',(#2956));
#2871=SURFACE_SIDE_STYLE('',(#2957));
#2872=SURFACE_SIDE_STYLE('',(#2958));
#2873=SURFACE_SIDE_STYLE('',(#2959));
#2874=SURFACE_SIDE_STYLE('',(#2960));
#2875=SURFACE_SIDE_STYLE('',(#2961));
#2876=SURFACE_SIDE_STYLE('',(#2962));
#2877=SURFACE_SIDE_STYLE('',(#2963));
#2878=SURFACE_SIDE_STYLE('',(#2964));
#2879=SURFACE_SIDE_STYLE('',(#2965));
#2880=SURFACE_SIDE_STYLE('',(#2966));
#2881=SURFACE_SIDE_STYLE('',(#2967));
#2882=SURFACE_SIDE_STYLE('',(#2968));
#2883=SURFACE_SIDE_STYLE('',(#2969));
#2884=SURFACE_SIDE_STYLE('',(#2970));
#2885=SURFACE_SIDE_STYLE('',(#2971));
#2886=SURFACE_SIDE_STYLE('',(#2972));
#2887=SURFACE_SIDE_STYLE('',(#2973));
#2888=SURFACE_SIDE_STYLE('',(#2974));
#2889=SURFACE_SIDE_STYLE('',(#2975));
#2890=SURFACE_SIDE_STYLE('',(#2976));
#2891=SURFACE_SIDE_STYLE('',(#2977));
#2892=SURFACE_SIDE_STYLE('',(#2978));
#2893=SURFACE_SIDE_STYLE('',(#2979));
#2894=SURFACE_SIDE_STYLE('',(#2980));
#2895=SURFACE_SIDE_STYLE('',(#2981));
#2896=SURFACE_SIDE_STYLE('',(#2982));
#2897=SURFACE_SIDE_STYLE('',(#2983));
#2898=SURFACE_SIDE_STYLE('',(#2984));
#2899=SURFACE_SIDE_STYLE('',(#2985));
#2900=SURFACE_SIDE_STYLE('',(#2986));
#2901=SURFACE_SIDE_STYLE('',(#2987));
#2902=SURFACE_SIDE_STYLE('',(#2988));
#2903=SURFACE_SIDE_STYLE('',(#2989));
#2904=SURFACE_SIDE_STYLE('',(#2990));
#2905=SURFACE_SIDE_STYLE('',(#2991));
#2906=SURFACE_SIDE_STYLE('',(#2992));
#2907=SURFACE_SIDE_STYLE('',(#2993));
#2908=SURFACE_SIDE_STYLE('',(#2994));
#2909=SURFACE_SIDE_STYLE('',(#2995));
#2910=SURFACE_SIDE_STYLE('',(#2996));
#2911=SURFACE_SIDE_STYLE('',(#2997));
#2912=SURFACE_SIDE_STYLE('',(#2998));
#2913=SURFACE_SIDE_STYLE('',(#2999));
#2914=SURFACE_SIDE_STYLE('',(#3000));
#2915=SURFACE_SIDE_STYLE('',(#3001));
#2916=SURFACE_SIDE_STYLE('',(#3002));
#2917=SURFACE_SIDE_STYLE('',(#3003));
#2918=SURFACE_SIDE_STYLE('',(#3004));
#2919=SURFACE_SIDE_STYLE('',(#3005));
#2920=SURFACE_SIDE_STYLE('',(#3006));
#2921=SURFACE_SIDE_STYLE('',(#3007));
#2922=SURFACE_SIDE_STYLE('',(#3008));
#2923=SURFACE_SIDE_STYLE('',(#3009));
#2924=SURFACE_SIDE_STYLE('',(#3010));
#2925=SURFACE_SIDE_STYLE('',(#3011));
#2926=SURFACE_SIDE_STYLE('',(#3012));
#2927=SURFACE_SIDE_STYLE('',(#3013));
#2928=SURFACE_SIDE_STYLE('',(#3014));
#2929=SURFACE_SIDE_STYLE('',(#3015));
#2930=SURFACE_SIDE_STYLE('',(#3016));
#2931=SURFACE_SIDE_STYLE('',(#3017));
#2932=SURFACE_SIDE_STYLE('',(#3018));
#2933=SURFACE_SIDE_STYLE('',(#3019));
#2934=SURFACE_SIDE_STYLE('',(#3020));
#2935=SURFACE_SIDE_STYLE('',(#3021));
#2936=SURFACE_SIDE_STYLE('',(#3022));
#2937=SURFACE_SIDE_STYLE('',(#3023));
#2938=SURFACE_SIDE_STYLE('',(#3024));
#2939=SURFACE_SIDE_STYLE('',(#3025));
#2940=SURFACE_SIDE_STYLE('',(#3026));
#2941=SURFACE_SIDE_STYLE('',(#3027));
#2942=SURFACE_STYLE_FILL_AREA(#3028);
#2943=SURFACE_STYLE_FILL_AREA(#3029);
#2944=SURFACE_STYLE_FILL_AREA(#3030);
#2945=SURFACE_STYLE_FILL_AREA(#3031);
#2946=SURFACE_STYLE_FILL_AREA(#3032);
#2947=SURFACE_STYLE_FILL_AREA(#3033);
#2948=SURFACE_STYLE_FILL_AREA(#3034);
#2949=SURFACE_STYLE_FILL_AREA(#3035);
#2950=SURFACE_STYLE_FILL_AREA(#3036);
#2951=SURFACE_STYLE_FILL_AREA(#3037);
#2952=SURFACE_STYLE_FILL_AREA(#3038);
#2953=SURFACE_STYLE_FILL_AREA(#3039);
#2954=SURFACE_STYLE_FILL_AREA(#3040);
#2955=SURFACE_STYLE_FILL_AREA(#3041);
#2956=SURFACE_STYLE_FILL_AREA(#3042);
#2957=SURFACE_STYLE_FILL_AREA(#3043);
#2958=SURFACE_STYLE_FILL_AREA(#3044);
#2959=SURFACE_STYLE_FILL_AREA(#3045);
#2960=SURFACE_STYLE_FILL_AREA(#3046);
#2961=SURFACE_STYLE_FILL_AREA(#3047);
#2962=SURFACE_STYLE_FILL_AREA(#3048);
#2963=SURFACE_STYLE_FILL_AREA(#3049);
#2964=SURFACE_STYLE_FILL_AREA(#3050);
#2965=SURFACE_STYLE_FILL_AREA(#3051);
#2966=SURFACE_STYLE_FILL_AREA(#3052);
#2967=SURFACE_STYLE_FILL_AREA(#3053);
#2968=SURFACE_STYLE_FILL_AREA(#3054);
#2969=SURFACE_STYLE_FILL_AREA(#3055);
#2970=SURFACE_STYLE_FILL_AREA(#3056);
#2971=SURFACE_STYLE_FILL_AREA(#3057);
#2972=SURFACE_STYLE_FILL_AREA(#3058);
#2973=SURFACE_STYLE_FILL_AREA(#3059);
#2974=SURFACE_STYLE_FILL_AREA(#3060);
#2975=SURFACE_STYLE_FILL_AREA(#3061);
#2976=SURFACE_STYLE_FILL_AREA(#3062);
#2977=SURFACE_STYLE_FILL_AREA(#3063);
#2978=SURFACE_STYLE_FILL_AREA(#3064);
#2979=SURFACE_STYLE_FILL_AREA(#3065);
#2980=SURFACE_STYLE_FILL_AREA(#3066);
#2981=SURFACE_STYLE_FILL_AREA(#3067);
#2982=SURFACE_STYLE_FILL_AREA(#3068);
#2983=SURFACE_STYLE_FILL_AREA(#3069);
#2984=SURFACE_STYLE_FILL_AREA(#3070);
#2985=SURFACE_STYLE_FILL_AREA(#3071);
#2986=SURFACE_STYLE_FILL_AREA(#3072);
#2987=SURFACE_STYLE_FILL_AREA(#3073);
#2988=SURFACE_STYLE_FILL_AREA(#3074);
#2989=SURFACE_STYLE_FILL_AREA(#3075);
#2990=SURFACE_STYLE_FILL_AREA(#3076);
#2991=SURFACE_STYLE_FILL_AREA(#3077);
#2992=SURFACE_STYLE_FILL_AREA(#3078);
#2993=SURFACE_STYLE_FILL_AREA(#3079);
#2994=SURFACE_STYLE_FILL_AREA(#3080);
#2995=SURFACE_STYLE_FILL_AREA(#3081);
#2996=SURFACE_STYLE_FILL_AREA(#3082);
#2997=SURFACE_STYLE_FILL_AREA(#3083);
#2998=SURFACE_STYLE_FILL_AREA(#3084);
#2999=SURFACE_STYLE_FILL_AREA(#3085);
#3000=SURFACE_STYLE_FILL_AREA(#3086);
#3001=SURFACE_STYLE_FILL_AREA(#3087);
#3002=SURFACE_STYLE_FILL_AREA(#3088);
#3003=SURFACE_STYLE_FILL_AREA(#3089);
#3004=SURFACE_STYLE_FILL_AREA(#3090);
#3005=SURFACE_STYLE_FILL_AREA(#3091);
#3006=SURFACE_STYLE_FILL_AREA(#3092);
#3007=SURFACE_STYLE_FILL_AREA(#3093);
#3008=SURFACE_STYLE_FILL_AREA(#3094);
#3009=SURFACE_STYLE_FILL_AREA(#3095);
#3010=SURFACE_STYLE_FILL_AREA(#3096);
#3011=SURFACE_STYLE_FILL_AREA(#3097);
#3012=SURFACE_STYLE_FILL_AREA(#3098);
#3013=SURFACE_STYLE_FILL_AREA(#3099);
#3014=SURFACE_STYLE_FILL_AREA(#3100);
#3015=SURFACE_STYLE_FILL_AREA(#3101);
#3016=SURFACE_STYLE_FILL_AREA(#3102);
#3017=SURFACE_STYLE_FILL_AREA(#3103);
#3018=SURFACE_STYLE_FILL_AREA(#3104);
#3019=SURFACE_STYLE_FILL_AREA(#3105);
#3020=SURFACE_STYLE_FILL_AREA(#3106);
#3021=SURFACE_STYLE_FILL_AREA(#3107);
#3022=SURFACE_STYLE_FILL_AREA(#3108);
#3023=SURFACE_STYLE_FILL_AREA(#3109);
#3024=SURFACE_STYLE_FILL_AREA(#3110);
#3025=SURFACE_STYLE_FILL_AREA(#3111);
#3026=SURFACE_STYLE_FILL_AREA(#3112);
#3027=SURFACE_STYLE_FILL_AREA(#3113);
#3028=FILL_AREA_STYLE('',(#3114));
#3029=FILL_AREA_STYLE('',(#3115));
#3030=FILL_AREA_STYLE('',(#3116));
#3031=FILL_AREA_STYLE('',(#3117));
#3032=FILL_AREA_STYLE('',(#3118));
#3033=FILL_AREA_STYLE('',(#3119));
#3034=FILL_AREA_STYLE('',(#3120));
#3035=FILL_AREA_STYLE('',(#3121));
#3036=FILL_AREA_STYLE('',(#3122));
#3037=FILL_AREA_STYLE('',(#3123));
#3038=FILL_AREA_STYLE('',(#3124));
#3039=FILL_AREA_STYLE('',(#3125));
#3040=FILL_AREA_STYLE('',(#3126));
#3041=FILL_AREA_STYLE('',(#3127));
#3042=FILL_AREA_STYLE('',(#3128));
#3043=FILL_AREA_STYLE('',(#3129));
#3044=FILL_AREA_STYLE('',(#3130));
#3045=FILL_AREA_STYLE('',(#3131));
#3046=FILL_AREA_STYLE('',(#3132));
#3047=FILL_AREA_STYLE('',(#3133));
#3048=FILL_AREA_STYLE('',(#3134));
#3049=FILL_AREA_STYLE('',(#3135));
#3050=FILL_AREA_STYLE('',(#3136));
#3051=FILL_AREA_STYLE('',(#3137));
#3052=FILL_AREA_STYLE('',(#3138));
#3053=FILL_AREA_STYLE('',(#3139));
#3054=FILL_AREA_STYLE('',(#3140));
#3055=FILL_AREA_STYLE('',(#3141));
#3056=FILL_AREA_STYLE('',(#3142));
#3057=FILL_AREA_STYLE('',(#3143));
#3058=FILL_AREA_STYLE('',(#3144));
#3059=FILL_AREA_STYLE('',(#3145));
#3060=FILL_AREA_STYLE('',(#3146));
#3061=FILL_AREA_STYLE('',(#3147));
#3062=FILL_AREA_STYLE('',(#3148));
#3063=FILL_AREA_STYLE('',(#3149));
#3064=FILL_AREA_STYLE('',(#3150));
#3065=FILL_AREA_STYLE('',(#3151));
#3066=FILL_AREA_STYLE('',(#3152));
#3067=FILL_AREA_STYLE('',(#3153));
#3068=FILL_AREA_STYLE('',(#3154));
#3069=FILL_AREA_STYLE('',(#3155));
#3070=FILL_AREA_STYLE('',(#3156));
#3071=FILL_AREA_STYLE('',(#3157));
#3072=FILL_AREA_STYLE('',(#3158));
#3073=FILL_AREA_STYLE('',(#3159));
#3074=FILL_AREA_STYLE('',(#3160));
#3075=FILL_AREA_STYLE('',(#3161));
#3076=FILL_AREA_STYLE('',(#3162));
#3077=FILL_AREA_STYLE('',(#3163));
#3078=FILL_AREA_STYLE('',(#3164));
#3079=FILL_AREA_STYLE('',(#3165));
#3080=FILL_AREA_STYLE('',(#3166));
#3081=FILL_AREA_STYLE('',(#3167));
#3082=FILL_AREA_STYLE('',(#3168));
#3083=FILL_AREA_STYLE('',(#3169));
#3084=FILL_AREA_STYLE('',(#3170));
#3085=FILL_AREA_STYLE('',(#3171));
#3086=FILL_AREA_STYLE('',(#3172));
#3087=FILL_AREA_STYLE('',(#3173));
#3088=FILL_AREA_STYLE('',(#3174));
#3089=FILL_AREA_STYLE('',(#3175));
#3090=FILL_AREA_STYLE('',(#3176));
#3091=FILL_AREA_STYLE('',(#3177));
#3092=FILL_AREA_STYLE('',(#3178));
#3093=FILL_AREA_STYLE('',(#3179));
#3094=FILL_AREA_STYLE('',(#3180));
#3095=FILL_AREA_STYLE('',(#3181));
#3096=FILL_AREA_STYLE('',(#3182));
#3097=FILL_AREA_STYLE('',(#3183));
#3098=FILL_AREA_STYLE('',(#3184));
#3099=FILL_AREA_STYLE('',(#3185));
#3100=FILL_AREA_STYLE('',(#3186));
#3101=FILL_AREA_STYLE('',(#3187));
#3102=FILL_AREA_STYLE('',(#3188));
#3103=FILL_AREA_STYLE('',(#3189));
#3104=FILL_AREA_STYLE('',(#3190));
#3105=FILL_AREA_STYLE('',(#3191));
#3106=FILL_AREA_STYLE('',(#3192));
#3107=FILL_AREA_STYLE('',(#3193));
#3108=FILL_AREA_STYLE('',(#3194));
#3109=FILL_AREA_STYLE('',(#3195));
#3110=FILL_AREA_STYLE('',(#3196));
#3111=FILL_AREA_STYLE('',(#3197));
#3112=FILL_AREA_STYLE('',(#3198));
#3113=FILL_AREA_STYLE('',(#3199));
#3114=FILL_AREA_STYLE_COLOUR('',#3200);
#3115=FILL_AREA_STYLE_COLOUR('',#143);
#3116=FILL_AREA_STYLE_COLOUR('',#143);
#3117=FILL_AREA_STYLE_COLOUR('',#143);
#3118=FILL_AREA_STYLE_COLOUR('',#143);
#3119=FILL_AREA_STYLE_COLOUR('',#143);
#3120=FILL_AREA_STYLE_COLOUR('',#143);
#3121=FILL_AREA_STYLE_COLOUR('',#143);
#3122=FILL_AREA_STYLE_COLOUR('',#143);
#3123=FILL_AREA_STYLE_COLOUR('',#143);
#3124=FILL_AREA_STYLE_COLOUR('',#143);
#3125=FILL_AREA_STYLE_COLOUR('',#143);
#3126=FILL_AREA_STYLE_COLOUR('',#143);
#3127=FILL_AREA_STYLE_COLOUR('',#143);
#3128=FILL_AREA_STYLE_COLOUR('',#143);
#3129=FILL_AREA_STYLE_COLOUR('',#143);
#3130=FILL_AREA_STYLE_COLOUR('',#143);
#3131=FILL_AREA_STYLE_COLOUR('',#143);
#3132=FILL_AREA_STYLE_COLOUR('',#143);
#3133=FILL_AREA_STYLE_COLOUR('',#143);
#3134=FILL_AREA_STYLE_COLOUR('',#143);
#3135=FILL_AREA_STYLE_COLOUR('',#143);
#3136=FILL_AREA_STYLE_COLOUR('',#143);
#3137=FILL_AREA_STYLE_COLOUR('',#143);
#3138=FILL_AREA_STYLE_COLOUR('',#143);
#3139=FILL_AREA_STYLE_COLOUR('',#143);
#3140=FILL_AREA_STYLE_COLOUR('',#143);
#3141=FILL_AREA_STYLE_COLOUR('',#143);
#3142=FILL_AREA_STYLE_COLOUR('',#143);
#3143=FILL_AREA_STYLE_COLOUR('',#143);
#3144=FILL_AREA_STYLE_COLOUR('',#143);
#3145=FILL_AREA_STYLE_COLOUR('',#143);
#3146=FILL_AREA_STYLE_COLOUR('',#143);
#3147=FILL_AREA_STYLE_COLOUR('',#143);
#3148=FILL_AREA_STYLE_COLOUR('',#143);
#3149=FILL_AREA_STYLE_COLOUR('',#143);
#3150=FILL_AREA_STYLE_COLOUR('',#143);
#3151=FILL_AREA_STYLE_COLOUR('',#143);
#3152=FILL_AREA_STYLE_COLOUR('',#143);
#3153=FILL_AREA_STYLE_COLOUR('',#143);
#3154=FILL_AREA_STYLE_COLOUR('',#143);
#3155=FILL_AREA_STYLE_COLOUR('',#143);
#3156=FILL_AREA_STYLE_COLOUR('',#143);
#3157=FILL_AREA_STYLE_COLOUR('',#143);
#3158=FILL_AREA_STYLE_COLOUR('',#143);
#3159=FILL_AREA_STYLE_COLOUR('',#143);
#3160=FILL_AREA_STYLE_COLOUR('',#143);
#3161=FILL_AREA_STYLE_COLOUR('',#143);
#3162=FILL_AREA_STYLE_COLOUR('',#143);
#3163=FILL_AREA_STYLE_COLOUR('',#143);
#3164=FILL_AREA_STYLE_COLOUR('',#143);
#3165=FILL_AREA_STYLE_COLOUR('',#143);
#3166=FILL_AREA_STYLE_COLOUR('',#143);
#3167=FILL_AREA_STYLE_COLOUR('',#143);
#3168=FILL_AREA_STYLE_COLOUR('',#143);
#3169=FILL_AREA_STYLE_COLOUR('',#143);
#3170=FILL_AREA_STYLE_COLOUR('',#143);
#3171=FILL_AREA_STYLE_COLOUR('',#143);
#3172=FILL_AREA_STYLE_COLOUR('',#143);
#3173=FILL_AREA_STYLE_COLOUR('',#143);
#3174=FILL_AREA_STYLE_COLOUR('',#143);
#3175=FILL_AREA_STYLE_COLOUR('',#143);
#3176=FILL_AREA_STYLE_COLOUR('',#143);
#3177=FILL_AREA_STYLE_COLOUR('',#143);
#3178=FILL_AREA_STYLE_COLOUR('',#143);
#3179=FILL_AREA_STYLE_COLOUR('',#143);
#3180=FILL_AREA_STYLE_COLOUR('',#143);
#3181=FILL_AREA_STYLE_COLOUR('',#143);
#3182=FILL_AREA_STYLE_COLOUR('',#143);
#3183=FILL_AREA_STYLE_COLOUR('',#143);
#3184=FILL_AREA_STYLE_COLOUR('',#143);
#3185=FILL_AREA_STYLE_COLOUR('',#143);
#3186=FILL_AREA_STYLE_COLOUR('',#143);
#3187=FILL_AREA_STYLE_COLOUR('',#143);
#3188=FILL_AREA_STYLE_COLOUR('',#143);
#3189=FILL_AREA_STYLE_COLOUR('',#143);
#3190=FILL_AREA_STYLE_COLOUR('',#143);
#3191=FILL_AREA_STYLE_COLOUR('',#143);
#3192=FILL_AREA_STYLE_COLOUR('',#143);
#3193=FILL_AREA_STYLE_COLOUR('',#143);
#3194=FILL_AREA_STYLE_COLOUR('',#143);
#3195=FILL_AREA_STYLE_COLOUR('',#143);
#3196=FILL_AREA_STYLE_COLOUR('',#143);
#3197=FILL_AREA_STYLE_COLOUR('',#143);
#3198=FILL_AREA_STYLE_COLOUR('',#143);
#3199=FILL_AREA_STYLE_COLOUR('',#143);
#3200=COLOUR_RGB('',0.866666666666667,0.866666666666667,0.890196078431373);
#3201=MANIFOLD_SOLID_BREP('unitree_g1',#2682);
#3202=SHAPE_DEFINITION_REPRESENTATION(#6368,#3203);
#3203=SHAPE_REPRESENTATION('unitree_g1',(#3204),#6363);
#3204=AXIS2_PLACEMENT_3D('',#4193,#3487,#3488);
#3205=AXIS2_PLACEMENT_3D('',#4194,#3489,#3490);
#3206=AXIS2_PLACEMENT_3D('',#4208,#3495,#3496);
#3207=AXIS2_PLACEMENT_3D('',#4222,#3501,#3502);
#3208=AXIS2_PLACEMENT_3D('',#4231,#3507,#3508);
#3209=AXIS2_PLACEMENT_3D('',#4235,#3510,#3511);
#3210=AXIS2_PLACEMENT_3D('',#4236,#3512,#3513);
#3211=AXIS2_PLACEMENT_3D('',#4237,#3514,#3515);
#3212=AXIS2_PLACEMENT_3D('',#4241,#3517,#3518);
#3213=AXIS2_PLACEMENT_3D('',#4242,#3519,#3520);
#3214=AXIS2_PLACEMENT_3D('',#4243,#3521,#3522);
#3215=AXIS2_PLACEMENT_3D('',#4247,#3524,#3525);
#3216=AXIS2_PLACEMENT_3D('',#4248,#3526,#3527);
#3217=AXIS2_PLACEMENT_3D('',#4249,#3528,#3529);
#3218=AXIS2_PLACEMENT_3D('',#4253,#3531,#3532);
#3219=AXIS2_PLACEMENT_3D('',#4254,#3533,#3534);
#3220=AXIS2_PLACEMENT_3D('',#4255,#3535,#3536);
#3221=AXIS2_PLACEMENT_3D('',#4259,#3538,#3539);
#3222=AXIS2_PLACEMENT_3D('',#4260,#3540,#3541);
#3223=AXIS2_PLACEMENT_3D('',#4261,#3542,#3543);
#3224=AXIS2_PLACEMENT_3D('',#4265,#3545,#3546);
#3225=AXIS2_PLACEMENT_3D('',#4266,#3547,#3548);
#3226=AXIS2_PLACEMENT_3D('',#4267,#3549,#3550);
#3227=AXIS2_PLACEMENT_3D('',#4270,#3553,#3554);
#3228=AXIS2_PLACEMENT_3D('',#4279,#3559,#3560);
#3229=AXIS2_PLACEMENT_3D('',#4286,#3562,#3563);
#3230=AXIS2_PLACEMENT_3D('',#4294,#3566,#3567);
#3231=AXIS2_PLACEMENT_3D('',#4298,#3569,#3570);
#3232=AXIS2_PLACEMENT_3D('',#4299,#3571,#3572);
#3233=AXIS2_PLACEMENT_3D('',#4300,#3573,#3574);
#3234=AXIS2_PLACEMENT_3D('',#4301,#3575,#3576);
#3235=AXIS2_PLACEMENT_3D('',#4305,#3578,#3579);
#3236=AXIS2_PLACEMENT_3D('',#4306,#3580,#3581);
#3237=AXIS2_PLACEMENT_3D('',#4310,#3583,#3584);
#3238=AXIS2_PLACEMENT_3D('',#4311,#3585,#3586);
#3239=AXIS2_PLACEMENT_3D('',#4312,#3587,#3588);
#3240=AXIS2_PLACEMENT_3D('',#4316,#3590,#3591);
#3241=AXIS2_PLACEMENT_3D('',#4317,#3592,#3593);
#3242=AXIS2_PLACEMENT_3D('',#4318,#3594,#3595);
#3243=AXIS2_PLACEMENT_3D('',#4322,#3597,#3598);
#3244=AXIS2_PLACEMENT_3D('',#4323,#3599,#3600);
#3245=AXIS2_PLACEMENT_3D('',#4324,#3601,#3602);
#3246=AXIS2_PLACEMENT_3D('',#4328,#3604,#3605);
#3247=AXIS2_PLACEMENT_3D('',#4329,#3606,#3607);
#3248=AXIS2_PLACEMENT_3D('',#4330,#3608,#3609);
#3249=AXIS2_PLACEMENT_3D('',#4336,#3613,#3614);
#3250=AXIS2_PLACEMENT_3D('',#4342,#3618,#3619);
#3251=AXIS2_PLACEMENT_3D('',#4346,#3621,#3622);
#3252=AXIS2_PLACEMENT_3D('',#4347,#3623,#3624);
#3253=AXIS2_PLACEMENT_3D('',#4348,#3625,#3626);
#3254=AXIS2_PLACEMENT_3D('',#4352,#3628,#3629);
#3255=AXIS2_PLACEMENT_3D('',#4353,#3630,#3631);
#3256=AXIS2_PLACEMENT_3D('',#4354,#3632,#3633);
#3257=AXIS2_PLACEMENT_3D('',#4358,#3635,#3636);
#3258=AXIS2_PLACEMENT_3D('',#4359,#3637,#3638);
#3259=AXIS2_PLACEMENT_3D('',#4360,#3639,#3640);
#3260=AXIS2_PLACEMENT_3D('',#4364,#3642,#3643);
#3261=AXIS2_PLACEMENT_3D('',#4365,#3644,#3645);
#3262=AXIS2_PLACEMENT_3D('',#4366,#3646,#3647);
#3263=AXIS2_PLACEMENT_3D('',#4372,#3648,#3649);
#3264=AXIS2_PLACEMENT_3D('',#4373,#3650,#3651);
#3265=AXIS2_PLACEMENT_3D('',#4374,#3652,#3653);
#3266=AXIS2_PLACEMENT_3D('',#4381,#3654,#3655);
#3267=AXIS2_PLACEMENT_3D('',#4382,#3656,#3657);
#3268=AXIS2_PLACEMENT_3D('',#4383,#3658,#3659);
#3269=AXIS2_PLACEMENT_3D('',#4388,#3663,#3664);
#3270=AXIS2_PLACEMENT_3D('',#4390,#3666,#3667);
#3271=AXIS2_PLACEMENT_3D('',#4396,#3671,#3672);
#3272=AXIS2_PLACEMENT_3D('',#4397,#3673,#3674);
#3273=AXIS2_PLACEMENT_3D('',#4400,#3676,#3677);
#3274=AXIS2_PLACEMENT_3D('',#4401,#3678,#3679);
#3275=AXIS2_PLACEMENT_3D('',#4404,#3681,#3682);
#3276=AXIS2_PLACEMENT_3D('',#4405,#3683,#3684);
#3277=AXIS2_PLACEMENT_3D('',#4408,#3686,#3687);
#3278=AXIS2_PLACEMENT_3D('',#4409,#3688,#3689);
#3279=AXIS2_PLACEMENT_3D('',#4412,#3691,#3692);
#3280=AXIS2_PLACEMENT_3D('',#4415,#3695,#3696);
#3281=AXIS2_PLACEMENT_3D('',#4418,#3699,#3700);
#3282=AXIS2_PLACEMENT_3D('',#4421,#3703,#3704);
#3283=AXIS2_PLACEMENT_3D('',#4424,#3707,#3708);
#3284=AXIS2_PLACEMENT_3D('',#4426,#3710,#3711);
#3285=AXIS2_PLACEMENT_3D('',#4427,#3712,#3713);
#3286=AXIS2_PLACEMENT_3D('',#4428,#3714,#3715);
#3287=AXIS2_PLACEMENT_3D('',#4430,#3716,#3717);
#3288=AXIS2_PLACEMENT_3D('',#4432,#3719,#3720);
#3289=AXIS2_PLACEMENT_3D('',#4433,#3721,#3722);
#3290=AXIS2_PLACEMENT_3D('',#4434,#3723,#3724);
#3291=AXIS2_PLACEMENT_3D('',#4436,#3725,#3726);
#3292=AXIS2_PLACEMENT_3D('',#4437,#3727,#3728);
#3293=AXIS2_PLACEMENT_3D('',#4438,#3729,#3730);
#3294=AXIS2_PLACEMENT_3D('',#4439,#3731,#3732);
#3295=AXIS2_PLACEMENT_3D('',#4444,#3734,#3735);
#3296=AXIS2_PLACEMENT_3D('',#4447,#3737,#3738);
#3297=AXIS2_PLACEMENT_3D('',#4448,#3739,#3740);
#3298=AXIS2_PLACEMENT_3D('',#4453,#3742,#3743);
#3299=AXIS2_PLACEMENT_3D('',#4456,#3745,#3746);
#3300=AXIS2_PLACEMENT_3D('',#4496,#3751,#3752);
#3301=AXIS2_PLACEMENT_3D('',#4499,#3755,#3756);
#3302=AXIS2_PLACEMENT_3D('',#4537,#3761,#3762);
#3303=AXIS2_PLACEMENT_3D('',#4538,#3763,#3764);
#3304=AXIS2_PLACEMENT_3D('',#4539,#3765,#3766);
#3305=AXIS2_PLACEMENT_3D('',#4540,#3767,#3768);
#3306=AXIS2_PLACEMENT_3D('',#4545,#3770,#3771);
#3307=AXIS2_PLACEMENT_3D('',#4548,#3773,#3774);
#3308=AXIS2_PLACEMENT_3D('',#4549,#3775,#3776);
#3309=AXIS2_PLACEMENT_3D('',#4554,#3778,#3779);
#3310=AXIS2_PLACEMENT_3D('',#4557,#3781,#3782);
#3311=AXIS2_PLACEMENT_3D('',#4560,#3785,#3786);
#3312=AXIS2_PLACEMENT_3D('',#4561,#3787,#3788);
#3313=AXIS2_PLACEMENT_3D('',#4569,#3792,#3793);
#3314=AXIS2_PLACEMENT_3D('',#4573,#3795,#3796);
#3315=AXIS2_PLACEMENT_3D('',#4574,#3797,#3798);
#3316=AXIS2_PLACEMENT_3D('',#4575,#3799,#3800);
#3317=AXIS2_PLACEMENT_3D('',#4579,#3802,#3803);
#3318=AXIS2_PLACEMENT_3D('',#4580,#3804,#3805);
#3319=AXIS2_PLACEMENT_3D('',#4581,#3806,#3807);
#3320=AXIS2_PLACEMENT_3D('',#4585,#3809,#3810);
#3321=AXIS2_PLACEMENT_3D('',#4586,#3811,#3812);
#3322=AXIS2_PLACEMENT_3D('',#4587,#3813,#3814);
#3323=AXIS2_PLACEMENT_3D('',#4588,#3815,#3816);
#3324=AXIS2_PLACEMENT_3D('',#4593,#3819,#3820);
#3325=AXIS2_PLACEMENT_3D('',#4599,#3823,#3824);
#3326=AXIS2_PLACEMENT_3D('',#4602,#3826,#3827);
#3327=AXIS2_PLACEMENT_3D('',#4606,#3829,#3830);
#3328=AXIS2_PLACEMENT_3D('',#4607,#3831,#3832);
#3329=AXIS2_PLACEMENT_3D('',#4608,#3833,#3834);
#3330=AXIS2_PLACEMENT_3D('',#4612,#3836,#3837);
#3331=AXIS2_PLACEMENT_3D('',#4613,#3838,#3839);
#3332=AXIS2_PLACEMENT_3D('',#4614,#3840,#3841);
#3333=AXIS2_PLACEMENT_3D('',#4618,#3843,#3844);
#3334=AXIS2_PLACEMENT_3D('',#4619,#3845,#3846);
#3335=AXIS2_PLACEMENT_3D('',#4620,#3847,#3848);
#3336=AXIS2_PLACEMENT_3D('',#4621,#3849,#3850);
#3337=AXIS2_PLACEMENT_3D('',#4626,#3853,#3854);
#3338=AXIS2_PLACEMENT_3D('',#4627,#3855,#3856);
#3339=AXIS2_PLACEMENT_3D('',#4629,#3857,#3858);
#3340=AXIS2_PLACEMENT_3D('',#4631,#3859,#3860);
#3341=AXIS2_PLACEMENT_3D('',#4632,#3861,#3862);
#3342=AXIS2_PLACEMENT_3D('',#4646,#3863,#3864);
#3343=AXIS2_PLACEMENT_3D('',#4647,#3865,#3866);
#3344=AXIS2_PLACEMENT_3D('',#4661,#3867,#3868);
#3345=AXIS2_PLACEMENT_3D('',#4674,#3869,#3870);
#3346=AXIS2_PLACEMENT_3D('',#4687,#3871,#3872);
#3347=AXIS2_PLACEMENT_3D('',#4688,#3873,#3874);
#3348=AXIS2_PLACEMENT_3D('',#4692,#3876,#3877);
#3349=AXIS2_PLACEMENT_3D('',#4695,#3879,#3880);
#3350=AXIS2_PLACEMENT_3D('',#4698,#3882,#3883);
#3351=AXIS2_PLACEMENT_3D('',#4700,#3885,#3886);
#3352=AXIS2_PLACEMENT_3D('',#4701,#3887,#3888);
#3353=AXIS2_PLACEMENT_3D('',#4703,#3890,#3891);
#3354=AXIS2_PLACEMENT_3D('',#4705,#3893,#3894);
#3355=AXIS2_PLACEMENT_3D('',#4743,#3899,#3900);
#3356=AXIS2_PLACEMENT_3D('',#4781,#3905,#3906);
#3357=AXIS2_PLACEMENT_3D('',#4782,#3907,#3908);
#3358=AXIS2_PLACEMENT_3D('',#4783,#3909,#3910);
#3359=AXIS2_PLACEMENT_3D('',#4784,#3911,#3912);
#3360=AXIS2_PLACEMENT_3D('',#4787,#3914,#3915);
#3361=AXIS2_PLACEMENT_3D('',#4791,#3917,#3918);
#3362=AXIS2_PLACEMENT_3D('',#4799,#3922,#3923);
#3363=AXIS2_PLACEMENT_3D('',#4803,#3925,#3926);
#3364=AXIS2_PLACEMENT_3D('',#4806,#3928,#3929);
#3365=AXIS2_PLACEMENT_3D('',#4811,#3932,#3933);
#3366=AXIS2_PLACEMENT_3D('',#4815,#3935,#3936);
#3367=AXIS2_PLACEMENT_3D('',#4823,#3940,#3941);
#3368=AXIS2_PLACEMENT_3D('',#4827,#3943,#3944);
#3369=AXIS2_PLACEMENT_3D('',#4828,#3945,#3946);
#3370=AXIS2_PLACEMENT_3D('',#4848,#3948,#3949);
#3371=AXIS2_PLACEMENT_3D('',#4872,#3951,#3952);
#3372=AXIS2_PLACEMENT_3D('',#4893,#3954,#3955);
#3373=AXIS2_PLACEMENT_3D('',#4894,#3956,#3957);
#3374=AXIS2_PLACEMENT_3D('',#4914,#3959,#3960);
#3375=AXIS2_PLACEMENT_3D('',#4938,#3962,#3963);
#3376=AXIS2_PLACEMENT_3D('',#4957,#3964,#3965);
#3377=AXIS2_PLACEMENT_3D('',#4960,#3967,#3968);
#3378=AXIS2_PLACEMENT_3D('',#4961,#3969,#3970);
#3379=AXIS2_PLACEMENT_3D('',#4983,#3971,#3972);
#3380=AXIS2_PLACEMENT_3D('',#4984,#3973,#3974);
#3381=AXIS2_PLACEMENT_3D('',#4985,#3975,#3976);
#3382=AXIS2_PLACEMENT_3D('',#4986,#3977,#3978);
#3383=AXIS2_PLACEMENT_3D('',#4987,#3979,#3980);
#3384=AXIS2_PLACEMENT_3D('',#4988,#3981,#3982);
#3385=AXIS2_PLACEMENT_3D('',#5010,#3983,#3984);
#3386=AXIS2_PLACEMENT_3D('',#5011,#3985,#3986);
#3387=AXIS2_PLACEMENT_3D('',#5012,#3987,#3988);
#3388=AXIS2_PLACEMENT_3D('',#5013,#3989,#3990);
#3389=AXIS2_PLACEMENT_3D('',#5014,#3991,#3992);
#3390=AXIS2_PLACEMENT_3D('',#5015,#3993,#3994);
#3391=AXIS2_PLACEMENT_3D('',#5016,#3995,#3996);
#3392=AXIS2_PLACEMENT_3D('',#5037,#3998,#3999);
#3393=AXIS2_PLACEMENT_3D('',#5038,#4000,#4001);
#3394=AXIS2_PLACEMENT_3D('',#5039,#4002,#4003);
#3395=AXIS2_PLACEMENT_3D('',#5040,#4004,#4005);
#3396=AXIS2_PLACEMENT_3D('',#5041,#4006,#4007);
#3397=AXIS2_PLACEMENT_3D('',#5042,#4008,#4009);
#3398=AXIS2_PLACEMENT_3D('',#5046,#4011,#4012);
#3399=AXIS2_PLACEMENT_3D('',#5047,#4013,#4014);
#3400=AXIS2_PLACEMENT_3D('',#5065,#4015,#4016);
#3401=AXIS2_PLACEMENT_3D('',#5066,#4017,#4018);
#3402=AXIS2_PLACEMENT_3D('',#5078,#4019,#4020);
#3403=AXIS2_PLACEMENT_3D('',#5079,#4021,#4022);
#3404=AXIS2_PLACEMENT_3D('',#5090,#4023,#4024);
#3405=AXIS2_PLACEMENT_3D('',#5114,#4026,#4027);
#3406=AXIS2_PLACEMENT_3D('',#5115,#4028,#4029);
#3407=AXIS2_PLACEMENT_3D('',#5137,#4030,#4031);
#3408=AXIS2_PLACEMENT_3D('',#5138,#4032,#4033);
#3409=AXIS2_PLACEMENT_3D('',#5158,#4035,#4036);
#3410=AXIS2_PLACEMENT_3D('',#5178,#4038,#4039);
#3411=AXIS2_PLACEMENT_3D('',#5190,#4040,#4041);
#3412=AXIS2_PLACEMENT_3D('',#5191,#4042,#4043);
#3413=AXIS2_PLACEMENT_3D('',#5202,#4044,#4045);
#3414=AXIS2_PLACEMENT_3D('',#5226,#4047,#4048);
#3415=AXIS2_PLACEMENT_3D('',#5227,#4049,#4050);
#3416=AXIS2_PLACEMENT_3D('',#5249,#4051,#4052);
#3417=AXIS2_PLACEMENT_3D('',#5250,#4053,#4054);
#3418=AXIS2_PLACEMENT_3D('',#5251,#4055,#4056);
#3419=AXIS2_PLACEMENT_3D('',#5252,#4057,#4058);
#3420=AXIS2_PLACEMENT_3D('',#5253,#4059,#4060);
#3421=AXIS2_PLACEMENT_3D('',#5254,#4061,#4062);
#3422=AXIS2_PLACEMENT_3D('',#5255,#4063,#4064);
#3423=AXIS2_PLACEMENT_3D('',#5256,#4065,#4066);
#3424=AXIS2_PLACEMENT_3D('',#5257,#4067,#4068);
#3425=AXIS2_PLACEMENT_3D('',#5300,#4069,#4070);
#3426=AXIS2_PLACEMENT_3D('',#5343,#4071,#4072);
#3427=AXIS2_PLACEMENT_3D('',#5344,#4073,#4074);
#3428=AXIS2_PLACEMENT_3D('',#5393,#4075,#4076);
#3429=AXIS2_PLACEMENT_3D('',#5405,#4077,#4078);
#3430=AXIS2_PLACEMENT_3D('',#5479,#4079,#4080);
#3431=AXIS2_PLACEMENT_3D('',#5528,#4081,#4082);
#3432=AXIS2_PLACEMENT_3D('',#5529,#4083,#4084);
#3433=AXIS2_PLACEMENT_3D('',#5572,#4085,#4086);
#3434=AXIS2_PLACEMENT_3D('',#5574,#4087,#4088);
#3435=AXIS2_PLACEMENT_3D('',#5674,#4089,#4090);
#3436=AXIS2_PLACEMENT_3D('',#5717,#4091,#4092);
#3437=AXIS2_PLACEMENT_3D('',#5718,#4093,#4094);
#3438=AXIS2_PLACEMENT_3D('',#5719,#4095,#4096);
#3439=AXIS2_PLACEMENT_3D('',#5720,#4097,#4098);
#3440=AXIS2_PLACEMENT_3D('',#5769,#4099,#4100);
#3441=AXIS2_PLACEMENT_3D('',#5838,#4101,#4102);
#3442=AXIS2_PLACEMENT_3D('',#5887,#4103,#4104);
#3443=AXIS2_PLACEMENT_3D('',#5888,#4105,#4106);
#3444=AXIS2_PLACEMENT_3D('',#5889,#4107,#4108);
#3445=AXIS2_PLACEMENT_3D('',#5890,#4109,#4110);
#3446=AXIS2_PLACEMENT_3D('',#5933,#4111,#4112);
#3447=AXIS2_PLACEMENT_3D('',#6000,#4113,#4114);
#3448=AXIS2_PLACEMENT_3D('',#6019,#4115,#4116);
#3449=AXIS2_PLACEMENT_3D('',#6020,#4117,#4118);
#3450=AXIS2_PLACEMENT_3D('',#6021,#4119,#4120);
#3451=AXIS2_PLACEMENT_3D('',#6023,#4121,#4122);
#3452=AXIS2_PLACEMENT_3D('',#6046,#4123,#4124);
#3453=AXIS2_PLACEMENT_3D('',#6095,#4125,#4126);
#3454=AXIS2_PLACEMENT_3D('',#6114,#4127,#4128);
#3455=AXIS2_PLACEMENT_3D('',#6115,#4129,#4130);
#3456=AXIS2_PLACEMENT_3D('',#6134,#4131,#4132);
#3457=AXIS2_PLACEMENT_3D('',#6136,#4133,#4134);
#3458=AXIS2_PLACEMENT_3D('',#6189,#4135,#4136);
#3459=AXIS2_PLACEMENT_3D('',#6208,#4137,#4138);
#3460=AXIS2_PLACEMENT_3D('',#6209,#4139,#4140);
#3461=AXIS2_PLACEMENT_3D('',#6210,#4141,#4142);
#3462=AXIS2_PLACEMENT_3D('',#6211,#4143,#4144);
#3463=AXIS2_PLACEMENT_3D('',#6230,#4145,#4146);
#3464=AXIS2_PLACEMENT_3D('',#6279,#4147,#4148);
#3465=AXIS2_PLACEMENT_3D('',#6298,#4149,#4150);
#3466=AXIS2_PLACEMENT_3D('',#6317,#4151,#4152);
#3467=AXIS2_PLACEMENT_3D('',#6318,#4153,#4154);
#3468=AXIS2_PLACEMENT_3D('',#6343,#4155,#4156);
#3469=AXIS2_PLACEMENT_3D('',#6344,#4157,#4158);
#3470=AXIS2_PLACEMENT_3D('',#6345,#4159,#4160);
#3471=AXIS2_PLACEMENT_3D('',#6346,#4161,#4162);
#3472=AXIS2_PLACEMENT_3D('',#6347,#4163,#4164);
#3473=AXIS2_PLACEMENT_3D('',#6348,#4165,#4166);
#3474=AXIS2_PLACEMENT_3D('',#6349,#4167,#4168);
#3475=AXIS2_PLACEMENT_3D('',#6350,#4169,#4170);
#3476=AXIS2_PLACEMENT_3D('',#6351,#4171,#4172);
#3477=AXIS2_PLACEMENT_3D('',#6352,#4173,#4174);
#3478=AXIS2_PLACEMENT_3D('',#6353,#4175,#4176);
#3479=AXIS2_PLACEMENT_3D('',#6354,#4177,#4178);
#3480=AXIS2_PLACEMENT_3D('',#6355,#4179,#4180);
#3481=AXIS2_PLACEMENT_3D('',#6356,#4181,#4182);
#3482=AXIS2_PLACEMENT_3D('',#6357,#4183,#4184);
#3483=AXIS2_PLACEMENT_3D('',#6358,#4185,#4186);
#3484=AXIS2_PLACEMENT_3D('',#6359,#4187,#4188);
#3485=AXIS2_PLACEMENT_3D('',#6360,#4189,#4190);
#3486=AXIS2_PLACEMENT_3D('',#6361,#4191,#4192);
#3487=DIRECTION('',(0.,0.,1.));
#3488=DIRECTION('',(1.,0.,0.));
#3489=DIRECTION('',(-3.17577112371291E-10,0.668124281947461,0.744049691803034));
#3490=DIRECTION('',(1.,-1.68219000041737E-10,5.77875800125884E-10));
#3491=DIRECTION('',(-5.11257528964132E-10,-0.744049691803034,0.668124281947461));
#3492=DIRECTION('',(1.,-1.68219000041737E-10,5.77875800125884E-10));
#3493=DIRECTION('',(-0.555538986510411,0.618670242482998,-0.555538986510411));
#3494=DIRECTION('',(-1.,1.68219048670779E-10,-5.77875800125884E-10));
#3495=DIRECTION('',(3.1757711237129E-10,-0.668124281947462,-0.744049691803033));
#3496=DIRECTION('',(1.,-1.68219000041737E-10,5.77875800125884E-10));
#3497=DIRECTION('',(5.11257528964132E-10,0.744049691803033,-0.668124281947462));
#3498=DIRECTION('',(1.,-1.68219000041737E-10,5.77875800125884E-10));
#3499=DIRECTION('',(-0.555538986328897,-0.618670242808981,0.555538986328897));
#3500=DIRECTION('',(-1.,1.68219048670782E-10,-5.77875800125884E-10));
#3501=DIRECTION('',(-0.707106781305515,-0.70710678106758,-4.08619897021364E-10));
#3502=DIRECTION('',(5.77875800125884E-10,7.95531224555329E-26,-1.));
#3503=DIRECTION('',(0.707106781067594,-0.707106781305502,4.08619015641919E-10));
#3504=DIRECTION('',(-5.77875800125884E-10,-7.95531224555329E-26,1.));
#3505=DIRECTION('',(-0.707106781067571,0.707106781305524,-4.08619015641928E-10));
#3506=DIRECTION('',(5.77875800125884E-10,7.95531224555329E-26,-1.));
#3507=DIRECTION('',(1.,-1.68219604912432E-10,5.77874553764378E-10));
#3508=DIRECTION('',(5.77873607551541E-10,0.,-1.));
#3509=DIRECTION('',(-0.707106781449036,0.41247895645707,0.574335363797906));
#3510=DIRECTION('',(1.,-1.68219604912432E-10,5.77874553764378E-10));
#3511=DIRECTION('',(-5.77873859874956E-10,0.,1.));
#3512=DIRECTION('',(-1.,1.68219000041737E-10,-5.77875800125884E-10));
#3513=DIRECTION('',(-5.77876130785687E-10,0.,1.));
#3514=DIRECTION('',(1.,-1.68219604912432E-10,5.77874553764378E-10));
#3515=DIRECTION('',(5.77873607551541E-10,0.,-1.));
#3516=DIRECTION('',(0.707106780785261,-0.412478956457062,0.574335364615134));
#3517=DIRECTION('',(-1.,1.68219000041737E-10,-5.77875800125884E-10));
#3518=DIRECTION('',(-5.77876130785687E-10,0.,1.));
#3519=DIRECTION('',(1.,-1.68219604912432E-10,5.77874553764378E-10));
#3520=DIRECTION('',(-5.77873859874956E-10,0.,1.));
#3521=DIRECTION('',(1.,-1.68219000041736E-10,5.77875800125884E-10));
#3522=DIRECTION('',(5.7787598236015E-10,0.,-1.));
#3523=DIRECTION('',(-0.707106781587817,-0.412478956219165,0.574335363797901));
#3524=DIRECTION('',(1.,-1.68219000041736E-10,5.77875800125884E-10));
#3525=DIRECTION('',(5.77875800125884E-10,0.,-1.));
#3526=DIRECTION('',(-1.,1.68219000083476E-10,-5.77875800125884E-10));
#3527=DIRECTION('',(-5.77875800125884E-10,0.,1.));
#3528=DIRECTION('',(1.,-1.68219000041736E-10,5.77875800125884E-10));
#3529=DIRECTION('',(5.7787598236015E-10,0.,-1.));
#3530=DIRECTION('',(0.707106780924038,0.412478956219161,0.574335364615132));
#3531=DIRECTION('',(-1.,1.68219000041737E-10,-5.77875800125884E-10));
#3532=DIRECTION('',(-5.77875842416071E-10,0.,1.));
#3533=DIRECTION('',(1.,-1.68219000041736E-10,5.77875800125884E-10));
#3534=DIRECTION('',(-5.7787598236015E-10,0.,1.));
#3535=DIRECTION('',(1.,-1.68219604912428E-10,5.77874553764362E-10));
#3536=DIRECTION('',(5.77873607551541E-10,0.,-1.));
#3537=DIRECTION('',(-0.707106781305494,-0.707106781067601,-4.08619015641926E-10));
#3538=DIRECTION('',(1.,-1.68219604912428E-10,5.77874553764362E-10));
#3539=DIRECTION('',(-5.77873859874956E-10,0.,1.));
#3540=DIRECTION('',(-1.,1.68219000041737E-10,-5.77875800125884E-10));
#3541=DIRECTION('',(-5.77876130785688E-10,0.,1.));
#3542=DIRECTION('',(1.,-1.68219604912428E-10,5.77874553764362E-10));
#3543=DIRECTION('',(5.77873607551541E-10,0.,-1.));
#3544=DIRECTION('',(0.707106781305494,0.707106781067601,4.08619015641926E-10));
#3545=DIRECTION('',(-1.,1.68219000041737E-10,-5.77875800125884E-10));
#3546=DIRECTION('',(-5.77876130785688E-10,0.,1.));
#3547=DIRECTION('',(1.,-1.68219604912428E-10,5.77874553764362E-10));
#3548=DIRECTION('',(-5.77873859874956E-10,1.73472347597681E-15,1.));
#3549=DIRECTION('',(-0.7071067810676,0.707106781305495,-4.08619896883878E-10));
#3550=DIRECTION('',(-5.77875800125884E-10,-7.95531224555329E-26,1.));
#3551=DIRECTION('',(5.77875800125884E-10,7.95531224555329E-26,-1.));
#3552=DIRECTION('',(-5.77875800125884E-10,-7.95531224555329E-26,1.));
#3553=DIRECTION('',(5.423595095969E-10,0.668124281947462,-0.744049691803033));
#3554=DIRECTION('',(-1.,1.68219000041737E-10,-5.77875800125884E-10));
#3555=DIRECTION('',(2.60929244293981E-10,-0.744049691803033,-0.668124281947462));
#3556=DIRECTION('',(1.,-1.68219000041737E-10,5.77875800125884E-10));
#3557=DIRECTION('',(2.60919710271685E-10,-0.744049691803033,-0.668124281947462));
#3558=DIRECTION('',(-1.,1.68219000041737E-10,-5.77875800125884E-10));
#3559=DIRECTION('',(-0.589420768040848,-0.539728295294436,0.601062829877792));
#3560=DIRECTION('',(0.713987630110752,0.,0.700158313561178));
#3561=DIRECTION('',(-0.707024545812084,-0.0152506799334867,-0.707024545812084));
#3562=DIRECTION('',(0.707106781186548,0.,-0.707106781186548));
#3563=DIRECTION('',(8.41094999965664E-11,1.,8.41094999965664E-11));
#3564=DIRECTION('',(9.72103472894071E-20,-1.,9.72103472894071E-20));
#3565=DIRECTION('',(1.68218999944527E-10,1.,1.68218999944527E-10));
#3566=DIRECTION('',(-1.,1.68219604912423E-10,-5.77878023211297E-10));
#3567=DIRECTION('',(-5.77879014481851E-10,0.,1.));
#3568=DIRECTION('',(0.707106780867064,0.300126823627062,0.640252989209225));
#3569=DIRECTION('',(-1.,1.68219604912423E-10,-5.77878023211297E-10));
#3570=DIRECTION('',(-5.77880336175932E-10,0.,1.));
#3571=DIRECTION('',(1.,-1.68219000041737E-10,5.77875800125884E-10));
#3572=DIRECTION('',(-5.7787901448185E-10,0.,1.));
#3573=DIRECTION('',(-1.,1.68219604912423E-10,-5.77878023211297E-10));
#3574=DIRECTION('',(-5.77879014481855E-10,0.,1.));
#3575=DIRECTION('',(-1.,1.68219604912423E-10,-5.77878023211297E-10));
#3576=DIRECTION('',(-5.77880336175933E-10,0.,1.));
#3577=DIRECTION('',(-0.707106780766073,0.300126823864966,-0.640252989209241));
#3578=DIRECTION('',(1.,-1.68219000041737E-10,5.77875800125884E-10));
#3579=DIRECTION('',(-5.77879014481855E-10,0.,1.));
#3580=DIRECTION('',(-1.,1.68219000041734E-10,-5.77875800125888E-10));
#3581=DIRECTION('',(-5.7787598236015E-10,0.,1.));
#3582=DIRECTION('',(0.707106780924037,0.412478956219162,0.574335364615131));
#3583=DIRECTION('',(-1.,1.68219000041734E-10,-5.77875800125888E-10));
#3584=DIRECTION('',(-5.7787598236015E-10,0.,1.));
#3585=DIRECTION('',(1.,-1.68219000041737E-10,5.77875800125884E-10));
#3586=DIRECTION('',(-5.77875842416071E-10,0.,1.));
#3587=DIRECTION('',(-1.,1.68219000041734E-10,-5.77875800125888E-10));
#3588=DIRECTION('',(-5.7787598236015E-10,0.,1.));
#3589=DIRECTION('',(-0.707106780785269,0.412478956457055,-0.574335364615129));
#3590=DIRECTION('',(1.,-1.68219000041737E-10,5.77875800125884E-10));
#3591=DIRECTION('',(-5.77875800125884E-10,0.,1.));
#3592=DIRECTION('',(-1.,1.68219000041734E-10,-5.77875800125888E-10));
#3593=DIRECTION('',(-5.77875800125888E-10,0.,1.));
#3594=DIRECTION('',(-1.,1.68219604912414E-10,-5.77874553764313E-10));
#3595=DIRECTION('',(-5.77876130785685E-10,0.,1.));
#3596=DIRECTION('',(0.707106781305488,0.707106781067607,4.08619015641899E-10));
#3597=DIRECTION('',(-1.,1.68219604912414E-10,-5.77874553764313E-10));
#3598=DIRECTION('',(-5.77876635432517E-10,0.,1.));
#3599=DIRECTION('',(1.,-1.68219000041737E-10,5.77875800125884E-10));
#3600=DIRECTION('',(-5.77876130785685E-10,0.,1.));
#3601=DIRECTION('',(-1.,1.68219604912423E-10,-5.77874553764346E-10));
#3602=DIRECTION('',(-5.77876130785688E-10,0.,1.));
#3603=DIRECTION('',(-0.707106781067609,0.707106781305486,-4.08619015641916E-10));
#3604=DIRECTION('',(1.,-1.68219000041737E-10,5.77875800125884E-10));
#3605=DIRECTION('',(-5.77876130785688E-10,9.46212805078258E-16,1.));
#3606=DIRECTION('',(-1.,1.68219604912423E-10,-5.77874553764346E-10));
#3607=DIRECTION('',(-5.77876635432517E-10,0.,1.));
#3608=DIRECTION('',(-0.707106781067605,0.70710678130549,-4.08619896883881E-10));
#3609=DIRECTION('',(5.77875800125884E-10,7.95531224555329E-26,-1.));
#3610=DIRECTION('',(0.707106781305494,0.707106781067601,4.08619015641903E-10));
#3611=DIRECTION('',(-5.77875800125884E-10,-7.95531224555329E-26,1.));
#3612=DIRECTION('',(5.77875800125884E-10,7.95531224555329E-26,-1.));
#3613=DIRECTION('',(-0.707106781305489,-0.707106781067606,-4.08619897021348E-10));
#3614=DIRECTION('',(-5.77875800125884E-10,-7.95531224555329E-26,1.));
#3615=DIRECTION('',(-0.707106781067606,0.707106781305489,-4.08619015641914E-10));
#3616=DIRECTION('',(-5.77875800125884E-10,-7.95531224555329E-26,1.));
#3617=DIRECTION('',(5.77875800125884E-10,7.95531224555329E-26,-1.));
#3618=DIRECTION('',(-1.,1.68219604912414E-10,-5.77874553764313E-10));
#3619=DIRECTION('',(-5.77876130785685E-10,0.,1.));
#3620=DIRECTION('',(0.707106781587805,0.412478956219174,-0.57433536379791));
#3621=DIRECTION('',(-1.,1.68219604912414E-10,-5.77874553764313E-10));
#3622=DIRECTION('',(-5.77876635432517E-10,0.,1.));
#3623=DIRECTION('',(1.,-1.68219000041737E-10,5.77875800125884E-10));
#3624=DIRECTION('',(-5.77876130785686E-10,9.46212805078255E-16,1.));
#3625=DIRECTION('',(-1.,1.68219604912423E-10,-5.77874553764346E-10));
#3626=DIRECTION('',(-5.77876130785688E-10,0.,1.));
#3627=DIRECTION('',(-0.707106781449061,0.412478956457053,0.574335363797886));
#3628=DIRECTION('',(1.,-1.68219000041737E-10,5.77875800125884E-10));
#3629=DIRECTION('',(-5.77876130785688E-10,1.73472347597681E-15,1.));
#3630=DIRECTION('',(-1.,1.68219604912423E-10,-5.77874553764346E-10));
#3631=DIRECTION('',(-5.77876635432517E-10,0.,1.));
#3632=DIRECTION('',(-1.,1.68219000041734E-10,-5.77875800125888E-10));
#3633=DIRECTION('',(-5.7787598236015E-10,0.,1.));
#3634=DIRECTION('',(0.707106781607025,0.300126823627067,-0.640252988391997));
#3635=DIRECTION('',(-1.,1.68219000041734E-10,-5.77875800125888E-10));
#3636=DIRECTION('',(-5.7787598236015E-10,0.,1.));
#3637=DIRECTION('',(1.,-1.68219000041737E-10,5.77875800125884E-10));
#3638=DIRECTION('',(-5.77875842416071E-10,0.,1.));
#3639=DIRECTION('',(-1.,1.68219000041734E-10,-5.77875800125888E-10));
#3640=DIRECTION('',(-5.7787598236015E-10,0.,1.));
#3641=DIRECTION('',(-0.707106781506061,0.300126823864962,0.640252988391987));
#3642=DIRECTION('',(1.,-1.68219000041737E-10,5.77875800125884E-10));
#3643=DIRECTION('',(-5.77875800125884E-10,0.,1.));
#3644=DIRECTION('',(-1.,1.68219000041734E-10,-5.77875800125888E-10));
#3645=DIRECTION('',(-5.77875800125888E-10,0.,1.));
#3646=DIRECTION('',(-1.,1.68219604912414E-10,-5.77878023211265E-10));
#3647=DIRECTION('',(-5.77879014481852E-10,0.,1.));
#3648=DIRECTION('',(-1.,1.68219604912414E-10,-5.77878023211265E-10));
#3649=DIRECTION('',(-5.77880336175933E-10,0.,1.));
#3650=DIRECTION('',(1.,-1.68219000041737E-10,5.77875800125884E-10));
#3651=DIRECTION('',(-5.77879014481852E-10,0.,1.));
#3652=DIRECTION('',(-1.,1.68219604912414E-10,-5.77878023211265E-10));
#3653=DIRECTION('',(-5.77879014481856E-10,0.,1.));
#3654=DIRECTION('',(1.,-1.68219000041737E-10,5.77875800125884E-10));
#3655=DIRECTION('',(-5.77879014481857E-10,0.,1.));
#3656=DIRECTION('',(-1.,1.68219604912414E-10,-5.77878023211265E-10));
#3657=DIRECTION('',(-5.77880336175933E-10,0.,1.));
#3658=DIRECTION('',(0.707106781186548,0.,0.707106781186548));
#3659=DIRECTION('',(-8.41095000451701E-11,-1.,8.41095000451701E-11));
#3660=DIRECTION('',(9.72103471770561E-20,1.,-9.72103471770561E-20));
#3661=DIRECTION('',(-1.68219000138946E-10,-1.,1.68219000138946E-10));
#3662=DIRECTION('',(0.707024545790144,-0.0152506819677192,-0.707024545790144));
#3663=DIRECTION('',(-0.58942076716455,0.539728295492764,-0.601062830559026));
#3664=DIRECTION('',(-0.713987631027816,0.,0.700158312626));
#3665=DIRECTION('',(2.6091933355507E-10,-0.744049691803033,-0.668124281947462));
#3666=DIRECTION('',(-5.423595095969E-10,-0.668124281947462,0.744049691803033));
#3667=DIRECTION('',(-1.,1.68219000041737E-10,-5.77875800125884E-10));
#3668=DIRECTION('',(-1.,1.68219000041737E-10,-5.77875800125884E-10));
#3669=DIRECTION('',(-2.60929244293981E-10,0.744049691803033,0.668124281947462));
#3670=DIRECTION('',(1.,-1.68219000041737E-10,5.77875800125884E-10));
#3671=DIRECTION('',(-1.,1.68219000041737E-10,-5.77875800125884E-10));
#3672=DIRECTION('',(-5.77880336175932E-10,0.,1.));
#3673=DIRECTION('',(-1.,1.68220138673493E-10,-5.77876597305615E-10));
#3674=DIRECTION('',(-5.77876597305615E-10,0.,1.));
#3675=DIRECTION('',(-1.,1.68219000041737E-10,-5.77875800125884E-10));
#3676=DIRECTION('',(1.,-1.68219000041737E-10,5.77875800125884E-10));
#3677=DIRECTION('',(5.77880336175933E-10,0.,-1.));
#3678=DIRECTION('',(-1.,1.68220138673493E-10,-5.77876597305615E-10));
#3679=DIRECTION('',(-5.77876597305615E-10,0.,1.));
#3680=DIRECTION('',(1.,-1.68219000041737E-10,5.77875800125884E-10));
#3681=DIRECTION('',(-1.,1.68219000041737E-10,-5.77875800125884E-10));
#3682=DIRECTION('',(-5.77880336175933E-10,0.,1.));
#3683=DIRECTION('',(-1.,1.68220138673493E-10,-5.77876597305615E-10));
#3684=DIRECTION('',(-5.77880336175933E-10,0.,1.));
#3685=DIRECTION('',(-1.,1.68219000041737E-10,-5.77875800125884E-10));
#3686=DIRECTION('',(1.,-1.68219000041737E-10,5.77875800125884E-10));
#3687=DIRECTION('',(5.77880336175933E-10,0.,-1.));
#3688=DIRECTION('',(-1.,1.68220138673493E-10,-5.77876597305615E-10));
#3689=DIRECTION('',(-5.77880336175933E-10,0.,1.));
#3690=DIRECTION('',(1.,-1.68219000041737E-10,5.77875800125884E-10));
#3691=DIRECTION('',(1.,-1.68219000041737E-10,5.77875800125884E-10));
#3692=DIRECTION('',(5.77876635432517E-10,0.,-1.));
#3693=DIRECTION('',(-1.,1.68219000041737E-10,-5.77875800125884E-10));
#3694=DIRECTION('',(1.,-1.68219000041737E-10,5.77875800125884E-10));
#3695=DIRECTION('',(1.,-1.68219000041737E-10,5.77875800125884E-10));
#3696=DIRECTION('',(5.77876635432517E-10,0.,-1.));
#3697=DIRECTION('',(-1.,1.68219000041737E-10,-5.77875800125884E-10));
#3698=DIRECTION('',(1.,-1.68219000041737E-10,5.77875800125884E-10));
#3699=DIRECTION('',(1.,-1.68219000041737E-10,5.77875800125884E-10));
#3700=DIRECTION('',(5.77876635432517E-10,0.,-1.));
#3701=DIRECTION('',(-1.,1.68219000041737E-10,-5.77875800125884E-10));
#3702=DIRECTION('',(1.,-1.68219000041737E-10,5.77875800125884E-10));
#3703=DIRECTION('',(1.,-1.68219000041737E-10,5.77875800125884E-10));
#3704=DIRECTION('',(5.77876635432517E-10,0.,-1.));
#3705=DIRECTION('',(-1.,1.68219000041737E-10,-5.77875800125884E-10));
#3706=DIRECTION('',(1.,-1.68219000041737E-10,5.77875800125884E-10));
#3707=DIRECTION('',(-1.,1.68220138673493E-10,-5.77876597305615E-10));
#3708=DIRECTION('',(-5.77876597305615E-10,0.,1.));
#3709=DIRECTION('',(-1.68220138673493E-10,-1.,0.));
#3710=DIRECTION('',(1.,-1.68220138673493E-10,5.77876597305615E-10));
#3711=DIRECTION('',(-5.7787598236015E-10,0.,1.));
#3712=DIRECTION('',(5.77875800125884E-10,-9.72103472332316E-20,-1.));
#3713=DIRECTION('',(-1.,0.,-5.77875800125884E-10));
#3714=DIRECTION('',(5.77875800125884E-10,-9.72103472332316E-20,-1.));
#3715=DIRECTION('',(-1.,0.,-5.77875800125884E-10));
#3716=DIRECTION('',(-1.,1.68220138673493E-10,-5.77876597305615E-10));
#3717=DIRECTION('',(-5.77876597305615E-10,0.,1.));
#3718=DIRECTION('',(1.68220138673493E-10,1.,-1.20370621524202E-35));
#3719=DIRECTION('',(1.,-1.68220138673493E-10,5.77876597305615E-10));
#3720=DIRECTION('',(-5.77876597305615E-10,0.,1.));
#3721=DIRECTION('',(-5.77875800125884E-10,9.72103472332316E-20,1.));
#3722=DIRECTION('',(1.,0.,5.77875800125884E-10));
#3723=DIRECTION('',(-5.77875800125884E-10,9.72103472332316E-20,1.));
#3724=DIRECTION('',(1.,0.,5.77875800125884E-10));
#3725=DIRECTION('',(1.,-1.68219000041737E-10,5.77875800125884E-10));
#3726=DIRECTION('',(5.7787598236015E-10,0.,-1.));
#3727=DIRECTION('',(1.,-1.68219000041737E-10,5.77875800125884E-10));
#3728=DIRECTION('',(5.7787598236015E-10,0.,-1.));
#3729=DIRECTION('',(-1.,1.68219000041737E-10,-5.77875800125884E-10));
#3730=DIRECTION('',(-5.77871084317394E-10,0.,1.));
#3731=DIRECTION('',(1.,-1.68219000083476E-10,5.77875800125884E-10));
#3732=DIRECTION('',(5.77875800125884E-10,0.,-1.));
#3733=DIRECTION('',(-1.,1.68219000041737E-10,-5.77875800125884E-10));
#3734=DIRECTION('',(-1.,1.68219000041737E-10,-5.77875800125884E-10));
#3735=DIRECTION('',(-5.77871084317394E-10,0.,1.));
#3736=DIRECTION('',(1.,-1.68219000041737E-10,5.77875800125884E-10));
#3737=DIRECTION('',(-1.,1.68219000041737E-10,-5.77875800125884E-10));
#3738=DIRECTION('',(-5.77871084317394E-10,0.,1.));
#3739=DIRECTION('',(1.,-1.68219000083476E-10,5.77875800125884E-10));
#3740=DIRECTION('',(5.77875800125884E-10,0.,-1.));
#3741=DIRECTION('',(-1.,1.68219000041737E-10,-5.77875800125884E-10));
#3742=DIRECTION('',(-1.,1.68219000041737E-10,-5.77875800125884E-10));
#3743=DIRECTION('',(-5.77871084317394E-10,0.,1.));
#3744=DIRECTION('',(1.,-1.68219000041737E-10,5.77875800125884E-10));
#3745=DIRECTION('',(-1.68219000041737E-10,-1.,-9.72096717224771E-20));
#3746=DIRECTION('',(1.,-1.68219000041737E-10,0.));
#3747=DIRECTION('',(5.77875695957999E-10,0.,-1.));
#3748=DIRECTION('',(-5.77875800125884E-10,1.75230174822235E-26,1.));
#3749=DIRECTION('',(1.,-1.68219000041737E-10,5.77875800125884E-10));
#3750=DIRECTION('',(1.,-1.68219000041737E-10,5.77875800125884E-10));
#3751=DIRECTION('',(5.77875800125884E-10,2.16743224959543E-16,-1.));
#3752=DIRECTION('',(-1.,0.,-5.77875800125884E-10));
#3753=DIRECTION('',(1.68218737550685E-10,1.,2.16840434497101E-16));
#3754=DIRECTION('',(-1.68219000083476E-10,-1.,-2.16840434648812E-16));
#3755=DIRECTION('',(1.68219000041737E-10,1.,2.645542677815E-16));
#3756=DIRECTION('',(-1.,1.68219000041737E-10,0.));
#3757=DIRECTION('',(5.77875800125884E-10,2.64457058092255E-16,-1.));
#3758=DIRECTION('',(-5.77875695957999E-10,-2.64457058109777E-16,1.));
#3759=DIRECTION('',(-1.,1.68219000041737E-10,-5.77875800125884E-10));
#3760=DIRECTION('',(-1.,1.68219000041737E-10,-5.77875800125884E-10));
#3761=DIRECTION('',(1.,-1.68219000083476E-10,5.77875800125884E-10));
#3762=DIRECTION('',(5.77875800125884E-10,-4.86032330195607E-20,-1.));
#3763=DIRECTION('',(1.,-1.68219000083476E-10,5.77875800125884E-10));
#3764=DIRECTION('',(-5.77875800125884E-10,0.,1.));
#3765=DIRECTION('',(1.,-1.68219000083476E-10,5.77875800125884E-10));
#3766=DIRECTION('',(5.77877220096689E-10,-4.86031390367512E-20,-1.));
#3767=DIRECTION('',(-1.,1.68219000083476E-10,-5.77875800125884E-10));
#3768=DIRECTION('',(-5.77875800125884E-10,0.,1.));
#3769=DIRECTION('',(1.,-1.68219000083476E-10,5.77875800125884E-10));
#3770=DIRECTION('',(1.,-1.68219000083476E-10,5.77875800125884E-10));
#3771=DIRECTION('',(5.77875800125884E-10,0.,-1.));
#3772=DIRECTION('',(-1.,1.68219000083476E-10,-5.77875800125884E-10));
#3773=DIRECTION('',(1.,-1.68219000083476E-10,5.77875800125884E-10));
#3774=DIRECTION('',(5.77877220096689E-10,-4.86031390367512E-20,-1.));
#3775=DIRECTION('',(-1.,1.68219000083476E-10,-5.77875800125884E-10));
#3776=DIRECTION('',(-5.77875800125884E-10,0.,1.));
#3777=DIRECTION('',(1.,-1.68219000083476E-10,5.77875800125884E-10));
#3778=DIRECTION('',(1.,-1.68219000083476E-10,5.77875800125884E-10));
#3779=DIRECTION('',(5.77875800125884E-10,0.,-1.));
#3780=DIRECTION('',(-1.,1.68219000083476E-10,-5.77875800125884E-10));
#3781=DIRECTION('',(5.77875800125884E-10,2.16743224959543E-16,-1.));
#3782=DIRECTION('',(-1.,6.26301645384028E-26,-5.77875800125884E-10));
#3783=DIRECTION('',(-1.68219000083476E-10,-1.,-2.16840434648812E-16));
#3784=DIRECTION('',(-1.68219000083476E-10,-1.,-2.16840434648812E-16));
#3785=DIRECTION('',(-0.707106781305515,-0.70710678106758,-4.08619897021364E-10));
#3786=DIRECTION('',(4.33417359717815E-10,1.44458440456678E-10,-1.));
#3787=DIRECTION('',(-0.707106781305515,-0.70710678106758,-4.08619897021364E-10));
#3788=DIRECTION('',(0.70710678106758,-0.707106781305515,4.08619896883866E-10));
#3789=DIRECTION('',(5.77875800125884E-10,2.78543341990372E-26,-1.));
#3790=DIRECTION('',(-0.70710678106758,0.707106781305515,-4.08618114930782E-10));
#3791=DIRECTION('',(-5.77875800125884E-10,0.,1.));
#3792=DIRECTION('',(1.,-1.68219600933203E-10,5.77874540094774E-10));
#3793=DIRECTION('',(5.77877253741936E-10,0.,-1.));
#3794=DIRECTION('',(-0.707106780774934,0.363654916332952,-0.606428151069014));
#3795=DIRECTION('',(-1.,1.68219000041737E-10,-5.77875800125884E-10));
#3796=DIRECTION('',(-5.77877253741935E-10,0.,1.));
#3797=DIRECTION('',(1.,-1.68219600933203E-10,5.77874540094774E-10));
#3798=DIRECTION('',(-5.77876635432517E-10,0.,1.));
#3799=DIRECTION('',(1.,-1.6821900004173E-10,5.77875800125866E-10));
#3800=DIRECTION('',(5.77876131096361E-10,0.,-1.));
#3801=DIRECTION('',(-0.70710678089729,-0.363654915744629,-0.606428151279143));
#3802=DIRECTION('',(-1.,1.68219000041737E-10,-5.77875800125884E-10));
#3803=DIRECTION('',(-5.77876131096361E-10,0.,1.));
#3804=DIRECTION('',(1.,-1.6821900004173E-10,5.77875800125866E-10));
#3805=DIRECTION('',(-5.77876018641948E-10,0.,1.));
#3806=DIRECTION('',(1.,-1.68219600933193E-10,5.77874540094742E-10));
#3807=DIRECTION('',(5.77877253741936E-10,0.,-1.));
#3808=DIRECTION('',(-0.70710678130549,-0.707106781067605,-4.08618115068219E-10));
#3809=DIRECTION('',(-1.,1.68219000041737E-10,-5.77875800125884E-10));
#3810=DIRECTION('',(-5.77877253741938E-10,0.,1.));
#3811=DIRECTION('',(1.,-1.68219600933193E-10,5.77874540094742E-10));
#3812=DIRECTION('',(-5.77876635432517E-10,1.73472347597681E-15,1.));
#3813=DIRECTION('',(-0.707106781067605,0.70710678130549,-4.08619896883881E-10));
#3814=DIRECTION('',(-7.22334240582557E-10,-1.44458440408075E-10,1.));
#3815=DIRECTION('',(-0.707106781067605,0.70710678130549,-4.08619896883881E-10));
#3816=DIRECTION('',(0.70710678130549,0.707106781067605,4.08619897021349E-10));
#3817=DIRECTION('',(5.77875800125884E-10,7.31131275625857E-26,-1.));
#3818=DIRECTION('',(-5.77875800125884E-10,-2.78543341646204E-26,1.));
#3819=DIRECTION('',(-0.707106781305515,-0.70710678106758,-4.08619897021364E-10));
#3820=DIRECTION('',(4.33417359717815E-10,1.44458440456678E-10,-1.));
#3821=DIRECTION('',(0.70710678106758,-0.707106781305515,4.08618134262429E-10));
#3822=DIRECTION('',(5.77875800125884E-10,2.78543341990372E-26,-1.));
#3823=DIRECTION('',(-0.707106781305515,-0.70710678106758,-4.08619897021364E-10));
#3824=DIRECTION('',(0.70710678106758,-0.707106781305515,4.08619896883866E-10));
#3825=DIRECTION('',(-5.77875800125884E-10,0.,1.));
#3826=DIRECTION('',(1.,-1.68219604912414E-10,5.77874553764313E-10));
#3827=DIRECTION('',(5.77877252223094E-10,0.,-1.));
#3828=DIRECTION('',(0.707106781475805,-0.363654915982542,-0.606428150461915));
#3829=DIRECTION('',(1.,-1.68219604912414E-10,5.77874553764313E-10));
#3830=DIRECTION('',(-5.77876635432517E-10,0.,1.));
#3831=DIRECTION('',(-1.,1.68219000041737E-10,-5.77875800125884E-10));
#3832=DIRECTION('',(-5.77877252223092E-10,0.,1.));
#3833=DIRECTION('',(1.,-1.6821900004173E-10,5.77875800125866E-10));
#3834=DIRECTION('',(5.77876131096361E-10,0.,-1.));
#3835=DIRECTION('',(0.707106781598164,0.363654916095054,-0.606428150251772));
#3836=DIRECTION('',(1.,-1.6821900004173E-10,5.77875800125866E-10));
#3837=DIRECTION('',(5.77875800125866E-10,0.,-1.));
#3838=DIRECTION('',(-1.,1.68219000083476E-10,-5.77875800125884E-10));
#3839=DIRECTION('',(-5.77875800125884E-10,0.,1.));
#3840=DIRECTION('',(1.,-1.68219604912404E-10,5.77874553764281E-10));
#3841=DIRECTION('',(5.77877252223094E-10,0.,-1.));
#3842=DIRECTION('',(0.70710678130549,0.707106781067605,4.08618134399867E-10));
#3843=DIRECTION('',(1.,-1.68219604912404E-10,5.77874553764281E-10));
#3844=DIRECTION('',(-5.77876635432517E-10,-1.04083408558608E-15,1.));
#3845=DIRECTION('',(-1.,1.68219000041737E-10,-5.77875800125884E-10));
#3846=DIRECTION('',(-5.77877252223095E-10,0.,1.));
#3847=DIRECTION('',(-0.707106781067605,0.70710678130549,-4.08619896883881E-10));
#3848=DIRECTION('',(-7.22334240582557E-10,-1.44458440408075E-10,1.));
#3849=DIRECTION('',(-0.707106781067605,0.70710678130549,-4.08619896883881E-10));
#3850=DIRECTION('',(0.70710678130549,0.707106781067605,4.08619897021349E-10));
#3851=DIRECTION('',(-5.77875800125884E-10,-2.78543341646204E-26,1.));
#3852=DIRECTION('',(5.77875800125884E-10,7.31131275625857E-26,-1.));
#3853=DIRECTION('',(1.,-1.68219000041737E-10,5.77875800125894E-10));
#3854=DIRECTION('',(5.77875585221548E-10,0.,-1.));
#3855=DIRECTION('',(-1.,1.68219000041737E-10,-5.77875800125884E-10));
#3856=DIRECTION('',(-5.77875585221548E-10,0.,1.));
#3857=DIRECTION('',(1.,-1.68219000041737E-10,5.77875800125894E-10));
#3858=DIRECTION('',(-5.77875466776702E-10,0.,1.));
#3859=DIRECTION('',(-1.68219000041737E-10,-1.,-9.72097687986171E-20));
#3860=DIRECTION('',(1.,-1.68220093357844E-10,2.08679238045325E-20));
#3861=DIRECTION('',(1.68219000041737E-10,1.,9.72097687986171E-20));
#3862=DIRECTION('',(-1.,1.68219000041737E-10,0.));
#3863=DIRECTION('',(-1.68219000041737E-10,-1.,-9.72097687986171E-20));
#3864=DIRECTION('',(1.,-1.68220093357844E-10,2.08679238045325E-20));
#3865=DIRECTION('',(-1.68219000041737E-10,-1.,-9.72097687986171E-20));
#3866=DIRECTION('',(1.,-1.68219000041737E-10,0.));
#3867=DIRECTION('',(5.77875800125884E-10,2.16743224959543E-16,-1.));
#3868=DIRECTION('',(-1.,2.0868451894702E-20,-5.77874759267498E-10));
#3869=DIRECTION('',(5.77875800125884E-10,2.16743224959543E-16,-1.));
#3870=DIRECTION('',(-1.,2.0868451894702E-20,-5.77874759267498E-10));
#3871=DIRECTION('',(1.,-1.68219000041737E-10,5.77875800125884E-10));
#3872=DIRECTION('',(5.77875466776702E-10,0.,-1.));
#3873=DIRECTION('',(-1.,1.68219000083476E-10,-5.77875800125884E-10));
#3874=DIRECTION('',(-5.77875800125884E-10,0.,1.));
#3875=DIRECTION('',(-1.,1.68219000041737E-10,-5.77875800125884E-10));
#3876=DIRECTION('',(-1.,1.68219000041737E-10,-5.77875800125884E-10));
#3877=DIRECTION('',(-5.77875466776702E-10,0.,1.));
#3878=DIRECTION('',(1.,-1.68219000041737E-10,5.77875800125884E-10));
#3879=DIRECTION('',(-1.,1.68219000083476E-10,-5.77875800125884E-10));
#3880=DIRECTION('',(-5.77875800125884E-10,0.,1.));
#3881=DIRECTION('',(-1.,1.68219000041737E-10,-5.77875800125884E-10));
#3882=DIRECTION('',(-1.,1.68219000041737E-10,-5.77875800125884E-10));
#3883=DIRECTION('',(-5.77875466776702E-10,0.,1.));
#3884=DIRECTION('',(1.,-1.68219000041737E-10,5.77875800125884E-10));
#3885=DIRECTION('',(-1.,1.68219000041737E-10,-5.77875800125884E-10));
#3886=DIRECTION('',(-5.77875800125884E-10,0.,1.));
#3887=DIRECTION('',(-1.,1.68219000083476E-10,-5.77875800125884E-10));
#3888=DIRECTION('',(-1.68219E-10,-1.,-1.44453E-10));
#3889=DIRECTION('',(5.77875800125884E-10,7.95531224555329E-26,-1.));
#3890=DIRECTION('',(-1.,1.68219000083476E-10,-5.77875800125884E-10));
#3891=DIRECTION('',(-1.68219E-10,-1.,-1.44453E-10));
#3892=DIRECTION('',(-5.77875800125884E-10,-7.95531224555329E-26,1.));
#3893=DIRECTION('',(-1.68219000041737E-10,-1.,-9.72096717224771E-20));
#3894=DIRECTION('',(1.,-1.68219000041737E-10,0.));
#3895=DIRECTION('',(-5.77875800125884E-10,1.75230174822235E-26,1.));
#3896=DIRECTION('',(5.77875800125884E-10,-1.75230174822235E-26,-1.));
#3897=DIRECTION('',(1.,-1.68219000041737E-10,5.77875800125884E-10));
#3898=DIRECTION('',(1.,-1.68219000041737E-10,5.77875800125884E-10));
#3899=DIRECTION('',(1.68219000041737E-10,1.,2.645542677815E-16));
#3900=DIRECTION('',(-1.,1.68219000041737E-10,0.));
#3901=DIRECTION('',(-5.77875800125884E-10,-2.64457058092255E-16,1.));
#3902=DIRECTION('',(-1.,1.68219000041737E-10,-5.77875800125884E-10));
#3903=DIRECTION('',(-1.,1.68219000041737E-10,-5.77875800125884E-10));
#3904=DIRECTION('',(-5.77875800125884E-10,-2.64457058092255E-16,1.));
#3905=DIRECTION('',(1.,-1.68219000083476E-10,5.77875800125884E-10));
#3906=DIRECTION('',(5.77875800125884E-10,-4.86032330195607E-20,-1.));
#3907=DIRECTION('',(-1.,1.68219000083476E-10,-5.77875800125884E-10));
#3908=DIRECTION('',(-5.77875800125884E-10,0.,1.));
#3909=DIRECTION('',(-1.,1.68219000083476E-10,-5.77875800125884E-10));
#3910=DIRECTION('',(-1.68219E-10,-1.,-1.44453E-10));
#3911=DIRECTION('',(1.68219000041737E-10,1.,9.72097687986171E-20));
#3912=DIRECTION('',(2.889479999757E-10,4.86032323973598E-20,-1.));
#3913=DIRECTION('',(1.,-1.68219000041737E-10,5.77875800125884E-10));
#3914=DIRECTION('',(-1.67912825832291E-10,-1.,-2.88682121336189E-10));
#3915=DIRECTION('',(-0.797097089703774,3.08163862887623E-10,-0.603851165094324));
#3916=DIRECTION('',(1.,-1.68219000041737E-10,5.77875800125884E-10));
#3917=DIRECTION('',(-1.68580275157168E-10,-1.,-2.88639063619079E-10));
#3918=DIRECTION('',(0.776951404415307,5.0737088365243E-11,-0.62956057308021));
#3919=DIRECTION('',(1.,-1.68219000041737E-10,5.77875800125884E-10));
#3920=DIRECTION('',(5.77875800125884E-10,7.95531224555329E-26,-1.));
#3921=DIRECTION('',(-1.,1.68219000041737E-10,-5.77875800125884E-10));
#3922=DIRECTION('',(-1.679974423872E-10,-1.,-2.88747817991165E-10));
#3923=DIRECTION('',(0.797097089703784,-3.08270972103984E-10,0.603851165094312));
#3924=DIRECTION('',(-1.,1.68219000041737E-10,-5.77875800125884E-10));
#3925=DIRECTION('',(-1.68445497374513E-10,-1.,-2.88744066208404E-10));
#3926=DIRECTION('',(-0.776951404416605,-5.09079158311349E-11,0.629560573078608));
#3927=DIRECTION('',(-1.,1.68219000041737E-10,-5.77875800125884E-10));
#3928=DIRECTION('',(-1.68219000041737E-10,-1.,-9.72097687986171E-20));
#3929=DIRECTION('',(0.999999999999941,-1.68219000041727E-10,-3.42792041735688E-7));
#3930=DIRECTION('',(-1.,1.68219000041737E-10,-5.77875800125884E-10));
#3931=DIRECTION('',(1.,-1.68219000041737E-10,5.77875800125884E-10));
#3932=DIRECTION('',(1.68583222278348E-10,1.,2.88636146081762E-10));
#3933=DIRECTION('',(-0.797097090401674,-3.99160709911671E-11,0.603851164173081));
#3934=DIRECTION('',(1.,-1.68219000041737E-10,5.77875800125884E-10));
#3935=DIRECTION('',(1.67869679817896E-10,1.,2.88647704269473E-10));
#3936=DIRECTION('',(0.776951403688979,-3.12147794086605E-10,0.629560573976583));
#3937=DIRECTION('',(1.,-1.68219000041737E-10,5.77875800125884E-10));
#3938=DIRECTION('',(-5.77875800125884E-10,-7.95531224555329E-26,1.));
#3939=DIRECTION('',(-1.,1.68219000041737E-10,-5.77875800125884E-10));
#3940=DIRECTION('',(1.68104952306616E-10,1.,2.89004832615256E-10));
#3941=DIRECTION('',(0.797097090403148,4.05199324298854E-11,-0.603851164171135));
#3942=DIRECTION('',(-1.,1.68219000041737E-10,-5.77875800125884E-10));
#3943=DIRECTION('',(1.68294642561245E-10,1.,2.88974619688449E-10));
#3944=DIRECTION('',(-0.776951403688968,3.12683793622289E-10,-0.629560573976597));
#3945=DIRECTION('',(1.,-1.68219000041737E-10,5.77875800125884E-10));
#3946=DIRECTION('',(-5.77875800125884E-10,-1.44452852457455E-10,1.));
#3947=DIRECTION('',(-1.,1.68219000041737E-10,-5.77875800125884E-10));
#3948=DIRECTION('',(1.,-1.68219000041737E-10,5.77875800125884E-10));
#3949=DIRECTION('',(-5.77875800125884E-10,-1.44452852457455E-10,1.));
#3950=DIRECTION('',(-1.,1.68219000041737E-10,-5.77875800125884E-10));
#3951=DIRECTION('',(1.,-1.68219000041737E-10,5.77875800125884E-10));
#3952=DIRECTION('',(-5.77875800125884E-10,-1.44452852457455E-10,1.));
#3953=DIRECTION('',(-1.,1.68219000041737E-10,-5.77875800125884E-10));
#3954=DIRECTION('',(1.,-1.68219000041737E-10,5.77875215486013E-10));
#3955=DIRECTION('',(5.77873859874956E-10,1.44451117733979E-10,-1.));
#3956=DIRECTION('',(1.,-1.68219000041737E-10,5.77875800125884E-10));
#3957=DIRECTION('',(-5.77875800125884E-10,-1.44452852457455E-10,1.));
#3958=DIRECTION('',(1.,-1.68219000041737E-10,5.77875800125884E-10));
#3959=DIRECTION('',(1.,-1.68219000041737E-10,5.77875800125884E-10));
#3960=DIRECTION('',(-5.77875800125884E-10,-1.44452852457455E-10,1.));
#3961=DIRECTION('',(1.,-1.68219000041737E-10,5.77875800125884E-10));
#3962=DIRECTION('',(1.,-1.68219000041737E-10,5.77875800125884E-10));
#3963=DIRECTION('',(-5.77875800125884E-10,-1.44452852457455E-10,1.));
#3964=DIRECTION('',(1.,-1.68219000041737E-10,5.77875215486013E-10));
#3965=DIRECTION('',(5.77873859874956E-10,1.44452852457455E-10,-1.));
#3966=DIRECTION('',(1.,-1.68219000041737E-10,5.77875800125884E-10));
#3967=DIRECTION('',(1.,-1.68219000041737E-10,5.77875523881297E-10));
#3968=DIRECTION('',(-5.77875401851379E-10,-1.44452999951397E-10,1.));
#3969=DIRECTION('',(1.,-1.68219000041737E-10,5.77875604501982E-10));
#3970=DIRECTION('',(-5.77875301538652E-10,-1.44452999951397E-10,1.));
#3971=DIRECTION('',(-1.,1.68219000041737E-10,-5.77875699147753E-10));
#3972=DIRECTION('',(5.7787561921273E-10,1.44452999951397E-10,-1.));
#3973=DIRECTION('',(1.,-1.68219000041737E-10,5.77875800125884E-10));
#3974=DIRECTION('',(-5.77875800125884E-10,-1.44452999951397E-10,1.));
#3975=DIRECTION('',(1.,-1.68219000041737E-10,5.77875523881297E-10));
#3976=DIRECTION('',(-5.77875401851379E-10,-1.44452999951397E-10,1.));
#3977=DIRECTION('',(1.,-1.68219000041737E-10,5.77875523881297E-10));
#3978=DIRECTION('',(-5.77875401851379E-10,-1.44452999951397E-10,1.));
#3979=DIRECTION('',(-1.,1.68219000041737E-10,-5.77875770597525E-10));
#3980=DIRECTION('',(5.77875525209493E-10,1.44452999951397E-10,-1.));
#3981=DIRECTION('',(1.,-1.68219000041737E-10,5.77875699147753E-10));
#3982=DIRECTION('',(-5.7787561921273E-10,-1.44452999951397E-10,1.));
#3983=DIRECTION('',(-1.,1.68219000041737E-10,-5.77875604501982E-10));
#3984=DIRECTION('',(5.77875301538652E-10,1.44452999951397E-10,-1.));
#3985=DIRECTION('',(1.,-1.68219000041737E-10,5.77875800125884E-10));
#3986=DIRECTION('',(-5.77875800125884E-10,-1.44452999951397E-10,1.));
#3987=DIRECTION('',(1.,-1.68219000041737E-10,5.77875770597525E-10));
#3988=DIRECTION('',(5.77875525209493E-10,1.44452999951397E-10,-1.));
#3989=DIRECTION('',(-1.,1.68219000041737E-10,-5.77875770597525E-10));
#3990=DIRECTION('',(5.77875525209493E-10,1.44452999951397E-10,-1.));
#3991=DIRECTION('',(1.,-1.68219000041737E-10,5.77875800125884E-10));
#3992=DIRECTION('',(-5.77875800125884E-10,-1.44452999951397E-10,1.));
#3993=DIRECTION('',(-1.,1.68219000041737E-10,-5.77875523881297E-10));
#3994=DIRECTION('',(-5.77875401851379E-10,-1.44452999951397E-10,1.));
#3995=DIRECTION('',(1.,-1.68219000041737E-10,5.77875800125884E-10));
#3996=DIRECTION('',(-5.77875800125884E-10,-1.44452852457455E-10,1.));
#3997=DIRECTION('',(-1.,1.68219000041737E-10,-5.77875800125884E-10));
#3998=DIRECTION('',(1.,-1.68219000041737E-10,5.77875215486013E-10));
#3999=DIRECTION('',(5.77873859874956E-10,1.44454587180931E-10,-1.));
#4000=DIRECTION('',(1.,-1.68219000041737E-10,5.77875800125884E-10));
#4001=DIRECTION('',(-5.77875800125884E-10,-1.44452999951397E-10,1.));
#4002=DIRECTION('',(1.,-1.68219000041737E-10,5.77875523881297E-10));
#4003=DIRECTION('',(-5.77875401851379E-10,-1.44452999951397E-10,1.));
#4004=DIRECTION('',(1.,-1.68219000041737E-10,5.77875523881297E-10));
#4005=DIRECTION('',(-5.77875401851379E-10,-1.44452999951397E-10,1.));
#4006=DIRECTION('',(1.,-1.68219000041737E-10,5.77875800125884E-10));
#4007=DIRECTION('',(-5.77875800125884E-10,-1.44452999951397E-10,1.));
#4008=DIRECTION('',(1.,-1.68219000041737E-10,5.77875523881297E-10));
#4009=DIRECTION('',(-5.77875401851379E-10,-1.44452999951397E-10,1.));
#4010=DIRECTION('',(1.,-1.68219000041737E-10,5.77875800125884E-10));
#4011=DIRECTION('',(1.,-1.68219000041737E-10,5.77875523881297E-10));
#4012=DIRECTION('',(-5.77875401851379E-10,-1.44452999951397E-10,1.));
#4013=DIRECTION('',(1.,-1.68219000041737E-10,5.77875800125884E-10));
#4014=DIRECTION('',(-5.77875800125884E-10,-1.44452852457455E-10,1.));
#4015=DIRECTION('',(1.,-1.68219000041737E-10,5.77875215486013E-10));
#4016=DIRECTION('',(5.77873859874956E-10,1.44452852457455E-10,-1.));
#4017=DIRECTION('',(-1.,1.68219000041737E-10,-5.77875770597525E-10));
#4018=DIRECTION('',(5.77875525209493E-10,1.44452999951397E-10,-1.));
#4019=DIRECTION('',(-1.,1.68219000041737E-10,-5.77875604501982E-10));
#4020=DIRECTION('',(5.77875301538652E-10,1.44452999951397E-10,-1.));
#4021=DIRECTION('',(1.,-1.68219000041737E-10,5.77875699147753E-10));
#4022=DIRECTION('',(-5.7787561921273E-10,-1.44452999951397E-10,1.));
#4023=DIRECTION('',(1.,-1.68219000041737E-10,5.77875800125884E-10));
#4024=DIRECTION('',(-5.77875800125884E-10,-1.44452852457455E-10,1.));
#4025=DIRECTION('',(1.,-1.68219000041737E-10,5.77875800125884E-10));
#4026=DIRECTION('',(1.,-1.68219000041737E-10,5.77875523881297E-10));
#4027=DIRECTION('',(-5.77875401851379E-10,-1.44452999951397E-10,1.));
#4028=DIRECTION('',(1.,-1.68219000041737E-10,5.77875604501982E-10));
#4029=DIRECTION('',(-5.77875301538652E-10,-1.44452999951397E-10,1.));
#4030=DIRECTION('',(-1.,1.68219000041737E-10,-5.77875699147753E-10));
#4031=DIRECTION('',(5.7787561921273E-10,1.44452999951397E-10,-1.));
#4032=DIRECTION('',(1.,-1.68219000041737E-10,5.77875800125884E-10));
#4033=DIRECTION('',(-5.77875800125884E-10,-1.44452852457455E-10,1.));
#4034=DIRECTION('',(1.,-1.68219000041737E-10,5.77875800125884E-10));
#4035=DIRECTION('',(1.,-1.68219000041737E-10,5.77875800125884E-10));
#4036=DIRECTION('',(-5.77875800125884E-10,-1.44452852457455E-10,1.));
#4037=DIRECTION('',(-1.,1.68219000041737E-10,-5.77875800125884E-10));
#4038=DIRECTION('',(1.,-1.68219000041737E-10,5.77875523881297E-10));
#4039=DIRECTION('',(-5.77875401851379E-10,-1.44452999951397E-10,1.));
#4040=DIRECTION('',(1.,-1.68219000041737E-10,5.77875604501982E-10));
#4041=DIRECTION('',(-5.77875301538652E-10,-1.44452999951397E-10,1.));
#4042=DIRECTION('',(-1.,1.68219000041737E-10,-5.77875699147753E-10));
#4043=DIRECTION('',(5.7787561921273E-10,1.44452999951397E-10,-1.));
#4044=DIRECTION('',(1.,-1.68219000041737E-10,5.77875800125884E-10));
#4045=DIRECTION('',(-5.77875800125884E-10,-1.44452852457455E-10,1.));
#4046=DIRECTION('',(-1.,1.68219000041737E-10,-5.77875800125884E-10));
#4047=DIRECTION('',(-1.,1.68219000041737E-10,-5.77875770597525E-10));
#4048=DIRECTION('',(5.77875525209493E-10,1.44452999951397E-10,-1.));
#4049=DIRECTION('',(-1.,1.68219000041737E-10,-5.77875604501982E-10));
#4050=DIRECTION('',(5.77875301538652E-10,1.44452999951397E-10,-1.));
#4051=DIRECTION('',(1.,-1.68219000041737E-10,5.77875699147753E-10));
#4052=DIRECTION('',(-5.7787561921273E-10,-1.44452999951397E-10,1.));
#4053=DIRECTION('',(1.,-1.68219000041737E-10,5.77875800125884E-10));
#4054=DIRECTION('',(-5.77875800125884E-10,-1.44452999951397E-10,1.));
#4055=DIRECTION('',(-1.,1.68219000041737E-10,-5.77875523881297E-10));
#4056=DIRECTION('',(-5.77875401851379E-10,-1.44452999951397E-10,1.));
#4057=DIRECTION('',(1.,-1.68219000041737E-10,5.77875800125884E-10));
#4058=DIRECTION('',(-5.77875800125884E-10,-1.44452999951397E-10,1.));
#4059=DIRECTION('',(1.,-1.68219000041737E-10,5.77875770597525E-10));
#4060=DIRECTION('',(5.77875525209493E-10,1.44452999951397E-10,-1.));
#4061=DIRECTION('',(-1.,1.68219000041737E-10,-5.77875770597525E-10));
#4062=DIRECTION('',(5.77875525209493E-10,1.44452999951397E-10,-1.));
#4063=DIRECTION('',(1.,-1.68219000041737E-10,5.77875800125884E-10));
#4064=DIRECTION('',(-5.77875800125884E-10,-1.44452999951397E-10,1.));
#4065=DIRECTION('',(1.,-1.68219000041737E-10,5.77875770597525E-10));
#4066=DIRECTION('',(5.77875525209493E-10,1.44452999951397E-10,-1.));
#4067=DIRECTION('',(-1.,1.68219000041737E-10,-5.77875770597525E-10));
#4068=DIRECTION('',(5.77875525209493E-10,1.44452999951397E-10,-1.));
#4069=DIRECTION('',(-0.628721880124839,-1.18907866100333E-10,0.777630244687208));
#4070=DIRECTION('',(-0.777630244687206,2.21633475461226E-10,-0.628721880124842));
#4071=DIRECTION('',(-1.09815254399256E-10,0.893028554844576,0.450000000258009));
#4072=DIRECTION('',(3.33733041202322E-10,0.450000000258008,-0.893028554844577));
#4073=DIRECTION('',(-1.,1.68219000041737E-10,-5.77875785361705E-10));
#4074=DIRECTION('',(5.77875785386004E-10,1.44452999951397E-10,-1.));
#4075=DIRECTION('',(4.10265118320882E-10,0.893028555104601,-0.449999999741989));
#4076=DIRECTION('',(1.82340254006874E-10,-0.449999999741988,-0.893028555104601));
#4077=DIRECTION('',(0.628721880124844,1.18910564047214E-10,-0.777630244687205));
#4078=DIRECTION('',(0.777630244687204,-2.21633475461226E-10,0.628721880124845));
#4079=DIRECTION('',(0.628721879226093,-3.30442523228388E-10,0.777630245413854));
#4080=DIRECTION('',(-0.777630245413855,3.99905802916932E-11,0.628721879226092));
#4081=DIRECTION('',(-1.09820794619607E-10,0.893028554844576,0.450000000258009));
#4082=DIRECTION('',(3.33733041202322E-10,0.450000000258008,-0.893028554844577));
#4083=DIRECTION('',(-1.,1.68219000041737E-10,-5.77875662003591E-10));
#4084=DIRECTION('',(5.7787566202789E-10,1.44452999951397E-10,-1.));
#4085=DIRECTION('',(4.1026998473065E-10,0.893028555104601,-0.449999999741986));
#4086=DIRECTION('',(1.82340254006874E-10,-0.449999999741986,-0.893028555104601));
#4087=DIRECTION('',(-0.628721879226093,3.30427770637605E-10,-0.777630245413854));
#4088=DIRECTION('',(0.777630245413855,-3.99905802916932E-11,-0.628721879226092));
#4089=DIRECTION('',(0.628721880124837,1.18907866100334E-10,-0.77763024468721));
#4090=DIRECTION('',(0.777630244687213,-2.21633475461224E-10,0.628721880124834));
#4091=DIRECTION('',(4.10266465942045E-10,0.893028555104602,-0.449999999741985));
#4092=DIRECTION('',(1.82340254006874E-10,-0.449999999741985,-0.893028555104602));
#4093=DIRECTION('',(-1.,1.68219000041737E-10,-5.77875662003591E-10));
#4094=DIRECTION('',(5.7787566202789E-10,1.44452999951397E-10,-1.));
#4095=DIRECTION('',(-1.,1.68219000041737E-10,-5.77875662003591E-10));
#4096=DIRECTION('',(5.7787566202789E-10,1.44452999951397E-10,-1.));
#4097=DIRECTION('',(-1.09816826623946E-10,0.893028554844575,0.450000000258011));
#4098=DIRECTION('',(3.33733041202322E-10,0.450000000258012,-0.893028554844575));
#4099=DIRECTION('',(-0.628721880124839,-1.18902470206567E-10,0.777630244687208));
#4100=DIRECTION('',(-0.777630244687206,2.21633475461226E-10,-0.628721880124842));
#4101=DIRECTION('',(-0.628721879226093,3.30433797959554E-10,-0.777630245413854));
#4102=DIRECTION('',(0.777630245413855,-3.99905802916932E-11,-0.628721879226092));
#4103=DIRECTION('',(4.102714820875E-10,0.893028555104602,-0.449999999741985));
#4104=DIRECTION('',(1.82340254006874E-10,-0.449999999741985,-0.893028555104602));
#4105=DIRECTION('',(-1.,1.68219000041737E-10,-5.77875785361705E-10));
#4106=DIRECTION('',(5.77875785386004E-10,1.44452999951397E-10,-1.));
#4107=DIRECTION('',(-1.,1.68219000041737E-10,-5.77875785361705E-10));
#4108=DIRECTION('',(5.77875785386004E-10,1.44452999951397E-10,-1.));
#4109=DIRECTION('',(-1.09820794619607E-10,0.893028554844576,0.450000000258009));
#4110=DIRECTION('',(3.33733041202322E-10,0.450000000258008,-0.893028554844577));
#4111=DIRECTION('',(0.628721879226095,-3.30439825281503E-10,0.777630245413852));
#4112=DIRECTION('',(-0.777630245413853,3.99905802916932E-11,0.628721879226094));
#4113=DIRECTION('',(-0.282469052340676,-0.565618088007828,-0.774782171315351));
#4114=DIRECTION('',(-3.06241143555042E-10,-0.807673535630961,0.589629934655104));
#4115=DIRECTION('',(1.52926785024811E-10,-0.857618915268766,-0.514285714533494));
#4116=DIRECTION('',(-3.3431590829025E-10,-0.514285714533495,0.857618915268765));
#4117=DIRECTION('',(1.,-1.68219000041737E-10,5.77875662003591E-10));
#4118=DIRECTION('',(-5.7787566202789E-10,-1.44452999951397E-10,1.));
#4119=DIRECTION('',(1.,-1.68219000041737E-10,5.77875604501982E-10));
#4120=DIRECTION('',(-5.77875301538652E-10,-1.44452999951397E-10,1.));
#4121=DIRECTION('',(-4.41463800107405E-10,-0.857618915565938,0.514285714037931));
#4122=DIRECTION('',(-1.61301527690227E-10,0.514285714037932,0.857618915565938));
#4123=DIRECTION('',(0.282469052153116,-0.565618088548181,0.774782170989255));
#4124=DIRECTION('',(-3.45001804902267E-11,0.8076735352917,0.589629935119823));
#4125=DIRECTION('',(0.282469053043597,-0.565618088107786,-0.774782170986108));
#4126=DIRECTION('',(-3.06241143555042E-10,-0.807673535568353,0.589629934740865));
#4127=DIRECTION('',(1.52925287667959E-10,-0.857618915268766,-0.514285714533494));
#4128=DIRECTION('',(-3.3431590829025E-10,-0.514285714533495,0.857618915268765));
#4129=DIRECTION('',(1.,-1.68219000041737E-10,5.77875785361705E-10));
#4130=DIRECTION('',(-5.77875785386004E-10,-1.44452999951397E-10,1.));
#4131=DIRECTION('',(-4.41459832111748E-10,-0.857618915565938,0.514285714037931));
#4132=DIRECTION('',(-1.61301527690227E-10,0.514285714037932,0.857618915565938));
#4133=DIRECTION('',(-0.282469053235915,-0.565618088455447,0.774782170662189));
#4134=DIRECTION('',(-3.45001804902268E-11,0.807673535231183,0.589629935202719));
#4135=DIRECTION('',(0.282469052337319,0.565618088015641,0.774782171310871));
#4136=DIRECTION('',(3.06241143555042E-10,0.80767353562546,-0.58962993466264));
#4137=DIRECTION('',(-1.52919373108396E-10,0.857618915268761,0.514285714533502));
#4138=DIRECTION('',(3.3431590829025E-10,0.514285714533502,-0.857618915268761));
#4139=DIRECTION('',(1.,-1.68219000041737E-10,5.77875785361705E-10));
#4140=DIRECTION('',(-5.77875785386004E-10,-1.44452999951397E-10,1.));
#4141=DIRECTION('',(1.,-1.68219000041737E-10,5.77875785361705E-10));
#4142=DIRECTION('',(-5.77875785386004E-10,-1.44452999951397E-10,1.));
#4143=DIRECTION('',(4.41460056715278E-10,0.857618915565936,-0.514285714037934));
#4144=DIRECTION('',(1.61301527690227E-10,-0.514285714037934,-0.857618915565936));
#4145=DIRECTION('',(-0.28246905215017,0.565618088550474,-0.774782170988654));
#4146=DIRECTION('',(3.45001804902267E-11,-0.807673535290343,-0.589629935121682));
#4147=DIRECTION('',(-0.282469053045836,0.565618088102861,0.774782170988887));
#4148=DIRECTION('',(3.06241143555042E-10,0.807673535571804,-0.589629934736137));
#4149=DIRECTION('',(-1.52929630002836E-10,0.857618915268763,0.514285714533498));
#4150=DIRECTION('',(3.3431590829025E-10,0.514285714533497,-0.857618915268763));
#4151=DIRECTION('',(4.41457810679997E-10,0.857618915565938,-0.514285714037931));
#4152=DIRECTION('',(1.61301527690227E-10,-0.514285714037932,-0.857618915565938));
#4153=DIRECTION('',(0.282469053235912,0.565618088455444,-0.774782170662191));
#4154=DIRECTION('',(3.45001804902267E-11,-0.807673535231186,-0.589629935202715));
#4155=DIRECTION('',(1.,-1.68219000041737E-10,5.77875662003591E-10));
#4156=DIRECTION('',(-5.7787566202789E-10,-1.44452999951397E-10,1.));
#4157=DIRECTION('',(-1.,1.68219000083476E-10,-5.77875800125884E-10));
#4158=DIRECTION('',(-1.68219E-10,-1.,-1.44453E-10));
#4159=DIRECTION('',(-1.,1.68219000083476E-10,-5.77875800125884E-10));
#4160=DIRECTION('',(-1.68219E-10,-1.,-1.44453E-10));
#4161=DIRECTION('',(1.,-1.68219000041737E-10,5.77875523881297E-10));
#4162=DIRECTION('',(-5.77875401851379E-10,-1.44452999951397E-10,1.));
#4163=DIRECTION('',(1.,-1.68219000041737E-10,5.77875523881297E-10));
#4164=DIRECTION('',(-5.77875401851379E-10,-1.44452999951397E-10,1.));
#4165=DIRECTION('',(-1.,1.68219000041737E-10,-5.77875699147753E-10));
#4166=DIRECTION('',(5.7787561921273E-10,1.44452999951397E-10,-1.));
#4167=DIRECTION('',(1.,-1.68219000041737E-10,5.77875800125884E-10));
#4168=DIRECTION('',(-5.77875800125884E-10,-1.44452999951397E-10,1.));
#4169=DIRECTION('',(1.,-1.68219000041737E-10,5.77875523881297E-10));
#4170=DIRECTION('',(-5.77875401851379E-10,-1.44452999951397E-10,1.));
#4171=DIRECTION('',(-1.,1.68219000041737E-10,-5.77875770597525E-10));
#4172=DIRECTION('',(5.77875525209493E-10,1.44452999951397E-10,-1.));
#4173=DIRECTION('',(-1.,1.68219000041737E-10,-5.77875604501982E-10));
#4174=DIRECTION('',(5.77875301538652E-10,1.44452999951397E-10,-1.));
#4175=DIRECTION('',(1.,-1.68219000041737E-10,5.77875699147753E-10));
#4176=DIRECTION('',(-5.7787561921273E-10,-1.44452999951397E-10,1.));
#4177=DIRECTION('',(1.,-1.68219000041737E-10,5.77875800125884E-10));
#4178=DIRECTION('',(-5.77875800125884E-10,-1.44452999951397E-10,1.));
#4179=DIRECTION('',(-1.,1.68219000041737E-10,-5.77875770597525E-10));
#4180=DIRECTION('',(5.77875525209493E-10,1.44452999951397E-10,-1.));
#4181=DIRECTION('',(1.,-1.68219000041737E-10,5.77875770597525E-10));
#4182=DIRECTION('',(5.77875525209493E-10,1.44452999951397E-10,-1.));
#4183=DIRECTION('',(-1.,1.68219000041737E-10,-5.77875785361705E-10));
#4184=DIRECTION('',(5.77875785386004E-10,1.44452999951397E-10,-1.));
#4185=DIRECTION('',(-1.,1.68219000041737E-10,-5.77875662003591E-10));
#4186=DIRECTION('',(5.7787566202789E-10,1.44452999951397E-10,-1.));
#4187=DIRECTION('',(1.,-1.68219000041737E-10,5.77875785361705E-10));
#4188=DIRECTION('',(-5.77875785386004E-10,-1.44452999951397E-10,1.));
#4189=DIRECTION('',(1.68219000041737E-10,1.,9.72097687986171E-20));
#4190=DIRECTION('',(-1.,1.68219000041737E-10,0.));
#4191=DIRECTION('',(-1.68219000041737E-10,-1.,-9.72097687986171E-20));
#4192=DIRECTION('',(1.,-1.68219000041737E-10,0.));
#4193=CARTESIAN_POINT('',(0.,0.,0.));
#4194=CARTESIAN_POINT('',(-0.129500039436512,0.00294405845209449,-0.0140000000748349));
#4195=CARTESIAN_POINT('',(-0.129500039442414,-0.00564544889523365,-0.0062869958333988));
#4196=CARTESIAN_POINT('',(-0.12950003943596,0.0037463160327652,-0.014720392510888));
#4197=CARTESIAN_POINT('',(-0.129500039436512,0.00294405845209449,-0.0140000000748349));
#4198=CARTESIAN_POINT('',(-0.12950003943596,0.00374631603276519,-0.014720392510888));
#4199=CARTESIAN_POINT('',(-0.13400003943596,0.00374631603352218,-0.0147203925134884));
#4200=CARTESIAN_POINT('',(-0.134177496414717,0.00314168158021067,-0.0141774570558792));
#4201=CARTESIAN_POINT('',(-0.134087638820024,0.00333823735812899,-0.0143539556008051));
#4202=CARTESIAN_POINT('',(-0.134024923473934,0.00353920325088655,-0.0145344142371755));
#4203=CARTESIAN_POINT('',(-0.13400003943596,0.00374631603352218,-0.0147203925134884));
#4204=CARTESIAN_POINT('',(-0.134177496414715,0.00314168158020861,-0.0141774570558774));
#4205=CARTESIAN_POINT('',(-0.133296803546259,0.0021609070819711,-0.0132967641869924));
#4206=CARTESIAN_POINT('',(-0.134000039436512,0.00294405845285147,-0.0140000000774354));
#4207=CARTESIAN_POINT('',(-0.134000039436512,0.00294405845285147,-0.0140000000774354));
#4208=CARTESIAN_POINT('',(-0.129500039453683,-0.00294405840852576,0.0139999999251651));
#4209=CARTESIAN_POINT('',(-0.129500039453683,-0.00294405840852576,0.0139999999251651));
#4210=CARTESIAN_POINT('',(-0.129500039454234,-0.00374631598919647,0.0147203923612181));
#4211=CARTESIAN_POINT('',(-0.129500039453683,-0.00294405840852576,0.0139999999251651));
#4212=CARTESIAN_POINT('',(-0.129500039454234,-0.00374631598919647,0.0147203923612181));
#4213=CARTESIAN_POINT('',(-0.134000039454234,-0.00374631598843947,0.0147203923586177));
#4214=CARTESIAN_POINT('',(-0.13417749643216,-0.00314168153506824,0.0141774569008033));
#4215=CARTESIAN_POINT('',(-0.134087638837737,-0.00333823731301729,0.0143539554458335));
#4216=CARTESIAN_POINT('',(-0.134024923491923,-0.00353920320579495,0.0145344140822756));
#4217=CARTESIAN_POINT('',(-0.134000039454234,-0.00374631598843948,0.0147203923586177));
#4218=CARTESIAN_POINT('',(-0.134177496432155,-0.00314168153507124,0.0141774569007986));
#4219=CARTESIAN_POINT('',(-0.133296803562399,-0.00216090703549589,0.0132967640314715));
#4220=CARTESIAN_POINT('',(-0.134000039453683,-0.00294405840776877,0.0139999999225646));
#4221=CARTESIAN_POINT('',(-0.134000039453683,-0.00294405840776877,0.0139999999225646));
#4222=CARTESIAN_POINT('',(-0.114500039440157,-0.0119999999917012,-0.0120415946340347));
#4223=CARTESIAN_POINT('',(-0.114500039452748,-0.0119999999917011,0.00974679427076925));
#4224=CARTESIAN_POINT('',(-0.114500039452748,-0.0119999999917011,0.00974679427076925));
#4225=CARTESIAN_POINT('',(-0.114000039452832,-0.0124999999917853,0.00974679427105818));
#4226=CARTESIAN_POINT('',(-0.1140000394472,-0.0124999999917853,1.06908339070524E-11));
#4227=CARTESIAN_POINT('',(-0.114000039441567,-0.0124999999917853,-0.00974679440281392));
#4228=CARTESIAN_POINT('',(-0.114000039441567,-0.0124999999917853,-0.00974679440281392));
#4229=CARTESIAN_POINT('',(-0.114500039441483,-0.0119999999917012,-0.00974679440310285));
#4230=CARTESIAN_POINT('',(-0.114500039440157,-0.0119999999917012,-0.0120415946340347));
#4231=CARTESIAN_POINT('',(-0.114000039440642,-0.00699999999178526,-0.00974679440281392));
#4232=CARTESIAN_POINT('',(-0.1140000394386,-0.010208333330143,-0.0142140751405763));
#4233=CARTESIAN_POINT('',(-0.1140000394386,-0.010208333330143,-0.0142140751405763));
#4234=CARTESIAN_POINT('',(-0.114500039438786,-0.00991666666293542,-0.0138079587101595));
#4235=CARTESIAN_POINT('',(-0.114500039440642,-0.00699999999170115,-0.00974679440310285));
#4236=CARTESIAN_POINT('',(-0.114000039440642,-0.00699999999178526,-0.00974679440281392));
#4237=CARTESIAN_POINT('',(-0.114000039451907,-0.00699999999178526,0.00974679427105818));
#4238=CARTESIAN_POINT('',(-0.114500039454745,-0.00991666666293542,0.0138079585778259));
#4239=CARTESIAN_POINT('',(-0.114500039454745,-0.00991666666293542,0.0138079585778259));
#4240=CARTESIAN_POINT('',(-0.114000039455028,-0.010208333330143,0.0142140750088205));
#4241=CARTESIAN_POINT('',(-0.114000039451907,-0.00699999999178526,0.00974679427105818));
#4242=CARTESIAN_POINT('',(-0.114500039451907,-0.00699999999170115,0.00974679427076925));
#4243=CARTESIAN_POINT('',(-0.114500039445097,1.9261087344364E-11,-6.61668036435043E-11));
#4244=CARTESIAN_POINT('',(-0.114000039435166,0.0102083333684969,-0.0142140751405763));
#4245=CARTESIAN_POINT('',(-0.114000039435166,0.0102083333684969,-0.0142140751405763));
#4246=CARTESIAN_POINT('',(-0.11450003943545,0.00991666670145757,-0.0138079587101596));
#4247=CARTESIAN_POINT('',(-0.114500039445097,1.9261087344364E-11,-6.61668036435043E-11));
#4248=CARTESIAN_POINT('',(-0.114000039445097,1.9176977843571E-11,-6.58778657434414E-11));
#4249=CARTESIAN_POINT('',(-0.114500039445097,1.9261087344364E-11,-6.61668036435043E-11));
#4250=CARTESIAN_POINT('',(-0.114500039451408,0.00991666670145757,0.0138079585778259));
#4251=CARTESIAN_POINT('',(-0.114500039451408,0.00991666670145757,0.013807958577826));
#4252=CARTESIAN_POINT('',(-0.114000039451594,0.0102083333684969,0.0142140750088206));
#4253=CARTESIAN_POINT('',(-0.114000039445097,1.91769778443432E-11,-6.58778657434414E-11));
#4254=CARTESIAN_POINT('',(-0.114500039445097,1.9261087344364E-11,-6.61668036435043E-11));
#4255=CARTESIAN_POINT('',(-0.114000039438287,0.0070000000301392,-0.00974679440281393));
#4256=CARTESIAN_POINT('',(-0.114000039437362,0.0125000000301392,-0.00974679440281393));
#4257=CARTESIAN_POINT('',(-0.114000039437362,0.0125000000301392,-0.00974679440281393));
#4258=CARTESIAN_POINT('',(-0.114500039437446,0.0120000000302233,-0.00974679440310286));
#4259=CARTESIAN_POINT('',(-0.114500039438287,0.00700000003022331,-0.00974679440310286));
#4260=CARTESIAN_POINT('',(-0.114000039438287,0.0070000000301392,-0.00974679440281393));
#4261=CARTESIAN_POINT('',(-0.114000039449552,0.0070000000301392,0.0097467942710582));
#4262=CARTESIAN_POINT('',(-0.114500039448711,0.0120000000302233,0.00974679427076926));
#4263=CARTESIAN_POINT('',(-0.114500039448711,0.0120000000302233,0.00974679427076926));
#4264=CARTESIAN_POINT('',(-0.114000039448627,0.0125000000301392,0.00974679427105819));
#4265=CARTESIAN_POINT('',(-0.114000039449552,0.0070000000301392,0.0097467942710582));
#4266=CARTESIAN_POINT('',(-0.114500039449552,0.00700000003022331,0.00974679427076926));
#4267=CARTESIAN_POINT('',(-0.11450003943612,0.0120000000302233,-0.0120415946340347));
#4268=CARTESIAN_POINT('',(-0.114000039442994,0.0125000000301392,1.06908339094826E-11));
#4269=CARTESIAN_POINT('',(-0.11450003943612,0.0120000000302233,-0.0120415946340347));
#4270=CARTESIAN_POINT('',(-0.129500039437221,-0.00374631598919647,-0.014720392510888));
#4271=CARTESIAN_POINT('',(-0.129500039440514,0.00564544893880255,-0.00628699583339862));
#4272=CARTESIAN_POINT('',(-0.129500039437502,-0.00294405840852576,-0.0140000000748349));
#4273=CARTESIAN_POINT('',(-0.129500039437221,-0.00374631598919647,-0.014720392510888));
#4274=CARTESIAN_POINT('',(-0.129500039437502,-0.00294405840852576,-0.0140000000748349));
#4275=CARTESIAN_POINT('',(-0.134000039437502,-0.00294405840776878,-0.0140000000774354));
#4276=CARTESIAN_POINT('',(-0.134000039437221,-0.00374631598843948,-0.0147203925134885));
#4277=CARTESIAN_POINT('',(-0.134000039437221,-0.00374631598843948,-0.0147203925134885));
#4278=CARTESIAN_POINT('',(-0.129500039437221,-0.00374631598919647,-0.014720392510888));
#4279=CARTESIAN_POINT('',(-0.134000039437221,-0.00374631598843948,-0.0147203925134885));
#4280=CARTESIAN_POINT('',(-0.134368802306019,-0.00295201270743524,-0.0143687629467523));
#4281=CARTESIAN_POINT('',(-0.134500039437215,-0.00295484352201867,-0.0145000000778363));
#4282=CARTESIAN_POINT('',(-0.134500039437215,-0.00295484352189401,-0.0145000000777243));
#4283=CARTESIAN_POINT('',(-0.13430049099632,-0.00320788817907385,-0.0145315398190247));
#4284=CARTESIAN_POINT('',(-0.134099076869151,-0.00347276891185645,-0.0145718782921853));
#4285=CARTESIAN_POINT('',(-0.134000039437221,-0.00374631598843949,-0.0147203925134885));
#4286=CARTESIAN_POINT('',(-0.134500039436855,2.26254621456387E-11,-0.0145000000775877));
#4287=CARTESIAN_POINT('',(-0.134000039436702,0.00325000002178437,-0.0140000000774354));
#4288=CARTESIAN_POINT('',(-0.134177496414707,0.00314168158021685,-0.0141774570558694));
#4289=CARTESIAN_POINT('',(-0.134284489639096,0.00307763668359495,-0.0142844502803714));
#4290=CARTESIAN_POINT('',(-0.134392031940544,0.00301545207852128,-0.0143919925819331));
#4291=CARTESIAN_POINT('',(-0.134500039436221,0.00295484356714498,-0.0145000000777243));
#4292=CARTESIAN_POINT('',(-0.134500039436221,0.00295484356714497,-0.0145000000777243));
#4293=CARTESIAN_POINT('',(-0.134500039436718,2.50646376387685E-11,-0.0145000000774511));
#4294=CARTESIAN_POINT('',(-0.134500039438771,-0.00594220792140463,-0.0126763625192888));
#4295=CARTESIAN_POINT('',(-0.13450003943719,-0.00742775990741216,-0.0158454531296799));
#4296=CARTESIAN_POINT('',(-0.13450003943719,-0.00742775990741216,-0.0158454531296799));
#4297=CARTESIAN_POINT('',(-0.134000039437416,-0.00721553819520947,-0.0153927258993351));
#4298=CARTESIAN_POINT('',(-0.134000039438771,-0.00594220792148874,-0.0126763625189998));
#4299=CARTESIAN_POINT('',(-0.134500039438771,-0.00594220792140463,-0.0126763625192888));
#4300=CARTESIAN_POINT('',(-0.134500039436772,0.00594220796665555,-0.0126763625192888));
#4301=CARTESIAN_POINT('',(-0.134000039436772,0.00594220796657144,-0.0126763625189998));
#4302=CARTESIAN_POINT('',(-0.134000039434988,0.00721553824029218,-0.0153927258993351));
#4303=CARTESIAN_POINT('',(-0.134000039434988,0.00721553824029218,-0.0153927258993351));
#4304=CARTESIAN_POINT('',(-0.134500039434691,0.00742775995266308,-0.0158454531296799));
#4305=CARTESIAN_POINT('',(-0.134500039436772,0.00594220796665555,-0.0126763625192888));
#4306=CARTESIAN_POINT('',(-0.134000039445097,2.25413578451779E-11,-7.7435381745959E-11));
#4307=CARTESIAN_POINT('',(-0.1345000394386,-0.0102083333266945,-0.0142140751524227));
#4308=CARTESIAN_POINT('',(-0.1345000394386,-0.0102083333266945,-0.0142140751524227));
#4309=CARTESIAN_POINT('',(-0.134000039438786,-0.00991666665965515,-0.0138079587214281));
#4310=CARTESIAN_POINT('',(-0.134000039445097,2.25413578451779E-11,-7.7435381745959E-11));
#4311=CARTESIAN_POINT('',(-0.134500039445097,2.26254673451988E-11,-7.7724319646022E-11));
#4312=CARTESIAN_POINT('',(-0.134000039445097,2.25413578451779E-11,-7.7435381745959E-11));
#4313=CARTESIAN_POINT('',(-0.13400003943545,0.00991666670473784,-0.0138079587214281));
#4314=CARTESIAN_POINT('',(-0.13400003943545,0.00991666670473784,-0.0138079587214281));
#4315=CARTESIAN_POINT('',(-0.134500039435166,0.0102083333719454,-0.0142140751524227));
#4316=CARTESIAN_POINT('',(-0.134500039445097,2.26254673451988E-11,-7.77243196460219E-11));
#4317=CARTESIAN_POINT('',(-0.134000039445097,2.25413578451779E-11,-7.7435381745959E-11));
#4318=CARTESIAN_POINT('',(-0.134500039440642,-0.00699999998833677,-0.00974679441466037));
#4319=CARTESIAN_POINT('',(-0.134500039441567,-0.0124999999883368,-0.00974679441466037));
#4320=CARTESIAN_POINT('',(-0.134500039441567,-0.0124999999883368,-0.00974679441466037));
#4321=CARTESIAN_POINT('',(-0.134000039441483,-0.0119999999884209,-0.00974679441437143));
#4322=CARTESIAN_POINT('',(-0.134000039440642,-0.00699999998842088,-0.00974679441437143));
#4323=CARTESIAN_POINT('',(-0.134500039440642,-0.00699999998833677,-0.00974679441466037));
#4324=CARTESIAN_POINT('',(-0.134500039438287,0.00700000003358769,-0.00974679441466038));
#4325=CARTESIAN_POINT('',(-0.134000039437446,0.0120000000335036,-0.00974679441437144));
#4326=CARTESIAN_POINT('',(-0.134000039437446,0.0120000000335036,-0.00974679441437144));
#4327=CARTESIAN_POINT('',(-0.134500039437362,0.0125000000335877,-0.00974679441466038));
#4328=CARTESIAN_POINT('',(-0.134500039438287,0.00700000003358769,-0.00974679441466038));
#4329=CARTESIAN_POINT('',(-0.134000039438287,0.00700000003350358,-0.00974679441437144));
#4330=CARTESIAN_POINT('',(-0.134000039440157,-0.0119999999884209,-0.0120415946453033));
#4331=CARTESIAN_POINT('',(-0.134500039452832,-0.0124999999883368,0.00974679425921173));
#4332=CARTESIAN_POINT('',(-0.134500039452832,-0.0124999999883368,0.00974679425921173));
#4333=CARTESIAN_POINT('',(-0.134000039452748,-0.0119999999884209,0.00974679425950067));
#4334=CARTESIAN_POINT('',(-0.134000039452748,-0.0119999999884209,0.00974679425950067));
#4335=CARTESIAN_POINT('',(-0.134500039441567,-0.0124999999883368,-0.00974679441466037));
#4336=CARTESIAN_POINT('',(-0.13400003943612,0.0120000000335036,-0.0120415946453033));
#4337=CARTESIAN_POINT('',(-0.134000039448711,0.0120000000335036,0.00974679425950068));
#4338=CARTESIAN_POINT('',(-0.134000039448711,0.0120000000335036,0.00974679425950068));
#4339=CARTESIAN_POINT('',(-0.134500039448627,0.0125000000335877,0.00974679425921174));
#4340=CARTESIAN_POINT('',(-0.134500039448627,0.0125000000335877,0.00974679425921174));
#4341=CARTESIAN_POINT('',(-0.134000039437446,0.0120000000335036,-0.00974679441437144));
#4342=CARTESIAN_POINT('',(-0.134500039451907,-0.00699999998833677,0.00974679425921173));
#4343=CARTESIAN_POINT('',(-0.134500039455028,-0.0102083333266945,0.0142140749969741));
#4344=CARTESIAN_POINT('',(-0.134500039455028,-0.0102083333266945,0.0142140749969741));
#4345=CARTESIAN_POINT('',(-0.134000039454745,-0.00991666665965515,0.0138079585665574));
#4346=CARTESIAN_POINT('',(-0.134000039451907,-0.00699999998842088,0.00974679425950067));
#4347=CARTESIAN_POINT('',(-0.134500039451907,-0.00699999998833677,0.00974679425921173));
#4348=CARTESIAN_POINT('',(-0.134500039449552,0.00700000003358769,0.00974679425921174));
#4349=CARTESIAN_POINT('',(-0.134000039451408,0.00991666670473784,0.0138079585665574));
#4350=CARTESIAN_POINT('',(-0.134000039451408,0.00991666670473784,0.0138079585665574));
#4351=CARTESIAN_POINT('',(-0.134500039451594,0.0102083333719454,0.0142140749969741));
#4352=CARTESIAN_POINT('',(-0.134500039449552,0.00700000003358769,0.00974679425921174));
#4353=CARTESIAN_POINT('',(-0.134000039449552,0.00700000003350358,0.00974679425950068));
#4354=CARTESIAN_POINT('',(-0.134000039445097,2.25413578451779E-11,-7.7435381745959E-11));
#4355=CARTESIAN_POINT('',(-0.134500039455503,-0.00742775990741216,0.0158454529742313));
#4356=CARTESIAN_POINT('',(-0.134500039455503,-0.00742775990741216,0.0158454529742313));
#4357=CARTESIAN_POINT('',(-0.134000039455206,-0.00721553819520947,0.0153927257444643));
#4358=CARTESIAN_POINT('',(-0.134000039445097,2.25413578451779E-11,-7.7435381745959E-11));
#4359=CARTESIAN_POINT('',(-0.134500039445097,2.26254673451988E-11,-7.7724319646022E-11));
#4360=CARTESIAN_POINT('',(-0.134000039445097,2.25413578451779E-11,-7.7435381745959E-11));
#4361=CARTESIAN_POINT('',(-0.134000039452778,0.00721553824029218,0.0153927257444643));
#4362=CARTESIAN_POINT('',(-0.134000039452778,0.00721553824029218,0.0153927257444643));
#4363=CARTESIAN_POINT('',(-0.134500039453004,0.00742775995266308,0.0158454529742313));
#4364=CARTESIAN_POINT('',(-0.134500039445097,2.26254673451988E-11,-7.77243196460219E-11));
#4365=CARTESIAN_POINT('',(-0.134000039445097,2.25413578451779E-11,-7.7435381745959E-11));
#4366=CARTESIAN_POINT('',(-0.134500039453422,-0.00594220792140463,0.0126763623638401));
#4367=CARTESIAN_POINT('',(-0.134500039453973,-0.00295484352189404,0.0144999999222757));
#4368=CARTESIAN_POINT('',(-0.134392031958192,-0.00301545203330663,0.0143919924266094));
#4369=CARTESIAN_POINT('',(-0.134284489656641,-0.00307763663841641,0.014284450125172));
#4370=CARTESIAN_POINT('',(-0.13417749643215,-0.00314168153507423,0.0141774569007938));
#4371=CARTESIAN_POINT('',(-0.134500039453973,-0.00295484352189403,0.0144999999222757));
#4372=CARTESIAN_POINT('',(-0.134000039453422,-0.00594220792148874,0.0126763623641291));
#4373=CARTESIAN_POINT('',(-0.134500039453422,-0.00594220792140463,0.0126763623638401));
#4374=CARTESIAN_POINT('',(-0.134500039451423,0.00594220796665555,0.0126763623638401));
#4375=CARTESIAN_POINT('',(-0.134000039452973,0.00374631603352218,0.0147203923586177));
#4376=CARTESIAN_POINT('',(-0.134099833864074,0.00347067813679653,0.0145707429887844));
#4377=CARTESIAN_POINT('',(-0.134300042720091,0.00320845669716051,0.0145316105188432));
#4378=CARTESIAN_POINT('',(-0.134500039452979,0.002954843567145,0.0144999999222757));
#4379=CARTESIAN_POINT('',(-0.134000039452973,0.00374631603352218,0.0147203923586177));
#4380=CARTESIAN_POINT('',(-0.134500039452979,0.002954843567145,0.0144999999222757));
#4381=CARTESIAN_POINT('',(-0.134500039451423,0.00594220796665555,0.0126763623638401));
#4382=CARTESIAN_POINT('',(-0.134000039451423,0.00594220796657144,0.0126763623641291));
#4383=CARTESIAN_POINT('',(-0.13450003945334,2.26254621456387E-11,0.0144999999224123));
#4384=CARTESIAN_POINT('',(-0.134000039453492,0.00325000002178437,0.0139999999225646));
#4385=CARTESIAN_POINT('',(-0.134000039452692,0.00294405845285147,0.0139999999225646));
#4386=CARTESIAN_POINT('',(-0.134500039453476,2.50646376444986E-11,0.0144999999225489));
#4387=CARTESIAN_POINT('',(-0.134468178538159,0.00295415631963957,0.0144681390072312));
#4388=CARTESIAN_POINT('',(-0.134000039452973,0.00374631603352218,0.0147203923586177));
#4389=CARTESIAN_POINT('',(-0.134000039452973,0.00374631603352218,0.0147203923586177));
#4390=CARTESIAN_POINT('',(-0.129500039452973,0.0037463160327652,0.0147203923612181));
#4391=CARTESIAN_POINT('',(-0.129500039452973,0.0037463160327652,0.0147203923612181));
#4392=CARTESIAN_POINT('',(-0.129500039452973,0.0037463160327652,0.0147203923612181));
#4393=CARTESIAN_POINT('',(-0.129500039452973,0.0037463160327652,0.0147203923612181));
#4394=CARTESIAN_POINT('',(-0.129500039452692,0.00294405845209449,0.0139999999251651));
#4395=CARTESIAN_POINT('',(-0.129500039452692,0.00294405845209449,0.0139999999251651));
#4396=CARTESIAN_POINT('',(-0.129500039438771,-0.00594220792224572,-0.0126763625163994));
#4397=CARTESIAN_POINT('',(-0.129500039438771,-0.00594220792224572,-0.0126763625163994));
#4398=CARTESIAN_POINT('',(-0.129500039437416,-0.00721553819596646,-0.0153927258967346));
#4399=CARTESIAN_POINT('',(-0.150000039437416,-0.00721553819251797,-0.0153927259085811));
#4400=CARTESIAN_POINT('',(-0.129500039436772,0.00594220796581446,-0.0126763625163994));
#4401=CARTESIAN_POINT('',(-0.129500039436772,0.00594220796581446,-0.0126763625163994));
#4402=CARTESIAN_POINT('',(-0.129500039434988,0.00721553823953519,-0.0153927258967346));
#4403=CARTESIAN_POINT('',(-0.150000039434989,0.00721553824298368,-0.0153927259085811));
#4404=CARTESIAN_POINT('',(-0.129500039451423,0.00594220796581446,0.0126763623667295));
#4405=CARTESIAN_POINT('',(-0.129500039451423,0.00594220796581446,0.0126763623667295));
#4406=CARTESIAN_POINT('',(-0.129500039452778,0.00721553823953519,0.0153927257470647));
#4407=CARTESIAN_POINT('',(-0.150000039452779,0.00721553824298368,0.0153927257352183));
#4408=CARTESIAN_POINT('',(-0.129500039453422,-0.00594220792224572,0.0126763623667295));
#4409=CARTESIAN_POINT('',(-0.129500039453422,-0.00594220792224572,0.0126763623667295));
#4410=CARTESIAN_POINT('',(-0.129500039455206,-0.00721553819596646,0.0153927257470647));
#4411=CARTESIAN_POINT('',(-0.150000039455206,-0.00721553819251797,0.0153927257352183));
#4412=CARTESIAN_POINT('',(-0.150000039438287,0.00700000003619509,-0.00974679442361746));
#4413=CARTESIAN_POINT('',(-0.15000003943545,0.00991666670742935,-0.0138079587306741));
#4414=CARTESIAN_POINT('',(-0.114000039437446,0.0120000000301392,-0.00974679440281393));
#4415=CARTESIAN_POINT('',(-0.150000039440642,-0.00699999998572938,-0.00974679442361744));
#4416=CARTESIAN_POINT('',(-0.134500039448442,-0.0119999999883368,-0.00974679441466037));
#4417=CARTESIAN_POINT('',(-0.150000039438786,-0.00991666665696365,-0.0138079587306741));
#4418=CARTESIAN_POINT('',(-0.150000039451907,-0.00699999998572938,0.00974679425025466));
#4419=CARTESIAN_POINT('',(-0.150000039454744,-0.00991666665696365,0.0138079585573113));
#4420=CARTESIAN_POINT('',(-0.114000039452748,-0.0119999999917853,0.00974679427105818));
#4421=CARTESIAN_POINT('',(-0.150000039449552,0.00700000003619509,0.00974679425025467));
#4422=CARTESIAN_POINT('',(-0.134500039441752,0.0120000000335877,0.00974679425921174));
#4423=CARTESIAN_POINT('',(-0.150000039451408,0.00991666670742935,0.0138079585573114));
#4424=CARTESIAN_POINT('',(-0.129500039445097,2.17845202868358E-11,-7.48350461313743E-11));
#4425=CARTESIAN_POINT('',(-0.129500039452641,0.00325000002178437,0.0139999999251651));
#4426=CARTESIAN_POINT('',(-0.129500039445097,2.17843723449901E-11,-7.48349406453925E-11));
#4427=CARTESIAN_POINT('',(-0.129500039452641,0.00325000002178437,0.0139999999251651));
#4428=CARTESIAN_POINT('',(-0.131500039453187,-3.02332540297356E-18,0.0139999999240093));
#4429=CARTESIAN_POINT('',(-0.132750039453187,-3.02332540297356E-18,0.013999999923287));
#4430=CARTESIAN_POINT('',(-0.129500039445097,2.17845202868358E-11,-7.48350461313743E-11));
#4431=CARTESIAN_POINT('',(-0.12950003943646,0.00325000002178437,-0.0140000000748349));
#4432=CARTESIAN_POINT('',(-0.129500039445097,2.17843723449901E-11,-7.48349406453925E-11));
#4433=CARTESIAN_POINT('',(-0.12950003943646,0.00325000002178437,-0.0140000000748349));
#4434=CARTESIAN_POINT('',(-0.131500039437007,3.04548489589363E-18,-0.0140000000759907));
#4435=CARTESIAN_POINT('',(-0.130250039437007,3.04548489589363E-18,-0.0140000000752684));
#4436=CARTESIAN_POINT('',(-0.150000039445097,2.52328618458457E-11,-8.66813945479732E-11));
#4437=CARTESIAN_POINT('',(-0.150000039445097,2.52328618458457E-11,-8.66813945479732E-11));
#4438=CARTESIAN_POINT('',(-0.142690897675991,-0.00699999997599668,0.0204999999175424));
#4439=CARTESIAN_POINT('',(-0.122000039452379,-0.00699999997947728,0.0204999999294992));
#4440=CARTESIAN_POINT('',(-0.122000039446624,-0.00799999997947728,0.0204999999294992));
#4441=CARTESIAN_POINT('',(-0.122000039446167,-0.00699999997947728,0.0194999999294992));
#4442=CARTESIAN_POINT('',(-0.122000039448808,-0.00799999997947728,0.0204999999294992));
#4443=CARTESIAN_POINT('',(-0.114000039458289,-0.00799999998082303,0.0204999999341221));
#4444=CARTESIAN_POINT('',(-0.114000039458121,-0.00699999998082303,0.0204999999341221));
#4445=CARTESIAN_POINT('',(-0.114000039457543,-0.00699999998082303,0.0194999999341222));
#4446=CARTESIAN_POINT('',(-0.114000039457543,-0.00699999998082303,0.0194999999341222));
#4447=CARTESIAN_POINT('',(-0.142690897673636,0.00700000002400332,0.0204999999175424));
#4448=CARTESIAN_POINT('',(-0.122000039450024,0.00700000002052272,0.0204999999294992));
#4449=CARTESIAN_POINT('',(-0.122000039443812,0.00700000002052272,0.0194999999294992));
#4450=CARTESIAN_POINT('',(-0.122000039443933,0.00800000002052272,0.0204999999294992));
#4451=CARTESIAN_POINT('',(-0.122000039443812,0.00700000002052272,0.0194999999294992));
#4452=CARTESIAN_POINT('',(-0.114000039455188,0.00700000001917697,0.0194999999341222));
#4453=CARTESIAN_POINT('',(-0.114000039455766,0.00700000001917697,0.0204999999341221));
#4454=CARTESIAN_POINT('',(-0.114000039455598,0.00800000001917697,0.0204999999341221));
#4455=CARTESIAN_POINT('',(-0.114000039455598,0.00800000001917697,0.0204999999341221));
#4456=CARTESIAN_POINT('',(-0.142690897683163,-0.00799999997599668,0.0326191315329044));
#4457=CARTESIAN_POINT('',(-0.114000039465293,-0.00799999998082303,0.0326191315494842));
#4458=CARTESIAN_POINT('',(-0.114000039458595,-0.00799999998082303,0.0210297408564226));
#4459=CARTESIAN_POINT('',(-0.12200003945955,-0.00799999997947728,0.0326191315448612));
#4460=CARTESIAN_POINT('',(-0.122000039446805,-0.00799999997947729,0.0211258131356208));
#4461=CARTESIAN_POINT('',(-0.121707146239963,-0.00799999997952655,0.0213428203757886));
#4462=CARTESIAN_POINT('',(-0.12174854014094,-0.00799999997951958,0.0212986140923671));
#4463=CARTESIAN_POINT('',(-0.121794133124582,-0.00799999997951192,0.021257695610434));
#4464=CARTESIAN_POINT('',(-0.121892700217072,-0.00799999997949533,0.0211844600733391));
#4465=CARTESIAN_POINT('',(-0.121944878284003,-0.00799999997948656,0.021152656069272));
#4466=CARTESIAN_POINT('',(-0.122000039446805,-0.00799999997947728,0.0211258131356208));
#4467=CARTESIAN_POINT('',(-0.121707146239963,-0.00799999997952655,0.0213428203757886));
#4468=CARTESIAN_POINT('',(-0.121707146239963,-0.00799999997952655,0.0213428203757886));
#4469=CARTESIAN_POINT('',(-0.121070907703187,-0.00799999997963358,0.0220222862008546));
#4470=CARTESIAN_POINT('',(-0.120432686356021,-0.00799999997974094,0.0226998991590348));
#4471=CARTESIAN_POINT('',(-0.119792932678765,-0.00799999997984855,0.0233760802083971));
#4472=CARTESIAN_POINT('',(-0.119792932678765,-0.00799999997984855,0.0233760802083971));
#4473=CARTESIAN_POINT('',(-0.119792932678765,-0.00799999997984855,0.023376080208397));
#4474=CARTESIAN_POINT('',(-0.119609679355429,-0.00799999997987938,0.0235697679180224));
#4475=CARTESIAN_POINT('',(-0.119352673624997,-0.00799999997992261,0.0236854385737962));
#4476=CARTESIAN_POINT('',(-0.119085825897757,-0.0079999999799675,0.0236854385739504));
#4477=CARTESIAN_POINT('',(-0.119085825897757,-0.0079999999799675,0.0236854385739504));
#4478=CARTESIAN_POINT('',(-1.01331185952335E-11,-0.008,0.0236854386427673));
#4479=CARTESIAN_POINT('',(-0.118914253022503,-0.00799999997999637,0.0236854385740496));
#4480=CARTESIAN_POINT('',(-0.118914253022503,-0.00799999997999636,0.0236854385740496));
#4481=CARTESIAN_POINT('',(-0.118647521594701,-0.00799999998004123,0.0236854385742037));
#4482=CARTESIAN_POINT('',(-0.118390353656045,-0.00799999998008449,0.0235697193960512));
#4483=CARTESIAN_POINT('',(-0.118207146241138,-0.00799999998011531,0.0233760802093134));
#4484=CARTESIAN_POINT('',(-0.118207146241138,-0.00799999998011531,0.0233760802093134));
#4485=CARTESIAN_POINT('',(-0.118207146241138,-0.00799999998011531,0.0233760802093134));
#4486=CARTESIAN_POINT('',(-0.117567392279087,-0.00799999998022293,0.0226998988605061));
#4487=CARTESIAN_POINT('',(-0.11692917090749,-0.00799999998033029,0.0220222858746843));
#4488=CARTESIAN_POINT('',(-0.11629293267759,-0.00799999998043732,0.0213428203789173));
#4489=CARTESIAN_POINT('',(-0.11629293267759,-0.00799999998043732,0.0213428203789173));
#4490=CARTESIAN_POINT('',(-0.115585825896222,-0.00799999998055627,0.0210297408555062));
#4491=CARTESIAN_POINT('',(-0.115853182944582,-0.0079999999805113,0.0210297408553517));
#4492=CARTESIAN_POINT('',(-0.116110332885633,-0.00799999998046804,0.0211478144010644));
#4493=CARTESIAN_POINT('',(-0.11629293267759,-0.00799999998043732,0.0213428203789173));
#4494=CARTESIAN_POINT('',(-0.115585825896222,-0.00799999998055627,0.0210297408555062));
#4495=CARTESIAN_POINT('',(-8.59845515012627E-12,-0.008,0.0210297409223005));
#4496=CARTESIAN_POINT('',(-0.14269089767289,0.00800000002400332,0.0194999999175424));
#4497=CARTESIAN_POINT('',(-0.11400003945502,0.00800000001917697,0.0194999999341222));
#4498=CARTESIAN_POINT('',(-0.122000039449278,0.00800000002052272,0.0194999999294992));
#4499=CARTESIAN_POINT('',(-0.142690897680471,0.00800000002400332,0.0326191315329044));
#4500=CARTESIAN_POINT('',(-0.122000039456859,0.00800000002052272,0.0326191315448612));
#4501=CARTESIAN_POINT('',(-0.122000039447773,0.00800000002052272,0.0211258131479831));
#4502=CARTESIAN_POINT('',(-0.114000039462601,0.00800000001917697,0.0326191315494842));
#4503=CARTESIAN_POINT('',(-0.114000039455904,0.00800000001917697,0.0210297408675865));
#4504=CARTESIAN_POINT('',(-5.90695115590986E-12,0.008,0.0210297409334644));
#4505=CARTESIAN_POINT('',(-0.115585825893531,0.00800000001944373,0.0210297408666702));
#4506=CARTESIAN_POINT('',(-0.116292932674898,0.00800000001956268,0.0213428203899175));
#4507=CARTESIAN_POINT('',(-0.116110274395655,0.00800000001953195,0.0211477519511393));
#4508=CARTESIAN_POINT('',(-0.115853332518968,0.00800000001948873,0.0210297408665156));
#4509=CARTESIAN_POINT('',(-0.115585825893531,0.00800000001944373,0.0210297408666702));
#4510=CARTESIAN_POINT('',(-0.116292932674898,0.00800000001956268,0.0213428203899174));
#4511=CARTESIAN_POINT('',(-0.116292932674898,0.00800000001956268,0.0213428203899174));
#4512=CARTESIAN_POINT('',(-0.116929170904815,0.00800000001966971,0.0220222858853514));
#4513=CARTESIAN_POINT('',(-0.11756739227641,0.00800000001977707,0.0226998988708553));
#4514=CARTESIAN_POINT('',(-0.118207146238445,0.00800000001988469,0.0233760802193576));
#4515=CARTESIAN_POINT('',(-0.118207146238446,0.00800000001988468,0.0233760802193572));
#4516=CARTESIAN_POINT('',(-0.118207146238446,0.00800000001988469,0.0233760802193565));
#4517=CARTESIAN_POINT('',(-0.118390399562032,0.00800000001991552,0.0235697679287153));
#4518=CARTESIAN_POINT('',(-0.118647405292595,0.00800000001995874,0.023685438584116));
#4519=CARTESIAN_POINT('',(-0.118914253019812,0.00800000002000363,0.0236854385839618));
#4520=CARTESIAN_POINT('',(-0.118914253019812,0.00800000002000363,0.0236854385839618));
#4521=CARTESIAN_POINT('',(-7.44161460029375E-12,0.008,0.0236854386526795));
#4522=CARTESIAN_POINT('',(-0.119085825895065,0.0080000000200325,0.0236854385838626));
#4523=CARTESIAN_POINT('',(-0.119085825895065,0.0080000000200325,0.0236854385838626));
#4524=CARTESIAN_POINT('',(-0.119352557322845,0.00800000002007737,0.0236854385837085));
#4525=CARTESIAN_POINT('',(-0.119609725261362,0.00800000002012063,0.0235697194053352));
#4526=CARTESIAN_POINT('',(-0.119792932676073,0.00800000002015145,0.0233760802184404));
#4527=CARTESIAN_POINT('',(-0.119792932676073,0.00800000002015145,0.0233760802184405));
#4528=CARTESIAN_POINT('',(-0.119792932676073,0.00800000002015145,0.0233760802184405));
#4529=CARTESIAN_POINT('',(-0.120432686353315,0.00800000002025906,0.0226998991693842));
#4530=CARTESIAN_POINT('',(-0.12107090770048,0.00800000002036643,0.0220222862115217));
#4531=CARTESIAN_POINT('',(-0.121707146237271,0.00800000002047345,0.0213428203867888));
#4532=CARTESIAN_POINT('',(-0.121707146237271,0.00800000002047346,0.0213428203867887));
#4533=CARTESIAN_POINT('',(-0.122000039445053,0.00800000001964239,0.0211258131486656));
#4534=CARTESIAN_POINT('',(-0.121888889060503,0.00800000001962369,0.0211799019659114));
#4535=CARTESIAN_POINT('',(-0.121791570777942,0.00800000002048765,0.0212526598780533));
#4536=CARTESIAN_POINT('',(-0.121707146237271,0.00800000002047345,0.0213428203867887));
#4537=CARTESIAN_POINT('',(-0.122000039423437,-0.00799999996050669,-0.0298738912521733));
#4538=CARTESIAN_POINT('',(-0.122000039439355,3.51961595729442E-11,1.25684658207705E-11));
#4539=CARTESIAN_POINT('',(-0.122000039432109,0.00700000003813923,-0.0205000000693451));
#4540=CARTESIAN_POINT('',(-0.114000039432073,0.00700000003679348,-0.0205000000647221));
#4541=CARTESIAN_POINT('',(-0.114000039432651,0.00700000003679348,-0.0195000000658779));
#4542=CARTESIAN_POINT('',(-0.114000039431905,0.00800000003679348,-0.0205000000657334));
#4543=CARTESIAN_POINT('',(-0.122000039432687,0.00700000003813923,-0.0195000000693452));
#4544=CARTESIAN_POINT('',(-0.122000039432543,0.00700000003813923,-0.0195000000681895));
#4545=CARTESIAN_POINT('',(-0.122000039426331,0.00700000003813923,-0.0205000000693451));
#4546=CARTESIAN_POINT('',(-0.122000039432086,0.00800000003813923,-0.020500000068045));
#4547=CARTESIAN_POINT('',(-0.122000039431941,0.00800000002933098,-0.0205000000693451));
#4548=CARTESIAN_POINT('',(-0.112000039434465,-0.00699999996354296,-0.0205000000635664));
#4549=CARTESIAN_POINT('',(-0.114000039434428,-0.00699999996320652,-0.0205000000647221));
#4550=CARTESIAN_POINT('',(-0.114000039434596,-0.00799999996320652,-0.0205000000660223));
#4551=CARTESIAN_POINT('',(-0.114000039435006,-0.00699999996320652,-0.0195000000658779));
#4552=CARTESIAN_POINT('',(-0.112000039434633,-0.00799999997235121,-0.0205000000635664));
#4553=CARTESIAN_POINT('',(-0.122000039434777,-0.00799999996186077,-0.0205000000683339));
#4554=CARTESIAN_POINT('',(-0.122000039428686,-0.00699999996186077,-0.0205000000693451));
#4555=CARTESIAN_POINT('',(-0.122000039434898,-0.00699999996186077,-0.0195000000681895));
#4556=CARTESIAN_POINT('',(-0.112000039435042,-0.00699999996354296,-0.0195000000635664));
#4557=CARTESIAN_POINT('',(-0.112000039432375,0.00800000003657879,-0.0195000000635664));
#4558=CARTESIAN_POINT('',(-0.114000039432483,0.00800000003691522,-0.0195000000647222));
#4559=CARTESIAN_POINT('',(-0.122000039429432,-0.00799999996050669,-0.0195000000693452));
#4560=CARTESIAN_POINT('',(-0.126500039447368,-0.0134999999522194,6.06763829467332E-12));
#4561=CARTESIAN_POINT('',(-0.140000039418595,2.35506666367998E-11,-8.09026347966762E-11));
#4562=CARTESIAN_POINT('',(-0.126000039443048,-0.0139999999678422,0.0128452325178005));
#4563=CARTESIAN_POINT('',(-0.126500039455094,-0.0134999999560821,0.0133697419068783));
#4564=CARTESIAN_POINT('',(-0.126000039410174,-0.013999999964131,-0.0440410339520569));
#4565=CARTESIAN_POINT('',(-0.126000039444298,-0.0139999999684671,0.0150083310260158));
#4566=CARTESIAN_POINT('',(-0.128750039447581,-0.0112499999599226,0.0150083310258712));
#4567=CARTESIAN_POINT('',(-0.126500039456041,-0.0134999999565555,0.0150083310258713));
#4568=CARTESIAN_POINT('',(-0.126500039447368,-0.0134999999522194,9.9680161843767E-12));
#4569=CARTESIAN_POINT('',(-0.126500039455284,-0.008999999968383,0.0150083310271714));
#4570=CARTESIAN_POINT('',(-0.126000039446367,-0.0115714285411346,0.0192964256038042));
#4571=CARTESIAN_POINT('',(-0.126000039446367,-0.0115714285411346,0.0192964256038042));
#4572=CARTESIAN_POINT('',(-0.126500039457904,-0.011314285677701,0.0188676161357374));
#4573=CARTESIAN_POINT('',(-0.126500039455284,-0.008999999968383,0.0150083310271714));
#4574=CARTESIAN_POINT('',(-0.126000039443457,-0.00899999996846711,0.0150083310274603));
#4575=CARTESIAN_POINT('',(-0.126500039445097,3.59531450741152E-11,9.96801610789232E-12));
#4576=CARTESIAN_POINT('',(-0.126000039442474,0.0115714286017225,0.0192964256104905));
#4577=CARTESIAN_POINT('',(-0.126000039442474,0.0115714286017225,0.0192964256104905));
#4578=CARTESIAN_POINT('',(-0.126500039454097,0.011314285738705,0.0188676161422752));
#4579=CARTESIAN_POINT('',(-0.126500039445097,3.59531450741152E-11,9.96801610789232E-12));
#4580=CARTESIAN_POINT('',(-0.12600003943327,3.58690355721048E-11,1.025695401479E-11));
#4581=CARTESIAN_POINT('',(-0.126500039452256,0.00900000003161698,0.0150083310323719));
#4582=CARTESIAN_POINT('',(-0.128750039448132,0.0112500000282498,0.0150083310310717));
#4583=CARTESIAN_POINT('',(-0.126000039439588,0.0140000000315329,0.0150083310341055));
#4584=CARTESIAN_POINT('',(-0.126500039451499,0.0135000000197895,0.0150083310336721));
#4585=CARTESIAN_POINT('',(-0.126500039452256,0.00900000003161698,0.0150083310323719));
#4586=CARTESIAN_POINT('',(-0.126000039440429,0.00900000003153287,0.0150083310326609));
#4587=CARTESIAN_POINT('',(-0.126500039442826,0.0135000000241257,1.38683940761125E-11));
#4588=CARTESIAN_POINT('',(-0.140000039447943,2.35506666417366E-11,-8.09026348136353E-11));
#4589=CARTESIAN_POINT('',(-0.126500039450552,0.0135000000202629,0.0133697418850463));
#4590=CARTESIAN_POINT('',(-0.126000039438338,0.0140000000321578,0.012845232493905));
#4591=CARTESIAN_POINT('',(-0.126500039442826,0.0135000000241257,9.96801618700136E-12));
#4592=CARTESIAN_POINT('',(-0.126000039405464,0.014000000035869,-0.0440410339439673));
#4593=CARTESIAN_POINT('',(-0.126500039447368,-0.0134999999522194,6.06763829467332E-12));
#4594=CARTESIAN_POINT('',(-0.128750039434571,-0.0112499999555864,-0.0150083310137361));
#4595=CARTESIAN_POINT('',(-0.126500039438695,-0.0134999999597106,-0.015008331013736));
#4596=CARTESIAN_POINT('',(-0.126000039438779,-0.0139999999597948,-0.0150083310135915));
#4597=CARTESIAN_POINT('',(-0.126000039410174,-0.013999999964131,-0.0440410339520569));
#4598=CARTESIAN_POINT('',(-0.126000039440029,-0.0139999999604198,-0.0128452326715149));
#4599=CARTESIAN_POINT('',(-0.140000039418595,2.35506666367998E-11,-8.09026347966762E-11));
#4600=CARTESIAN_POINT('',(-0.126500039439642,-0.0134999999601841,-0.0133697420489391));
#4601=CARTESIAN_POINT('',(-0.126500039447368,-0.0134999999522194,9.9680161843767E-12));
#4602=CARTESIAN_POINT('',(-0.126500039437938,-0.00899999995971068,-0.0150083310124359));
#4603=CARTESIAN_POINT('',(-0.126500039436097,-0.0113142856728813,-0.0188676161324825));
#4604=CARTESIAN_POINT('',(-0.126500039436097,-0.0113142856728813,-0.0188676161324825));
#4605=CARTESIAN_POINT('',(-0.126000039435893,-0.0115714285299845,-0.0192964255899766));
#4606=CARTESIAN_POINT('',(-0.126000039437938,-0.00899999995979479,-0.0150083310121469));
#4607=CARTESIAN_POINT('',(-0.126500039437938,-0.00899999995971068,-0.0150083310124359));
#4608=CARTESIAN_POINT('',(-0.126500039445097,3.59531450741152E-11,9.96801610789232E-12));
#4609=CARTESIAN_POINT('',(-0.126500039432291,0.01131428575569,-0.0188676161259448));
#4610=CARTESIAN_POINT('',(-0.126500039432291,0.01131428575569,-0.0188676161259448));
#4611=CARTESIAN_POINT('',(-0.126000039432,0.0115714286128727,-0.0192964255832902));
#4612=CARTESIAN_POINT('',(-0.12600003943327,3.58690355721048E-11,1.025695401479E-11));
#4613=CARTESIAN_POINT('',(-0.126500039445097,3.59531450731968E-11,9.96801610789232E-12));
#4614=CARTESIAN_POINT('',(-0.12650003943491,0.00900000004028929,-0.0150083310072354));
#4615=CARTESIAN_POINT('',(-0.12875003942645,0.0112500000325859,-0.0150083310085356));
#4616=CARTESIAN_POINT('',(-0.126500039434153,0.0135000000402892,-0.0150083310059353));
#4617=CARTESIAN_POINT('',(-0.126000039434069,0.0140000000402052,-0.0150083310055019));
#4618=CARTESIAN_POINT('',(-0.12600003943491,0.00900000004020518,-0.0150083310069465));
#4619=CARTESIAN_POINT('',(-0.12650003943491,0.00900000004028929,-0.0150083310072354));
#4620=CARTESIAN_POINT('',(-0.126500039442826,0.0135000000241257,1.38683940761125E-11));
#4621=CARTESIAN_POINT('',(-0.140000039447943,2.35506666417366E-11,-8.09026348136353E-11));
#4622=CARTESIAN_POINT('',(-0.126000039435319,0.0140000000395802,-0.0128452326314401));
#4623=CARTESIAN_POINT('',(-0.1265000394351,0.0135000000398158,-0.0133697420115056));
#4624=CARTESIAN_POINT('',(-0.126000039405464,0.014000000035869,-0.0440410339439673));
#4625=CARTESIAN_POINT('',(-0.126500039442826,0.0135000000241257,9.96801618700136E-12));
#4626=CARTESIAN_POINT('',(-0.134500039445097,2.26254621410284E-11,-7.77243179112985E-11));
#4627=CARTESIAN_POINT('',(-0.134500039445097,2.26254621410284E-11,-7.77243179112985E-11));
#4628=CARTESIAN_POINT('',(-0.134500039455788,2.26254621410284E-11,0.0184999999222757));
#4629=CARTESIAN_POINT('',(-0.134000039445097,2.25413526410075E-11,-7.74353800112355E-11));
#4630=CARTESIAN_POINT('',(-0.134000039456077,2.25413526410075E-11,0.0189999999225646));
#4631=CARTESIAN_POINT('',(-0.13150003944844,-0.0198738911556522,-5.38698853829582E-11));
#4632=CARTESIAN_POINT('',(-0.131500039443078,0.012000000033083,-5.38698853798598E-11));
#4633=CARTESIAN_POINT('',(-0.132750039443078,0.0120000000332933,-5.38698853798598E-11));
#4634=CARTESIAN_POINT('',(-0.130521298698961,0.0189793883325199,0.000980621086878632));
#4635=CARTESIAN_POINT('',(-0.130114487407094,0.019010295897348,-2.4917802908799E-7));
#4636=CARTESIAN_POINT('',(-0.1305209883076,0.0189794282095513,-0.000979624681514369));
#4637=CARTESIAN_POINT('',(-0.131498999439116,0.0189485458440202,-0.00138505751416867));
#4638=CARTESIAN_POINT('',(-0.132479217684849,0.0189794105652132,-0.000980144500743145));
#4639=CARTESIAN_POINT('',(-0.132885124972793,0.0190102715895984,-2.06805794448835E-7));
#4640=CARTESIAN_POINT('',(-0.132480518590582,0.0189795031784878,0.000978274725314037));
#4641=CARTESIAN_POINT('',(-0.131501466609455,0.0189485326986543,0.00138527504183107));
#4642=CARTESIAN_POINT('',(-0.130521298698961,0.0189793883325199,0.000980621086878632));
#4643=CARTESIAN_POINT('',(-0.130114487407094,0.019010295897348,-2.4917802908799E-7));
#4644=CARTESIAN_POINT('',(-0.1305209883076,0.0189794282095513,-0.000979624681514369));
#4645=CARTESIAN_POINT('',(-0.130250039441901,0.0190000000219106,-5.17252334185786E-11));
#4646=CARTESIAN_POINT('',(-0.13150003944844,-0.0198738911556522,-5.38698853829582E-11));
#4647=CARTESIAN_POINT('',(-0.131500039447116,-0.0119999999888414,-5.38698853821928E-11));
#4648=CARTESIAN_POINT('',(-0.130250039447116,-0.0119999999890517,-5.38698853821928E-11));
#4649=CARTESIAN_POINT('',(-0.130521298704565,-0.0189793882907103,-0.000980621197227629));
#4650=CARTESIAN_POINT('',(-0.130114487422773,-0.0190102958535854,2.4907134388744E-7));
#4651=CARTESIAN_POINT('',(-0.130520988310571,-0.0189794281634848,0.000979624572165544));
#4652=CARTESIAN_POINT('',(-0.131498999444592,-0.0189485457965509,0.00138505740653754));
#4653=CARTESIAN_POINT('',(-0.13247921768974,-0.0189794105182073,0.000980144394173327));
#4654=CARTESIAN_POINT('',(-0.132885124979249,-0.019010271544887,2.06700077916504E-7));
#4655=CARTESIAN_POINT('',(-0.132480518598217,-0.0189795031363595,-0.000978274831630967));
#4656=CARTESIAN_POINT('',(-0.13150146661877,-0.0189485326576515,-0.00138527514927121));
#4657=CARTESIAN_POINT('',(-0.130521298704565,-0.0189793882907103,-0.000980621197227629));
#4658=CARTESIAN_POINT('',(-0.130114487422773,-0.0190102958535854,2.4907134388744E-7));
#4659=CARTESIAN_POINT('',(-0.130520988310571,-0.0189794281634848,0.000979624572165544));
#4660=CARTESIAN_POINT('',(-0.130250039448293,-0.0189999999780894,-5.72143158558628E-11));
#4661=CARTESIAN_POINT('',(-0.131500039433612,4.31861101282511E-18,-0.0198738912537617));
#4662=CARTESIAN_POINT('',(-0.13247878019673,-0.000980621121129432,-0.0189793883883127));
#4663=CARTESIAN_POINT('',(-0.132885591468911,2.49151961839451E-7,-0.0190102959522513));
#4664=CARTESIAN_POINT('',(-0.132479090548798,0.000979624647268559,-0.0189794282629602));
#4665=CARTESIAN_POINT('',(-0.131501079409148,0.00138505746031947,-0.0189485458978894));
#4666=CARTESIAN_POINT('',(-0.130520861171539,0.000980144427247534,-0.0189794106195445));
#4667=CARTESIAN_POINT('',(-0.130114953903213,2.06724131711152E-7,-0.0190102716424356));
#4668=CARTESIAN_POINT('',(-0.130519560305061,-0.000978274798837337,-0.0189795032304347));
#4669=CARTESIAN_POINT('',(-0.131498612294397,-0.00138527509572976,-0.0189485327525204));
#4670=CARTESIAN_POINT('',(-0.13247878019673,-0.000980621121129432,-0.0189793883883127));
#4671=CARTESIAN_POINT('',(-0.132885591468911,2.49151961839451E-7,-0.0190102959522513));
#4672=CARTESIAN_POINT('',(-0.132479090548798,0.000979624647268559,-0.0189794282629602));
#4673=CARTESIAN_POINT('',(-0.132750039434117,2.2930966594822E-11,-0.019000000076713));
#4674=CARTESIAN_POINT('',(-0.131500039433612,4.31861101282511E-18,-0.0198738912537617));
#4675=CARTESIAN_POINT('',(-0.132478780204092,0.000980621139063776,0.0189793882364274));
#4676=CARTESIAN_POINT('',(-0.132885591481604,-2.49131300239606E-7,0.0190102957986817));
#4677=CARTESIAN_POINT('',(-0.132479090589486,-0.000979624630330475,0.0189794281085676));
#4678=CARTESIAN_POINT('',(-0.131501079453656,-0.00138505746041196,0.0189485457426799));
#4679=CARTESIAN_POINT('',(-0.130520861210315,-0.000980144443747917,0.0189794104653851));
#4680=CARTESIAN_POINT('',(-0.130114953925128,-2.06747863497661E-7,0.0190102714920508));
#4681=CARTESIAN_POINT('',(-0.130519560310429,0.000978274782062547,0.0189795030829043));
#4682=CARTESIAN_POINT('',(-0.131498612291647,0.00138527509540766,0.018948532603782));
#4683=CARTESIAN_POINT('',(-0.132478780204092,0.000980621139063776,0.0189793882364274));
#4684=CARTESIAN_POINT('',(-0.132885591481604,-2.49131300239606E-7,0.0190102957986817));
#4685=CARTESIAN_POINT('',(-0.132479090589486,-0.000979624630330475,0.0189794281085676));
#4686=CARTESIAN_POINT('',(-0.132750039456077,-2.14472440358385E-12,0.018999999923287));
#4687=CARTESIAN_POINT('',(-0.134500039445097,2.26254621410284E-11,-7.77243179112985E-11));
#4688=CARTESIAN_POINT('',(-0.126500039445097,2.12797101406944E-11,-7.31013115102914E-11));
#4689=CARTESIAN_POINT('',(-0.126500039440029,-0.0139999999603356,-0.0128452326718038));
#4690=CARTESIAN_POINT('',(-0.126500039454875,-0.0139999999677581,0.0128452325175115));
#4691=CARTESIAN_POINT('',(-0.134500039454875,-0.0139999999627011,0.0128452325169334));
#4692=CARTESIAN_POINT('',(-0.126500039445097,2.12797101406944E-11,-7.31013115102914E-11));
#4693=CARTESIAN_POINT('',(-0.134500039450165,0.0140000000372989,0.0128452324849482));
#4694=CARTESIAN_POINT('',(-0.126500039450165,0.0140000000322419,0.0128452324936161));
#4695=CARTESIAN_POINT('',(-0.126500039445097,2.12797101406944E-11,-7.31013115102914E-11));
#4696=CARTESIAN_POINT('',(-0.126500039435319,0.0140000000396643,-0.012845232631729));
#4697=CARTESIAN_POINT('',(-0.134500039435319,0.0140000000372989,-0.0128452326403969));
#4698=CARTESIAN_POINT('',(-0.126500039445097,2.12797101406944E-11,-7.31013115102914E-11));
#4699=CARTESIAN_POINT('',(-0.134500039440029,-0.0139999999627011,-0.012845232672382));
#4700=CARTESIAN_POINT('',(-0.134500039445097,2.26254621410284E-11,-7.77243179112985E-11));
#4701=CARTESIAN_POINT('',(-0.126500039445097,3.59531450741152E-11,9.96801618568903E-12));
#4702=CARTESIAN_POINT('',(-0.126500039442742,0.0140000000359531,9.96801618704997E-12));
#4703=CARTESIAN_POINT('',(-0.126500039445097,3.59531450741152E-11,9.96801618568903E-12));
#4704=CARTESIAN_POINT('',(-0.126500039447452,-0.0139999999640468,9.96801618432809E-12));
#4705=CARTESIAN_POINT('',(-0.142690897683163,-0.00799999997599668,0.0326191315329044));
#4706=CARTESIAN_POINT('',(-0.121707146211979,-0.00799999997952655,-0.0213428203538558));
#4707=CARTESIAN_POINT('',(-0.121791570754516,-0.00799999997951235,-0.021252659842445));
#4708=CARTESIAN_POINT('',(-0.121888889044702,-0.00799999997949598,-0.0211799019259305));
#4709=CARTESIAN_POINT('',(-0.122000039432706,-0.00799999997947728,-0.021125813108553));
#4710=CARTESIAN_POINT('',(-0.121707146215296,-0.00799999997065742,-0.0213428203536376));
#4711=CARTESIAN_POINT('',(-0.122000039432669,-0.00799999997062383,-0.0211258131134688));
#4712=CARTESIAN_POINT('',(-0.12200003945955,-0.00799999997947728,0.0326191315448612));
#4713=CARTESIAN_POINT('',(-0.114000039465293,-0.00799999998082303,0.0326191315494842));
#4714=CARTESIAN_POINT('',(-0.114000039434402,-0.00799999996313,-0.0210297408287703));
#4715=CARTESIAN_POINT('',(1.57067014776951E-11,-0.008,-0.0210297407561618));
#4716=CARTESIAN_POINT('',(-0.115585825871917,-0.00799999998055627,-0.021029740822956));
#4717=CARTESIAN_POINT('',(-0.115585825871917,-0.00799999998055627,-0.021029740822956));
#4718=CARTESIAN_POINT('',(-0.115853182925332,-0.0079999999805113,-0.0210297408231105));
#4719=CARTESIAN_POINT('',(-0.11611033287087,-0.00799999998046804,-0.021147814373788));
#4720=CARTESIAN_POINT('',(-0.116292932663223,-0.00799999998043732,-0.0213428203581845));
#4721=CARTESIAN_POINT('',(-0.116292932662728,-0.0079999999715682,-0.0213428203609805));
#4722=CARTESIAN_POINT('',(-0.118207146214121,-0.00799999996208335,-0.0233760801859639));
#4723=CARTESIAN_POINT('',(-0.117567387471083,-0.00799999996228865,-0.0226999047724071));
#4724=CARTESIAN_POINT('',(-0.116929165710507,-0.00799999996249389,-0.0220222922804031));
#4725=CARTESIAN_POINT('',(-0.116292932662233,-0.00799999996269907,-0.0213428203637765));
#4726=CARTESIAN_POINT('',(-0.118207146214121,-0.00799999997109933,-0.0233760801828784));
#4727=CARTESIAN_POINT('',(-0.118914253000283,-0.00799999997095804,-0.0236854385388591));
#4728=CARTESIAN_POINT('',(-0.118647521574075,-0.00799999997100291,-0.023685438540156));
#4729=CARTESIAN_POINT('',(-0.118390353632883,-0.00799999998008449,-0.0235697193693626));
#4730=CARTESIAN_POINT('',(-0.118207146217202,-0.00799999998011531,-0.0233760801830491));
#4731=CARTESIAN_POINT('',(-0.118914253000283,-0.00799999997095804,-0.023685438548399));
#4732=CARTESIAN_POINT('',(1.72413649228023E-11,-0.008,-0.0236854384766286));
#4733=CARTESIAN_POINT('',(-0.119085825875859,-0.0079999999799675,-0.0236854385454454));
#4734=CARTESIAN_POINT('',(-0.119792932647168,-0.0079999999708326,-0.0233760801751585));
#4735=CARTESIAN_POINT('',(-0.119609679327868,-0.00799999997086343,-0.0235697678810361));
#4736=CARTESIAN_POINT('',(-0.119352673605766,-0.00799999997992261,-0.0236854385422716));
#4737=CARTESIAN_POINT('',(-0.119085825882198,-0.0079999999799675,-0.0236854385454454));
#4738=CARTESIAN_POINT('',(-0.119792932654511,-0.00799999997083257,-0.0233760801808742));
#4739=CARTESIAN_POINT('',(-0.121707146215296,-0.00799999996178829,-0.021342820356962));
#4740=CARTESIAN_POINT('',(-0.121070913173389,-0.00799999996179717,-0.0220222922653977));
#4741=CARTESIAN_POINT('',(-0.120432691410365,-0.00799999996180665,-0.0226999047584764));
#4742=CARTESIAN_POINT('',(-0.119792932656666,-0.00799999996181659,-0.0233760801816819));
#4743=CARTESIAN_POINT('',(-0.142690897680471,0.00800000002400332,0.0326191315329044));
#4744=CARTESIAN_POINT('',(-0.122000039420746,0.00800000002052274,-0.0298738912521733));
#4745=CARTESIAN_POINT('',(-0.122000039428853,0.00800000002052274,-0.0211258131181423));
#4746=CARTESIAN_POINT('',(-0.122000039433376,0.00800000002052274,-0.0211258131180306));
#4747=CARTESIAN_POINT('',(-0.121888889046398,0.00800000002050404,-0.0211799019343511));
#4748=CARTESIAN_POINT('',(-0.121791570758382,0.00800000002048766,-0.0212526598481767));
#4749=CARTESIAN_POINT('',(-0.121707146215922,0.00800000002047346,-0.0213428203577706));
#4750=CARTESIAN_POINT('',(-0.121707146212604,0.00800000002934258,-0.0213428203579889));
#4751=CARTESIAN_POINT('',(-0.119792932649056,0.00800000003818341,-0.0233760801845816));
#4752=CARTESIAN_POINT('',(-0.120432691407674,0.00800000003819335,-0.022699904756178));
#4753=CARTESIAN_POINT('',(-0.121070913170697,0.00800000003820283,-0.0220222922630997));
#4754=CARTESIAN_POINT('',(-0.121707146212604,0.00800000003821171,-0.0213428203546645));
#4755=CARTESIAN_POINT('',(-0.119792932649056,0.00800000002916743,-0.0233760801876671));
#4756=CARTESIAN_POINT('',(-0.119085825889571,0.00800000002003251,-0.0236854385553576));
#4757=CARTESIAN_POINT('',(-0.119352557310564,0.00800000002007738,-0.0236854385493519));
#4758=CARTESIAN_POINT('',(-0.119609725242711,0.00800000002012064,-0.0235697193700472));
#4759=CARTESIAN_POINT('',(-0.119792932652137,0.00800000002015146,-0.0233760801874963));
#4760=CARTESIAN_POINT('',(-0.119085825889529,0.00800000002907083,-0.0236854385523049));
#4761=CARTESIAN_POINT('',(1.99328689291981E-11,0.008,-0.0236854384865408));
#4762=CARTESIAN_POINT('',(-0.118914252994792,0.00800000002000365,-0.0236854385552584));
#4763=CARTESIAN_POINT('',(-0.118207146209411,0.00800000002890065,-0.023376080198094));
#4764=CARTESIAN_POINT('',(-0.118390399534004,0.00800000002893148,-0.0235697679065932));
#4765=CARTESIAN_POINT('',(-0.118647405271692,0.00800000001995876,-0.0236854385564306));
#4766=CARTESIAN_POINT('',(-0.118914252997146,0.00800000002000365,-0.0236854385552584));
#4767=CARTESIAN_POINT('',(-0.118207146217181,0.00800000002890067,-0.0233760801928295));
#4768=CARTESIAN_POINT('',(-0.116292933764084,0.00800000003730093,-0.0213428215410674));
#4769=CARTESIAN_POINT('',(-0.116929165707815,0.00800000003750611,-0.0220222922781052));
#4770=CARTESIAN_POINT('',(-0.117567387468392,0.00800000003771136,-0.0226999047701087));
#4771=CARTESIAN_POINT('',(-0.118207146219763,0.00800000003791665,-0.023376080192473));
#4772=CARTESIAN_POINT('',(-0.116292933207158,0.00800000002843181,-0.0213428209496259));
#4773=CARTESIAN_POINT('',(-0.116292933482304,0.00800000001956269,-0.0213428212467906));
#4774=CARTESIAN_POINT('',(-0.116110275245468,0.00800000001953196,-0.0211477523947641));
#4775=CARTESIAN_POINT('',(-0.115853332768131,0.00800000001948874,-0.0210297408342746));
#4776=CARTESIAN_POINT('',(-0.115585825869226,0.00800000001944374,-0.02102974083412));
#4777=CARTESIAN_POINT('',(-0.115585825869226,0.00800000002829025,-0.0210297408307547));
#4778=CARTESIAN_POINT('',(1.83982054848142E-11,0.008,-0.0210297407673257));
#4779=CARTESIAN_POINT('',(-0.11400003943171,0.00800000003562178,-0.0210297408307039));
#4780=CARTESIAN_POINT('',(-0.114000039462601,0.00800000001917697,0.0326191315494842));
#4781=CARTESIAN_POINT('',(-0.122000039423437,-0.00799999996050669,-0.0298738912521733));
#4782=CARTESIAN_POINT('',(-0.122000039439355,3.51961595729442E-11,1.25684658207705E-11));
#4783=CARTESIAN_POINT('',(-0.126500039445097,3.59531450741152E-11,9.96801618568903E-12));
#4784=CARTESIAN_POINT('',(-0.135094453523051,-0.0139999999626011,-0.0440410339573124));
#4785=CARTESIAN_POINT('',(1.12177609101934E-11,-0.0139999999831585,-0.0150083309393346));
#4786=CARTESIAN_POINT('',(-0.123230096229047,-0.0139999999602607,-0.015008331015246));
#4787=CARTESIAN_POINT('',(-0.0347989589692216,-0.0139999999944489,0.05198381580692));
#4788=CARTESIAN_POINT('',(-0.120995103840383,-0.0139999999598127,-0.0178605710903873));
#4789=CARTESIAN_POINT('',(1.28660014283943E-11,-0.0139999999827464,-0.0178605710190227));
#4790=CARTESIAN_POINT('',(-0.117004975033879,-0.0139999999604839,-0.0178605710880815));
#4791=CARTESIAN_POINT('',(-0.203201119974898,-0.0139999999661127,0.0519838157010905));
#4792=CARTESIAN_POINT('',(-0.114769970818561,-0.0139999999570506,-0.0150084267085186));
#4793=CARTESIAN_POINT('',(1.12177609101934E-11,-0.0139999999831585,-0.0150083309393346));
#4794=CARTESIAN_POINT('',(-0.114000039438779,-0.0139999999618134,-0.015008331006657));
#4795=CARTESIAN_POINT('',(-0.114000039447452,-0.0139999999661496,1.06908339069066E-11));
#4796=CARTESIAN_POINT('',(-0.114000039456125,-0.0139999999704857,0.0150083310329502));
#4797=CARTESIAN_POINT('',(-6.12814168305291E-12,-0.0139999999874946,0.0150083311002727));
#4798=CARTESIAN_POINT('',(-0.114769982665857,-0.0139999999703562,0.0150083310357602));
#4799=CARTESIAN_POINT('',(-0.203201119925589,-0.0139999999361562,-0.0519838157863316));
#4800=CARTESIAN_POINT('',(-0.117004975054521,-0.0139999999708043,0.0178605711109019));
#4801=CARTESIAN_POINT('',(-7.77638220125379E-12,-0.0139999999879067,0.0178605711799608));
#4802=CARTESIAN_POINT('',(-0.120995103861026,-0.0139999999701331,0.0178605711085962));
#4803=CARTESIAN_POINT('',(-0.0347989589090139,-0.0139999999644853,-0.0519838156891886));
#4804=CARTESIAN_POINT('',(-0.123230104355632,-0.0139999999681073,0.0150083574991966));
#4805=CARTESIAN_POINT('',(-6.12814168305291E-12,-0.0139999999874946,0.0150083311002727));
#4806=CARTESIAN_POINT('',(-0.135094453518341,0.0140000000373989,-0.0440410339492227));
#4807=CARTESIAN_POINT('',(1.59278929091081E-11,0.0140000000168415,-0.015008330934134));
#4808=CARTESIAN_POINT('',(-0.12323010420799,0.0140000000389328,-0.0150083572076844));
#4809=CARTESIAN_POINT('',(-1.41800968413823E-12,0.0140000000125053,0.0150083311054732));
#4810=CARTESIAN_POINT('',(-0.123230096241683,0.0140000000310669,0.0150083310389607));
#4811=CARTESIAN_POINT('',(-0.0347989589043692,0.0140000000354953,-0.0519838156810476));
#4812=CARTESIAN_POINT('',(-0.120995103856316,0.0140000000298669,0.0178605711166858));
#4813=CARTESIAN_POINT('',(-3.06625020233911E-12,0.0140000000120933,0.0178605711851614));
#4814=CARTESIAN_POINT('',(-0.117004975049811,0.0140000000291957,0.0178605711189915));
#4815=CARTESIAN_POINT('',(-0.203201119921046,0.0140000000638258,-0.051983815778373));
#4816=CARTESIAN_POINT('',(-0.11476997455191,0.014000000028818,0.0150083575121763));
#4817=CARTESIAN_POINT('',(-1.41800968413823E-12,0.0140000000125053,0.0150083311054732));
#4818=CARTESIAN_POINT('',(-0.114000039451415,0.0140000000295142,0.0150083310410399));
#4819=CARTESIAN_POINT('',(-0.114000039442742,0.0140000000338504,1.06908339096285E-11));
#4820=CARTESIAN_POINT('',(-0.114000039434069,0.0140000000381866,-0.0150083309985674));
#4821=CARTESIAN_POINT('',(1.59278929091081E-11,0.0140000000168415,-0.015008330934134));
#4822=CARTESIAN_POINT('',(-0.114769982643801,0.0140000000383161,-0.0150083310022673));
#4823=CARTESIAN_POINT('',(-0.203201119968072,0.0140000000338207,0.051983815707521));
#4824=CARTESIAN_POINT('',(-0.117004975029169,0.0140000000395161,-0.017860571079992));
#4825=CARTESIAN_POINT('',(1.7576133427309E-11,0.0140000000172535,-0.0178605710138222));
#4826=CARTESIAN_POINT('',(-0.120995103835673,0.0140000000401873,-0.0178605710822977));
#4827=CARTESIAN_POINT('',(-0.0347989589645692,0.0140000000054977,0.0519838158149633));
#4828=CARTESIAN_POINT('',(-2.25910468471162E-12,0.00900000001033727,0.0150083311054732));
#4829=CARTESIAN_POINT('',(-4.30452807336379E-12,0.0115714285805269,0.019296425683303));
#4830=CARTESIAN_POINT('',(-0.122414253016675,0.0115714286011193,0.0192964256125627));
#4831=CARTESIAN_POINT('',(-0.122414253016675,0.0115714286011193,0.0192964256125627));
#4832=CARTESIAN_POINT('',(-0.122414253016382,0.0121398722840916,0.0189555487264753));
#4833=CARTESIAN_POINT('',(-0.122532729997729,0.0126429690887857,0.0184980966986948));
#4834=CARTESIAN_POINT('',(-0.122769683960743,0.0130383677073001,0.0179564807103293));
#4835=CARTESIAN_POINT('',(-0.122769683960743,0.0130383677073001,0.0179564807103293));
#4836=CARTESIAN_POINT('',(-0.122769683960743,0.0130383677073001,0.0179564807103293));
#4837=CARTESIAN_POINT('',(-0.122849588520529,0.0131717022679513,0.017773839379609));
#4838=CARTESIAN_POINT('',(-0.122953410024372,0.0133690818032233,0.0174625507519052));
#4839=CARTESIAN_POINT('',(-0.123057681014123,0.0135984920214997,0.0169878532830306));
#4840=CARTESIAN_POINT('',(-0.123122979436156,0.0137583232814966,0.0165620629342596));
#4841=CARTESIAN_POINT('',(-0.123152727368489,0.0138375775065148,0.0162822159819739));
#4842=CARTESIAN_POINT('',(-0.123175763137735,0.0138982718647956,0.0160208028542221));
#4843=CARTESIAN_POINT('',(-0.123192015055915,0.013939421986191,0.0157919708325312));
#4844=CARTESIAN_POINT('',(-0.123200672503935,0.0139599479116309,0.0156464876758278));
#4845=CARTESIAN_POINT('',(-0.123214467396762,0.0139889221564746,0.0153874165908512));
#4846=CARTESIAN_POINT('',(-0.123223865451872,0.0140000000310193,0.0151693651458432));
#4847=CARTESIAN_POINT('',(-0.123230096237377,0.0140000000310669,0.0150083310357061));
#4848=CARTESIAN_POINT('',(-3.90734520298182E-12,0.0090000000095132,0.0178605711851614));
#4849=CARTESIAN_POINT('',(-6.10915085342513E-12,0.0112500000082231,0.0223257139606843));
#4850=CARTESIAN_POINT('',(-0.118914253018479,0.0112500000282268,0.0223257138919667));
#4851=CARTESIAN_POINT('',(-0.119085825893733,0.0112500000282556,0.0223257138918675));
#4852=CARTESIAN_POINT('',(-0.118914253018479,0.0112500000282268,0.0223257138919667));
#4853=CARTESIAN_POINT('',(-0.118914253018279,0.0116866327078265,0.022105693261513));
#4854=CARTESIAN_POINT('',(-0.118835235307582,0.0123118850158636,0.0216575632883334));
#4855=CARTESIAN_POINT('',(-0.118613731381952,0.0129336936135806,0.0209752598659111));
#4856=CARTESIAN_POINT('',(-0.118366844708568,0.0133498035665445,0.0203578458046764));
#4857=CARTESIAN_POINT('',(-0.118103488899503,0.013630863713495,0.0197861739502596));
#4858=CARTESIAN_POINT('',(-0.117752795766861,0.0138574910854184,0.019106650322072));
#4859=CARTESIAN_POINT('',(-0.117418213134345,0.0139685696712777,0.0185199366255033));
#4860=CARTESIAN_POINT('',(-0.117147427758118,0.014000000029156,0.0180808106595381));
#4861=CARTESIAN_POINT('',(-0.117004975049811,0.0140000000291957,0.0178605711189916));
#4862=CARTESIAN_POINT('',(-0.120995103856316,0.0140000000298669,0.0178605711166858));
#4863=CARTESIAN_POINT('',(-0.12085228370661,0.0140000000297791,0.0180813787419354));
#4864=CARTESIAN_POINT('',(-0.120580980137587,0.0139685068620429,0.0185213592849229));
#4865=CARTESIAN_POINT('',(-0.120244967963459,0.0138563922224385,0.0191109048749485));
#4866=CARTESIAN_POINT('',(-0.119896100003999,0.0136302095611519,0.0197873129385004));
#4867=CARTESIAN_POINT('',(-0.119633453567437,0.0133500899791863,0.0203573396814108));
#4868=CARTESIAN_POINT('',(-0.11938622400028,0.0129335561003612,0.0209755338310667));
#4869=CARTESIAN_POINT('',(-0.119164623774143,0.0123109130956377,0.0216584210110232));
#4870=CARTESIAN_POINT('',(-0.119085825893533,0.011686440392263,0.0221057901698677));
#4871=CARTESIAN_POINT('',(-0.119085825893733,0.0112500000282556,0.0223257138918675));
#4872=CARTESIAN_POINT('',(-2.25910468471162E-12,0.00900000001033727,0.0150083311054732));
#4873=CARTESIAN_POINT('',(-0.114769983676046,0.0140000000295755,0.0150083571591339));
#4874=CARTESIAN_POINT('',(-0.114776214380321,0.0139999991883561,0.0151693872182145));
#4875=CARTESIAN_POINT('',(-0.1147856143843,0.0139889189248029,0.0153874654232677));
#4876=CARTESIAN_POINT('',(-0.114799412390382,0.0139599375173317,0.0156465801874844));
#4877=CARTESIAN_POINT('',(-0.114808079684042,0.0139393831914771,0.0157922132443813));
#4878=CARTESIAN_POINT('',(-0.114824321799485,0.0138982524037347,0.0160208857228024));
#4879=CARTESIAN_POINT('',(-0.11484735622081,0.0138375675968501,0.016282259218009));
#4880=CARTESIAN_POINT('',(-0.114877122157254,0.0137582682966906,0.0165622315275514));
#4881=CARTESIAN_POINT('',(-0.114942401881315,0.0135984696055234,0.0169878968785117));
#4882=CARTESIAN_POINT('',(-0.115046668206832,0.0133690752085329,0.0174625622577837));
#4883=CARTESIAN_POINT('',(-0.115150488198677,0.0131717059162045,0.0177738343849173));
#4884=CARTESIAN_POINT('',(-0.115230394945822,0.013038367706025,0.0179564807146953));
#4885=CARTESIAN_POINT('',(-0.115230394945822,0.013038367706025,0.0179564807146953));
#4886=CARTESIAN_POINT('',(-0.115230394945822,0.013038367706025,0.0179564807146953));
#4887=CARTESIAN_POINT('',(-0.115467348909592,0.0126429690875909,0.0184980967027838));
#4888=CARTESIAN_POINT('',(-0.115585825891636,0.0121398722829389,0.0189555487304237));
#4889=CARTESIAN_POINT('',(-0.115585825891929,0.0115714285999707,0.0192964256165086));
#4890=CARTESIAN_POINT('',(-0.115585825891928,0.0115714285999707,0.0192964256165087));
#4891=CARTESIAN_POINT('',(-4.30452807336379E-12,0.0115714285805269,0.019296425683303));
#4892=CARTESIAN_POINT('',(-0.114000039454302,0.0115714285997039,0.0192964256174251));
#4893=CARTESIAN_POINT('',(-0.114000039452256,0.00900000002951424,0.0150083310395954));
#4894=CARTESIAN_POINT('',(-5.28704668320894E-12,-0.00899999998966271,0.0150083311002727));
#4895=CARTESIAN_POINT('',(-8.19759635714606E-12,-0.0115714285623302,0.0192964256766166));
#4896=CARTESIAN_POINT('',(-0.122414253020568,-0.0115714285417378,0.0192964256058763));
#4897=CARTESIAN_POINT('',(-0.123230095231494,-0.0139999999688649,0.0150083571461541));
#4898=CARTESIAN_POINT('',(-0.123223864527287,-0.0139999991277385,0.0151693872081864));
#4899=CARTESIAN_POINT('',(-0.123214464523495,-0.0139889188639696,0.015387465415101));
#4900=CARTESIAN_POINT('',(-0.123200666517709,-0.0139599374563904,0.0156465801787962));
#4901=CARTESIAN_POINT('',(-0.123191999224537,-0.0139393831315202,0.0157922132296026));
#4902=CARTESIAN_POINT('',(-0.123175757108882,-0.0138982523430082,0.0160208857132105));
#4903=CARTESIAN_POINT('',(-0.123152722687757,-0.0138375675358108,0.0162822592090032));
#4904=CARTESIAN_POINT('',(-0.123122956752277,-0.0137582682372857,0.0165622315134327));
#4905=CARTESIAN_POINT('',(-0.123057677028308,-0.0135984695456887,0.0169878968667379));
#4906=CARTESIAN_POINT('',(-0.122953410703368,-0.0133690751490136,0.0174625622457819));
#4907=CARTESIAN_POINT('',(-0.122849590711939,-0.0131717058568913,0.0177738343731319));
#4908=CARTESIAN_POINT('',(-0.122769683965125,-0.0130383676470179,0.0179564807028046));
#4909=CARTESIAN_POINT('',(-0.122769683965125,-0.0130383676470179,0.0179564807028046));
#4910=CARTESIAN_POINT('',(-0.122769683965125,-0.0130383676470179,0.0179564807028046));
#4911=CARTESIAN_POINT('',(-0.122532730001982,-0.0126429690288968,0.0184980966913952));
#4912=CARTESIAN_POINT('',(-0.122414253020466,-0.0121398722245092,0.0189555487194628));
#4913=CARTESIAN_POINT('',(-0.122414253020568,-0.0115714285417378,0.0192964256058763));
#4914=CARTESIAN_POINT('',(-6.93528720147913E-12,-0.00899999999048678,0.0178605711799608));
#4915=CARTESIAN_POINT('',(-0.117004975054521,-0.0139999999708043,0.0178605711109019));
#4916=CARTESIAN_POINT('',(-0.117147795204435,-0.0139999999708441,0.0180813787359139));
#4917=CARTESIAN_POINT('',(-0.117419098773971,-0.0139685068033368,0.0185213592786291));
#4918=CARTESIAN_POINT('',(-0.117755110948619,-0.0138563921642721,0.0191109048680153));
#4919=CARTESIAN_POINT('',(-0.118103978909916,-0.0136302095025344,0.0197873129331678));
#4920=CARTESIAN_POINT('',(-0.118366625345943,-0.0133500899220514,0.0203573396736394));
#4921=CARTESIAN_POINT('',(-0.118613854914671,-0.0129335560418297,0.0209755338256851));
#4922=CARTESIAN_POINT('',(-0.118835455140774,-0.012310913039588,0.0216584210030836));
#4923=CARTESIAN_POINT('',(-0.11891425302221,-0.0116864403353706,0.0221057901633565));
#4924=CARTESIAN_POINT('',(-0.118914253022264,-0.0112499999717732,0.022325713885466));
#4925=CARTESIAN_POINT('',(-0.118914253022264,-0.0112499999717732,0.022325713885466));
#4926=CARTESIAN_POINT('',(-9.89407835154678E-12,-0.0112499999917768,0.0223257139541837));
#4927=CARTESIAN_POINT('',(-0.119085825897518,-0.0112499999717443,0.0223257138853669));
#4928=CARTESIAN_POINT('',(-0.119085825897518,-0.0112499999717443,0.0223257138853669));
#4929=CARTESIAN_POINT('',(-0.119085825897464,-0.0116866326508108,0.0221056932548656));
#4930=CARTESIAN_POINT('',(-0.119164843607807,-0.0123118849594235,0.0216575632805705));
#4931=CARTESIAN_POINT('',(-0.119386347532212,-0.0129336935557392,0.0209752598586864));
#4932=CARTESIAN_POINT('',(-0.119633234205168,-0.013349803509014,0.0203578457962156));
#4933=CARTESIAN_POINT('',(-0.119896590013779,-0.013630863655768,0.0197861739407108));
#4934=CARTESIAN_POINT('',(-0.12024728314519,-0.0138574910269759,0.0191066503130493));
#4935=CARTESIAN_POINT('',(-0.120581865777937,-0.0139685696127735,0.0185199366145338));
#4936=CARTESIAN_POINT('',(-0.120852651153262,-0.0139999999702207,0.0180808106488603));
#4937=CARTESIAN_POINT('',(-0.120995103861026,-0.0139999999701331,0.0178605711085961));
#4938=CARTESIAN_POINT('',(-5.28704668320894E-12,-0.00899999998966271,0.0150083311002727));
#4939=CARTESIAN_POINT('',(-0.115585825895822,-0.0115714285428864,0.0192964256098223));
#4940=CARTESIAN_POINT('',(-0.11558582589572,-0.0121398722256544,0.0189555487234109));
#4941=CARTESIAN_POINT('',(-0.115467348913847,-0.0126429690300789,0.0184980966954839));
#4942=CARTESIAN_POINT('',(-0.115230394950214,-0.0130383676482782,0.0179564807071723));
#4943=CARTESIAN_POINT('',(-0.115585825895822,-0.0115714285428865,0.0192964256098224));
#4944=CARTESIAN_POINT('',(-0.115230394950214,-0.0130383676482782,0.0179564807071722));
#4945=CARTESIAN_POINT('',(-0.115230394950214,-0.0130383676482782,0.0179564807071723));
#4946=CARTESIAN_POINT('',(-0.115150490390091,-0.0131717022090311,0.0177738393761853));
#4947=CARTESIAN_POINT('',(-0.115046668885838,-0.0133690817441315,0.0174625507485447));
#4948=CARTESIAN_POINT('',(-0.11494239789548,-0.013598491962237,0.0169878532789565));
#4949=CARTESIAN_POINT('',(-0.114877099473445,-0.013758323221126,0.0165620629330106));
#4950=CARTESIAN_POINT('',(-0.114847351539878,-0.0138375774480313,0.0162822159734673));
#4951=CARTESIAN_POINT('',(-0.114824315770479,-0.013898271805512,0.0160208028464432));
#4952=CARTESIAN_POINT('',(-0.114808063852717,-0.0139394219255133,0.0157919708319409));
#4953=CARTESIAN_POINT('',(-0.114799406404097,-0.0139599478521188,0.0156464876667559));
#4954=CARTESIAN_POINT('',(-0.11478561151098,-0.0139889220964553,0.0153874165810172));
#4955=CARTESIAN_POINT('',(-0.1147762134557,-0.0139999999704017,0.0151693651385617));
#4956=CARTESIAN_POINT('',(-0.114769982670163,-0.0139999999703562,0.0150083310325054));
#4957=CARTESIAN_POINT('',(-0.114000039455284,-0.00899999997048574,0.0150083310343949));
#4958=CARTESIAN_POINT('',(-0.114000039458195,-0.0115714285431532,0.0192964256107387));
#4959=CARTESIAN_POINT('',(-8.19759635714606E-12,-0.0115714285623302,0.0192964256766166));
#4960=CARTESIAN_POINT('',(-0.122000039445097,3.51961595739275E-11,1.25684572070597E-11));
#4961=CARTESIAN_POINT('',(-0.121707146226284,3.51468893695396E-11,1.27377215220804E-11));
#4962=CARTESIAN_POINT('',(-0.121707146239552,-0.0117220593401762,0.0195476163708934));
#4963=CARTESIAN_POINT('',(-0.121707146239552,-0.0117220593401762,0.0195476163708933));
#4964=CARTESIAN_POINT('',(-0.121707146239433,-0.0123904509696189,0.0191468040046824));
#4965=CARTESIAN_POINT('',(-0.121825623220917,-0.0129673692544335,0.0186153781737034));
#4966=CARTESIAN_POINT('',(-0.122062577184017,-0.0134230205762812,0.0179794947481626));
#4967=CARTESIAN_POINT('',(-0.122062642288821,-0.0134230821643407,0.0179795318974664));
#4968=CARTESIAN_POINT('',(-0.122062577184017,-0.0134230205762812,0.0179794947481626));
#4969=CARTESIAN_POINT('',(-0.121943838913361,-0.0134207091215091,0.0181293995267115));
#4970=CARTESIAN_POINT('',(-0.121823716732837,-0.0134184086232308,0.0182803241805285));
#4971=CARTESIAN_POINT('',(-0.121702210642444,-0.0134161198299613,0.0184322740577059));
#4972=CARTESIAN_POINT('',(-0.121702210642444,-0.0134161198299612,0.0184322740577058));
#4973=CARTESIAN_POINT('',(-0.121702210642444,-0.0134161198299613,0.0184322740577059));
#4974=CARTESIAN_POINT('',(-0.121436272265781,-0.0134111103858695,0.0187648442485512));
#4975=CARTESIAN_POINT('',(-0.121082532484816,-0.0133497650393003,0.0192431815091256));
#4976=CARTESIAN_POINT('',(-0.120631052496394,-0.0131110325753213,0.0199473164960021));
#4977=CARTESIAN_POINT('',(-0.120358270795237,-0.0128759782209747,0.020423515368575));
#4978=CARTESIAN_POINT('',(-0.120107801357177,-0.0125358254711655,0.0209269496357515));
#4979=CARTESIAN_POINT('',(-0.119876028009475,-0.0120139647583613,0.0215003437878175));
#4980=CARTESIAN_POINT('',(-0.119792932678486,-0.0114896866948396,0.021876957524204));
#4981=CARTESIAN_POINT('',(-0.119792932678531,-0.0111181980230837,0.0220641518770375));
#4982=CARTESIAN_POINT('',(-0.119792932678531,-0.0111181980230837,0.0220641518770375));
#4983=CARTESIAN_POINT('',(-0.119792932663911,3.48248822782109E-11,1.38438902811018E-11));
#4984=CARTESIAN_POINT('',(4.89987516658664E-12,1.46734349325965E-11,8.30693276210152E-11));
#4985=CARTESIAN_POINT('',(-0.115585825882724,3.41171669824108E-11,1.62750759592247E-11));
#4986=CARTESIAN_POINT('',(-0.114000039445097,3.38504075735935E-11,1.71914636118344E-11));
#4987=CARTESIAN_POINT('',(-0.118500039445097,3.46073930737813E-11,1.45910225904638E-11));
#4988=CARTESIAN_POINT('',(-0.118207146226284,3.45581228693935E-11,1.47602785300228E-11));
#4989=CARTESIAN_POINT('',(-0.118207146240904,-0.0111181980233505,0.0220641518779539));
#4990=CARTESIAN_POINT('',(-0.118207146240904,-0.0111181980233505,0.0220641518779539));
#4991=CARTESIAN_POINT('',(-0.118207146240859,-0.0114885807721364,0.0218775148033105));
#4992=CARTESIAN_POINT('',(-0.11812461393774,-0.0120113753430393,0.0215024105074878));
#4993=CARTESIAN_POINT('',(-0.117893864645057,-0.0125329594790317,0.0209305124852077));
#4994=CARTESIAN_POINT('',(-0.117644219582771,-0.0128733388886925,0.0204280262042092));
#4995=CARTESIAN_POINT('',(-0.117372627870417,-0.0131083262518486,0.0199533883330025));
#4996=CARTESIAN_POINT('',(-0.116924406612929,-0.0133476045089814,0.0192530387329941));
#4997=CARTESIAN_POINT('',(-0.116565988226509,-0.0134110692926477,0.0187675724289227));
#4998=CARTESIAN_POINT('',(-0.116297868273567,-0.0134161198308703,0.0184322740608289));
#4999=CARTESIAN_POINT('',(-0.116297868273567,-0.0134161198308703,0.0184322740608289));
#5000=CARTESIAN_POINT('',(-0.116297868273567,-0.0134161198308703,0.0184322740608289));
#5001=CARTESIAN_POINT('',(-0.116176362183003,-0.0134184086241807,0.0182803241837965));
#5002=CARTESIAN_POINT('',(-0.116056240002309,-0.0134207091224994,0.0181293995301229));
#5003=CARTESIAN_POINT('',(-0.115937501731484,-0.0134230205773114,0.0179794947517158));
#5004=CARTESIAN_POINT('',(-0.115937501731484,-0.0134230205773114,0.0179794947517157));
#5005=CARTESIAN_POINT('',(-0.115937501731484,-0.0134230205773114,0.0179794947517158));
#5006=CARTESIAN_POINT('',(-0.116174455695158,-0.01296736925535,0.0186153781769987));
#5007=CARTESIAN_POINT('',(-0.116292932677059,-0.0123904509704932,0.019146804007833));
#5008=CARTESIAN_POINT('',(-0.116292932677179,-0.011722059341087,0.0195476163740221));
#5009=CARTESIAN_POINT('',(-0.116292932677179,-0.011722059341087,0.019547616374022));
#5010=CARTESIAN_POINT('',(-0.116292932663911,3.42361157780648E-11,1.58664571010738E-11));
#5011=CARTESIAN_POINT('',(4.89987516658664E-12,1.46734349325965E-11,8.30693276210152E-11));
#5012=CARTESIAN_POINT('',(-0.119085825882724,3.47059334825569E-11,1.42525107655559E-11));
#5013=CARTESIAN_POINT('',(-0.11891425300747,3.46770716650475E-11,1.43516584250394E-11));
#5014=CARTESIAN_POINT('',(4.89987516658664E-12,1.46734349325965E-11,8.30693276210152E-11));
#5015=CARTESIAN_POINT('',(-0.12241425300747,3.52658381651936E-11,1.23290932042656E-11));
#5016=CARTESIAN_POINT('',(1.20588559107668E-11,-0.0089999999809904,-0.0150083309393346));
#5017=CARTESIAN_POINT('',(-0.114769986332582,-0.0139999999607795,-0.0150084261082185));
#5018=CARTESIAN_POINT('',(-0.114776216972547,-0.0139999968980335,-0.0151694493672104));
#5019=CARTESIAN_POINT('',(-0.114785617032723,-0.0139889141895501,-0.0153875205723412));
#5020=CARTESIAN_POINT('',(-0.114799414449851,-0.0139599327163014,-0.01564661702441));
#5021=CARTESIAN_POINT('',(-0.114808082908279,-0.0139393752157012,-0.0157922632585467));
#5022=CARTESIAN_POINT('',(-0.114824324938856,-0.0138982440711371,-0.0160209247643283));
#5023=CARTESIAN_POINT('',(-0.114847359407491,-0.0138375590414768,-0.016282291314647));
#5024=CARTESIAN_POINT('',(-0.114877126241429,-0.0137582576840159,-0.0165622632176461));
#5025=CARTESIAN_POINT('',(-0.114942405717497,-0.0135984607308038,-0.0169879164635599));
#5026=CARTESIAN_POINT('',(-0.115046671191781,-0.0133690692394269,-0.017462571934972));
#5027=CARTESIAN_POINT('',(-0.1151504896091,-0.0131717034676993,-0.0177738376125535));
#5028=CARTESIAN_POINT('',(-0.115230394929456,-0.0130383676379103,-0.0179564806817345));
#5029=CARTESIAN_POINT('',(-0.115230394929456,-0.0130383676379103,-0.0179564806817344));
#5030=CARTESIAN_POINT('',(-0.115230394929456,-0.0130383676379103,-0.0179564806817345));
#5031=CARTESIAN_POINT('',(-0.115467348892466,-0.0126429690193964,-0.0184980966700968));
#5032=CARTESIAN_POINT('',(-0.115585825873812,-0.0121398722147045,-0.0189555486978736));
#5033=CARTESIAN_POINT('',(-0.11558582587352,-0.0115714285317363,-0.0192964255839585));
#5034=CARTESIAN_POINT('',(-0.11558582587352,-0.0115714285317363,-0.0192964255839585));
#5035=CARTESIAN_POINT('',(1.41042784065371E-11,-0.0115714285511801,-0.0192964255171643));
#5036=CARTESIAN_POINT('',(-0.114000039435893,-0.0115714285320031,-0.0192964255830421));
#5037=CARTESIAN_POINT('',(-0.114000039437938,-0.00899999996181342,-0.0150083310052124));
#5038=CARTESIAN_POINT('',(4.89987516658664E-12,1.46734349325965E-11,8.30693276210152E-11));
#5039=CARTESIAN_POINT('',(-0.115585825882724,3.41171669824108E-11,1.62750759592247E-11));
#5040=CARTESIAN_POINT('',(-0.114000039445097,3.38504075735935E-11,1.71914636118344E-11));
#5041=CARTESIAN_POINT('',(4.89987516658664E-12,1.46734349325965E-11,8.30693276210152E-11));
#5042=CARTESIAN_POINT('',(-0.115585825882724,3.41171669824108E-11,1.62750759592247E-11));
#5043=CARTESIAN_POINT('',(-0.115585825869627,0.0115714286111208,-0.0192964255772721));
#5044=CARTESIAN_POINT('',(1.79973466903193E-11,0.0115714285916771,-0.0192964255104779));
#5045=CARTESIAN_POINT('',(-0.114000039432,0.011571428610854,-0.0192964255763558));
#5046=CARTESIAN_POINT('',(-0.114000039445097,3.38504075735935E-11,1.71914636118344E-11));
#5047=CARTESIAN_POINT('',(1.50867979092642E-11,0.00900000001900958,-0.015008330934134));
#5048=CARTESIAN_POINT('',(-0.115585825869627,0.0115714286111208,-0.0192964255772721));
#5049=CARTESIAN_POINT('',(-0.115585825869728,0.0121398722938867,-0.0189555486908619));
#5050=CARTESIAN_POINT('',(-0.115467348888215,0.0126429690982694,-0.0184980966628003));
#5051=CARTESIAN_POINT('',(-0.115230394925077,0.0130383677163882,-0.0179564806742178));
#5052=CARTESIAN_POINT('',(-0.115230394925077,0.0130383677163882,-0.0179564806742178));
#5053=CARTESIAN_POINT('',(-0.115230394925077,0.0130383677163882,-0.0179564806742178));
#5054=CARTESIAN_POINT('',(-0.115150490365171,0.0131717022770264,-0.0177738393432595));
#5055=CARTESIAN_POINT('',(-0.115046668861231,0.0133690818120863,-0.0174625507154875));
#5056=CARTESIAN_POINT('',(-0.114942397871364,0.013598492030126,-0.0169878532460403));
#5057=CARTESIAN_POINT('',(-0.114877099449574,0.0137583232893325,-0.0165620628989081));
#5058=CARTESIAN_POINT('',(-0.114847351516648,0.0138375775154515,-0.0162822159420893));
#5059=CARTESIAN_POINT('',(-0.114824315747471,0.0138982718731777,-0.0160208028147006));
#5060=CARTESIAN_POINT('',(-0.114808063829716,0.0139394219936232,-0.0157919707976544));
#5061=CARTESIAN_POINT('',(-0.114799406381375,0.0139599479198504,-0.0156464876349701));
#5062=CARTESIAN_POINT('',(-0.114785611488537,0.0139889221642911,-0.0153874165493823));
#5063=CARTESIAN_POINT('',(-0.114776213433491,0.0140000000383636,-0.0151693651062179));
#5064=CARTESIAN_POINT('',(-0.114769982648107,0.0140000000383161,-0.0150083309990122));
#5065=CARTESIAN_POINT('',(-0.11400003943491,0.00900000003818656,-0.0150083310000119));
#5066=CARTESIAN_POINT('',(-0.118500039445097,3.46073930737813E-11,1.45910225904638E-11));
#5067=CARTESIAN_POINT('',(-0.11629786824775,0.0134161198993442,-0.0184322740291017));
#5068=CARTESIAN_POINT('',(-0.116176362157361,0.0134184086926138,-0.0182803241519287));
#5069=CARTESIAN_POINT('',(-0.116056239976842,0.0134207091908919,-0.018129399498119));
#5070=CARTESIAN_POINT('',(-0.115937501706195,0.0134230206456638,-0.0179794947195801));
#5071=CARTESIAN_POINT('',(-0.11629786824775,0.0134161198993442,-0.0184322740291017));
#5072=CARTESIAN_POINT('',(-0.115937501706195,0.0134230206456639,-0.0179794947195801));
#5073=CARTESIAN_POINT('',(-0.115937501706195,0.0134230206456638,-0.0179794947195801));
#5074=CARTESIAN_POINT('',(-0.116174455669283,0.0129673693237624,-0.0186153781451462));
#5075=CARTESIAN_POINT('',(-0.116292932650762,0.0123904510389441,-0.0191468039761128));
#5076=CARTESIAN_POINT('',(-0.116292932650643,0.0117220594095592,-0.0195476163422891));
#5077=CARTESIAN_POINT('',(-0.116292932650643,0.0117220594095592,-0.0195476163422891));
#5078=CARTESIAN_POINT('',(-0.116292932663911,3.42361157780648E-11,1.58664571010738E-11));
#5079=CARTESIAN_POINT('',(-0.118207146226284,3.45581228693935E-11,1.47602785300228E-11));
#5080=CARTESIAN_POINT('',(-0.118207146211663,0.0111181980924668,-0.0220641518484334));
#5081=CARTESIAN_POINT('',(-0.118207146211663,0.0111181980924667,-0.0220641518484334));
#5082=CARTESIAN_POINT('',(-0.118207146211709,0.0114885808414186,-0.0218775147737063));
#5083=CARTESIAN_POINT('',(-0.11812461390903,0.0120113754116727,-0.0215024104783526));
#5084=CARTESIAN_POINT('',(-0.117893864616345,0.0125329595487461,-0.0209305124545517));
#5085=CARTESIAN_POINT('',(-0.117644219554869,0.0128733389575464,-0.0204280261741179));
#5086=CARTESIAN_POINT('',(-0.117372627843095,0.0131083263202728,-0.0199533883029713));
#5087=CARTESIAN_POINT('',(-0.116924406585918,0.0133476045779163,-0.0192530387014949));
#5088=CARTESIAN_POINT('',(-0.116565988201201,0.013411069361195,-0.0187675723986237));
#5089=CARTESIAN_POINT('',(-0.11629786824775,0.0134161198993442,-0.0184322740291017));
#5090=CARTESIAN_POINT('',(1.67350384275343E-11,0.00900000001983365,-0.0178605710138222));
#5091=CARTESIAN_POINT('',(1.96938286847201E-11,0.0112500000211237,-0.022325713788045));
#5092=CARTESIAN_POINT('',(-0.11908582586793,0.0112500000411562,-0.0223257138568618));
#5093=CARTESIAN_POINT('',(-0.118914252992676,0.0112500000411273,-0.0223257138567628));
#5094=CARTESIAN_POINT('',(-0.11908582586793,0.0112500000411562,-0.0223257138568618));
#5095=CARTESIAN_POINT('',(-0.119085825867984,0.0116866327192341,-0.0221056932268587));
#5096=CARTESIAN_POINT('',(-0.119164843579176,0.0123118850302789,-0.0216575632505346));
#5097=CARTESIAN_POINT('',(-0.119386347502716,0.0129336936232201,-0.0209752598330663));
#5098=CARTESIAN_POINT('',(-0.119633234177446,0.0133498035791542,-0.0203578457676845));
#5099=CARTESIAN_POINT('',(-0.119896589986038,0.0136308637253081,-0.0197861739132399));
#5100=CARTESIAN_POINT('',(-0.120247283118222,0.0138574910967454,-0.0191066502863201));
#5101=CARTESIAN_POINT('',(-0.120581865753012,0.0139685696829661,-0.0185199365859269));
#5102=CARTESIAN_POINT('',(-0.120852651128175,0.014000000040227,-0.0180808106215926));
#5103=CARTESIAN_POINT('',(-0.120995103835673,0.0140000000401873,-0.0178605710822977));
#5104=CARTESIAN_POINT('',(-0.117004975029168,0.0140000000395161,-0.0178605710799919));
#5105=CARTESIAN_POINT('',(-0.117147795178538,0.0140000000396039,-0.0180813787047213));
#5106=CARTESIAN_POINT('',(-0.117419098747098,0.0139685068724347,-0.0185213592469762));
#5107=CARTESIAN_POINT('',(-0.117755110922383,0.0138563922328957,-0.0191109048389243));
#5108=CARTESIAN_POINT('',(-0.118103978881176,0.0136302095727309,-0.0197873129009428));
#5109=CARTESIAN_POINT('',(-0.118366625318484,0.0133500899904519,-0.0203573396455831));
#5110=CARTESIAN_POINT('',(-0.118613854885122,0.0129335561130453,-0.0209755337941003));
#5111=CARTESIAN_POINT('',(-0.118835455112174,0.012310913107519,-0.0216584209759202));
#5112=CARTESIAN_POINT('',(-0.11891425299273,0.0116864404058199,-0.0221057901341014));
#5113=CARTESIAN_POINT('',(-0.118914252992676,0.0112500000411273,-0.0223257138567627));
#5114=CARTESIAN_POINT('',(-0.122000039445097,3.51961595739275E-11,1.25684572070597E-11));
#5115=CARTESIAN_POINT('',(-0.121707146226284,3.51468893695396E-11,1.27377215220804E-11));
#5116=CARTESIAN_POINT('',(-0.121707146213016,0.01172205941047,-0.0195476163454179));
#5117=CARTESIAN_POINT('',(-0.121707146213016,0.01172205941047,-0.0195476163454179));
#5118=CARTESIAN_POINT('',(-0.121707146213135,0.0123904510399124,-0.0191468039792071));
#5119=CARTESIAN_POINT('',(-0.12182562319504,0.0129673693247669,-0.0186153781483651));
#5120=CARTESIAN_POINT('',(-0.122062577158721,0.0134230206466946,-0.017979494723098));
#5121=CARTESIAN_POINT('',(-0.122062639682009,0.0134230795628909,-0.0179795303545773));
#5122=CARTESIAN_POINT('',(-0.122062577158721,0.0134230206466946,-0.017979494723098));
#5123=CARTESIAN_POINT('',(-0.121943838887895,0.0134207091918825,-0.0181293995015067));
#5124=CARTESIAN_POINT('',(-0.121823716707198,0.0134184086935638,-0.0182803241551848));
#5125=CARTESIAN_POINT('',(-0.121702210616628,0.0134161199002533,-0.0184322740322247));
#5126=CARTESIAN_POINT('',(-0.121702210616628,0.0134161199002534,-0.0184322740322247));
#5127=CARTESIAN_POINT('',(-0.121702210616628,0.0134161199002533,-0.0184322740322247));
#5128=CARTESIAN_POINT('',(-0.121436272239632,0.0134111104560731,-0.0187648442226996));
#5129=CARTESIAN_POINT('',(-0.12108253245816,0.0133497651094229,-0.0192431814828143));
#5130=CARTESIAN_POINT('',(-0.120631052468786,0.0131110326451879,-0.0199473164694935));
#5131=CARTESIAN_POINT('',(-0.120358270767417,0.0128759782909522,-0.0204235153413215));
#5132=CARTESIAN_POINT('',(-0.120107801328451,0.012535825540437,-0.0209269496090924));
#5133=CARTESIAN_POINT('',(-0.119876027980778,0.0120139648284068,-0.0215003437597879));
#5134=CARTESIAN_POINT('',(-0.119792932649336,0.0114896867641045,-0.0218769574967102));
#5135=CARTESIAN_POINT('',(-0.11979293264929,0.0111181980927336,-0.0220641518493498));
#5136=CARTESIAN_POINT('',(-0.11979293264929,0.0111181980927335,-0.0220641518493497));
#5137=CARTESIAN_POINT('',(-0.119792932663911,3.48248822782109E-11,1.38438902811018E-11));
#5138=CARTESIAN_POINT('',(1.50867979092642E-11,0.00900000001900958,-0.015008330934134));
#5139=CARTESIAN_POINT('',(1.79973466903193E-11,0.0115714285916771,-0.0192964255104779));
#5140=CARTESIAN_POINT('',(-0.122414252994373,0.0115714286122695,-0.0192964255812181));
#5141=CARTESIAN_POINT('',(-0.123230095219597,0.0140000000396724,-0.0150083568598943));
#5142=CARTESIAN_POINT('',(-0.123223864515056,0.0139999992069993,-0.0151693869456698));
#5143=CARTESIAN_POINT('',(-0.123214464511284,0.0139889189527774,-0.0153874651778954));
#5144=CARTESIAN_POINT('',(-0.123200666502967,0.0139599375456384,-0.0156465800116312));
#5145=CARTESIAN_POINT('',(-0.123191999213818,0.0139393832321744,-0.0157922130168164));
#5146=CARTESIAN_POINT('',(-0.123175757097943,0.0138982524457493,-0.0160208855380083));
#5147=CARTESIAN_POINT('',(-0.123152722676797,0.0138375676397945,-0.0162822590597004));
#5148=CARTESIAN_POINT('',(-0.123122956743921,0.0137582683478061,-0.0165622313701373));
#5149=CARTESIAN_POINT('',(-0.123057677019059,0.0135984696503204,-0.0169878967671516));
#5150=CARTESIAN_POINT('',(-0.122953410690421,0.0133690752426056,-0.0174625621841444));
#5151=CARTESIAN_POINT('',(-0.122849590692593,0.0131717059369599,-0.0177738343361137));
#5152=CARTESIAN_POINT('',(-0.122769683939985,0.0130383677176692,-0.0179564806785571));
#5153=CARTESIAN_POINT('',(-0.122769683939985,0.0130383677176691,-0.0179564806785572));
#5154=CARTESIAN_POINT('',(-0.122769683939985,0.0130383677176692,-0.0179564806785571));
#5155=CARTESIAN_POINT('',(-0.122532729976349,0.012642969099468,-0.0184980966668743));
#5156=CARTESIAN_POINT('',(-0.122414252994474,0.0121398722950404,-0.0189555486948049));
#5157=CARTESIAN_POINT('',(-0.122414252994373,0.0115714286122695,-0.0192964255812181));
#5158=CARTESIAN_POINT('',(1.20588559107668E-11,-0.0089999999809904,-0.0150083309393346));
#5159=CARTESIAN_POINT('',(1.41042784065371E-11,-0.0115714285511801,-0.0192964255171643));
#5160=CARTESIAN_POINT('',(-0.122414252998266,-0.0115714285305876,-0.0192964255879045));
#5161=CARTESIAN_POINT('',(-0.122414252998266,-0.0115714285305876,-0.0192964255879045));
#5162=CARTESIAN_POINT('',(-0.122414252998558,-0.0121398722135569,-0.018955548701819));
#5163=CARTESIAN_POINT('',(-0.122532729980602,-0.0126429690182086,-0.0184980966741787));
#5164=CARTESIAN_POINT('',(-0.122769683944372,-0.013038367636642,-0.0179564806860912));
#5165=CARTESIAN_POINT('',(-0.122769683944372,-0.013038367636642,-0.0179564806860912));
#5166=CARTESIAN_POINT('',(-0.122769683944372,-0.013038367636642,-0.0179564806860912));
#5167=CARTESIAN_POINT('',(-0.122849588504423,-0.0131717021972766,-0.0177738393554502));
#5168=CARTESIAN_POINT('',(-0.122953410008679,-0.0133690817324776,-0.0174625507280021));
#5169=CARTESIAN_POINT('',(-0.123057680999106,-0.0135984919508255,-0.0169878532588584));
#5170=CARTESIAN_POINT('',(-0.123122979421518,-0.0137583232104609,-0.0165620629113605));
#5171=CARTESIAN_POINT('',(-0.123152727354685,-0.0138375774365044,-0.0162822159554365));
#5172=CARTESIAN_POINT('',(-0.123175763124175,-0.013898271794452,-0.0160208028280226));
#5173=CARTESIAN_POINT('',(-0.123192015042245,-0.0139394219151579,-0.0157919708102879));
#5174=CARTESIAN_POINT('',(-0.123200672490701,-0.0139599478413461,-0.0156464876484568));
#5175=CARTESIAN_POINT('',(-0.123214467383834,-0.0139889220859714,-0.0153874165629737));
#5176=CARTESIAN_POINT('',(-0.123223865439147,-0.0139999999602153,-0.0151693651195826));
#5177=CARTESIAN_POINT('',(-0.123230096224741,-0.0139999999602608,-0.0150083310119908));
#5178=CARTESIAN_POINT('',(-0.122000039445097,3.51961595739275E-11,1.25684572070597E-11));
#5179=CARTESIAN_POINT('',(-0.121702210621141,-0.0134161198193104,-0.018432274039977));
#5180=CARTESIAN_POINT('',(-0.121823716711712,-0.0134184086126678,-0.0182803241629381));
#5181=CARTESIAN_POINT('',(-0.121943838892411,-0.0134207091110333,-0.0181293995092613));
#5182=CARTESIAN_POINT('',(-0.122062577163237,-0.0134230205658921,-0.0179794947308542));
#5183=CARTESIAN_POINT('',(-0.121702210621141,-0.0134161198193105,-0.018432274039977));
#5184=CARTESIAN_POINT('',(-0.122062577163237,-0.0134230205658921,-0.0179794947308543));
#5185=CARTESIAN_POINT('',(-0.122062577163237,-0.0134230205658921,-0.0179794947308542));
#5186=CARTESIAN_POINT('',(-0.121825623199403,-0.0129673692436768,-0.018615378155858));
#5187=CARTESIAN_POINT('',(-0.121707146217304,-0.012390450958555,-0.0191468039863667));
#5188=CARTESIAN_POINT('',(-0.121707146216959,-0.011722059328881,-0.0195476163521913));
#5189=CARTESIAN_POINT('',(-0.121707146216959,-0.0117220593288809,-0.0195476163521913));
#5190=CARTESIAN_POINT('',(-0.121707146226284,3.51468893695396E-11,1.27377215220804E-11));
#5191=CARTESIAN_POINT('',(-0.119792932663911,3.48248822782109E-11,1.38438902811018E-11));
#5192=CARTESIAN_POINT('',(-0.11979293265303,-0.0111181980103343,-0.0220641518557742));
#5193=CARTESIAN_POINT('',(-0.119792932653031,-0.0111181980103344,-0.0220641518557742));
#5194=CARTESIAN_POINT('',(-0.119792932653201,-0.0114885807595929,-0.021877514781161));
#5195=CARTESIAN_POINT('',(-0.119875464956262,-0.0120113753298256,-0.0215024104863842));
#5196=CARTESIAN_POINT('',(-0.120106214249743,-0.0125329594672674,-0.0209305124629736));
#5197=CARTESIAN_POINT('',(-0.120355859311635,-0.0128733388762805,-0.0204280261832717));
#5198=CARTESIAN_POINT('',(-0.120627451024277,-0.0131083262396759,-0.0199533883119337));
#5199=CARTESIAN_POINT('',(-0.121075672281782,-0.0133476044972167,-0.0192530387120266));
#5200=CARTESIAN_POINT('',(-0.121434090667798,-0.0134110692809768,-0.0187675724085673));
#5201=CARTESIAN_POINT('',(-0.121702210621141,-0.0134161198193104,-0.018432274039977));
#5202=CARTESIAN_POINT('',(1.3707096429037E-11,-0.00899999998016634,-0.0178605710190227));
#5203=CARTESIAN_POINT('',(-0.120995103840383,-0.0139999999598127,-0.0178605710903874));
#5204=CARTESIAN_POINT('',(-0.120852283690714,-0.0139999999597729,-0.0180813787150199));
#5205=CARTESIAN_POINT('',(-0.12058098012161,-0.0139685067923367,-0.0185213592569959));
#5206=CARTESIAN_POINT('',(-0.120244967945674,-0.0138563921524346,-0.0191109048484511));
#5207=CARTESIAN_POINT('',(-0.119896099986428,-0.0136302094920686,-0.0197873129094043));
#5208=CARTESIAN_POINT('',(-0.119633453548274,-0.0133500899095041,-0.0203573396538574));
#5209=CARTESIAN_POINT('',(-0.119386223980187,-0.0129335560305955,-0.0209755338031548));
#5210=CARTESIAN_POINT('',(-0.119164623753375,-0.0123109130264793,-0.0216584209823968));
#5211=CARTESIAN_POINT('',(-0.119085825871916,-0.0116864403222138,-0.0221057901416839));
#5212=CARTESIAN_POINT('',(-0.119085825871715,-0.0112499999588438,-0.0223257138633625));
#5213=CARTESIAN_POINT('',(-0.119085825871715,-0.0112499999588438,-0.0223257138633625));
#5214=CARTESIAN_POINT('',(1.59089011865984E-11,-0.0112499999788763,-0.0223257137945457));
#5215=CARTESIAN_POINT('',(-0.118914252996461,-0.0112499999588726,-0.0223257138632634));
#5216=CARTESIAN_POINT('',(-0.118914252996461,-0.0112499999588726,-0.0223257138632634));
#5217=CARTESIAN_POINT('',(-0.118914252996662,-0.0116866326394187,-0.0221056932323329));
#5218=CARTESIAN_POINT('',(-0.118835235286835,-0.0123118849463482,-0.0216575632596318));
#5219=CARTESIAN_POINT('',(-0.118613731361824,-0.012933693544325,-0.0209752598368646));
#5220=CARTESIAN_POINT('',(-0.118366844689621,-0.0133498034973059,-0.0203578457755322));
#5221=CARTESIAN_POINT('',(-0.1181034888811,-0.01363086364469,-0.0197861739198486));
#5222=CARTESIAN_POINT('',(-0.117752795749844,-0.0138574910162916,-0.0191066502928011));
#5223=CARTESIAN_POINT('',(-0.11741821311615,-0.0139685696028041,-0.0185199365927439));
#5224=CARTESIAN_POINT('',(-0.11714742774129,-0.0139999999603963,-0.0180808106278));
#5225=CARTESIAN_POINT('',(-0.117004975033879,-0.0139999999604839,-0.0178605710880816));
#5226=CARTESIAN_POINT('',(-0.118500039445097,3.46073930737813E-11,1.45910225904638E-11));
#5227=CARTESIAN_POINT('',(-0.116292932663911,3.42361157780648E-11,1.58664571010738E-11));
#5228=CARTESIAN_POINT('',(-0.116292932654586,-0.0117220593297917,-0.0195476163490625));
#5229=CARTESIAN_POINT('',(-0.116292932654586,-0.0117220593297917,-0.0195476163490625));
#5230=CARTESIAN_POINT('',(-0.116292932654931,-0.012390450959466,-0.0191468039832378));
#5231=CARTESIAN_POINT('',(-0.11617445567364,-0.0129673692446276,-0.0186153781525922));
#5232=CARTESIAN_POINT('',(-0.115937501710694,-0.0134230205669224,-0.0179794947273147));
#5233=CARTESIAN_POINT('',(-0.115937439187406,-0.0134230794831184,-0.0179795303587938));
#5234=CARTESIAN_POINT('',(-0.115937501710694,-0.0134230205669224,-0.0179794947273147));
#5235=CARTESIAN_POINT('',(-0.116056239981347,-0.0134207091120237,-0.0181293995058607));
#5236=CARTESIAN_POINT('',(-0.11617636216187,-0.0134184086136178,-0.0182803241596763));
#5237=CARTESIAN_POINT('',(-0.116297868252264,-0.0134161198202196,-0.0184322740368539));
#5238=CARTESIAN_POINT('',(-0.116297868252263,-0.0134161198202196,-0.018432274036854));
#5239=CARTESIAN_POINT('',(-0.116297868252264,-0.0134161198202196,-0.0184322740368539));
#5240=CARTESIAN_POINT('',(-0.116563806629078,-0.0134111103758433,-0.0187648442278873));
#5241=CARTESIAN_POINT('',(-0.116917546410334,-0.0133497650286734,-0.0192431814889249));
#5242=CARTESIAN_POINT('',(-0.117369026397386,-0.0131110325646915,-0.0199473164737614));
#5243=CARTESIAN_POINT('',(-0.117641808099551,-0.01287597820934,-0.0204235153479006));
#5244=CARTESIAN_POINT('',(-0.117892277537017,-0.0125358254602591,-0.0209269496136461));
#5245=CARTESIAN_POINT('',(-0.118124050884892,-0.0120139647458037,-0.0215003437665726));
#5246=CARTESIAN_POINT('',(-0.118207146215574,-0.0114896866821685,-0.0218769575023884));
#5247=CARTESIAN_POINT('',(-0.118207146215404,-0.0111181980106011,-0.0220641518548578));
#5248=CARTESIAN_POINT('',(-0.118207146215404,-0.0111181980106011,-0.0220641518548579));
#5249=CARTESIAN_POINT('',(-0.118207146226284,3.45581228693935E-11,1.47602785300228E-11));
#5250=CARTESIAN_POINT('',(4.89987516658664E-12,1.46734349325965E-11,8.30693276210152E-11));
#5251=CARTESIAN_POINT('',(-0.12241425300747,3.52658381651936E-11,1.23290932042656E-11));
#5252=CARTESIAN_POINT('',(4.89987516658664E-12,1.46734349325965E-11,8.30693276210152E-11));
#5253=CARTESIAN_POINT('',(-0.119085825882724,3.47059334825569E-11,1.42525107655559E-11));
#5254=CARTESIAN_POINT('',(-0.11891425300747,3.46770716650475E-11,1.43516584250394E-11));
#5255=CARTESIAN_POINT('',(4.89987516658664E-12,1.46734349325965E-11,8.30693276210152E-11));
#5256=CARTESIAN_POINT('',(-0.119085825882724,3.47059334825569E-11,1.42525107655559E-11));
#5257=CARTESIAN_POINT('',(-0.11891425300747,3.46770716650475E-11,1.43516584250394E-11));
#5258=CARTESIAN_POINT('',(-0.11701001873881,-0.0139999999708023,0.0178564932413866));
#5259=CARTESIAN_POINT('',(-0.1168691230845,-0.0139999999708589,0.0179704087960917));
#5260=CARTESIAN_POINT('',(-0.116716172811448,-0.0139491023045595,0.0180940706313946));
#5261=CARTESIAN_POINT('',(-0.116458061712621,-0.0137376193003866,0.0183027560528653));
#5262=CARTESIAN_POINT('',(-0.11635649775351,-0.0135808739620506,0.0183848715361304));
#5263=CARTESIAN_POINT('',(-0.116297868273567,-0.0134161198308704,0.0184322740608289));
#5264=CARTESIAN_POINT('',(-0.11624534384153,-0.0139999999706577,0.0169108377109738));
#5265=CARTESIAN_POINT('',(-0.116105164276619,-0.0139999999707132,0.0170220842579426));
#5266=CARTESIAN_POINT('',(-0.115953344575605,-0.013950474563792,0.0171425629915853));
#5267=CARTESIAN_POINT('',(-0.115695850561723,-0.0137447031778829,0.0173469200048997));
#5268=CARTESIAN_POINT('',(-0.115593576645247,-0.0135920511088805,0.0174281023979528));
#5269=CARTESIAN_POINT('',(-0.115533215481743,-0.0134305234888521,0.0174760347716393));
#5270=CARTESIAN_POINT('',(-0.115493795475735,-0.0139999999705084,0.0159559199636188));
#5271=CARTESIAN_POINT('',(-0.115354378188858,-0.0139999999705586,0.0160641521481267));
#5272=CARTESIAN_POINT('',(-0.115203759527117,-0.0139519556733608,0.0161810716227381));
#5273=CARTESIAN_POINT('',(-0.114946927865675,-0.0137523481104046,0.0163804701787158));
#5274=CARTESIAN_POINT('',(-0.114843911900018,-0.0136041304942663,0.0164604713143549));
#5275=CARTESIAN_POINT('',(-0.114781693003066,-0.0134461765653015,0.0165088215872559));
#5276=CARTESIAN_POINT('',(-0.114761846281725,-0.0139999999703515,0.0149872495447803));
#5277=CARTESIAN_POINT('',(-0.114623238958574,-0.0139999999704051,0.0150919666093416));
#5278=CARTESIAN_POINT('',(-0.114473892955204,-0.0139535576122605,0.015204796687309));
#5279=CARTESIAN_POINT('',(-0.114217773476538,-0.0137606154885767,0.0153982935342111));
#5280=CARTESIAN_POINT('',(-0.114113989594591,-0.0136172161723995,0.0154767016819367));
#5281=CARTESIAN_POINT('',(-0.114049777732549,-0.0134632645410406,0.0155252133879103));
#5282=CARTESIAN_POINT('',(-0.11476998264002,-0.0139999999703562,0.0150083310552894));
#5283=CARTESIAN_POINT('',(-0.114805377910206,-0.0139999999703824,0.0151196951131303));
#5284=CARTESIAN_POINT('',(-0.114862103222684,-0.0139969239832996,0.0152974091618162));
#5285=CARTESIAN_POINT('',(-0.114940674076215,-0.013983133527099,0.0155385507871498));
#5286=CARTESIAN_POINT('',(-0.114983361272228,-0.0139736080955301,0.0156681077706054));
#5287=CARTESIAN_POINT('',(-0.115030800613891,-0.0139605840076851,0.0158099187435188));
#5288=CARTESIAN_POINT('',(-0.115026420845308,-0.0139617075309323,0.0157966375943187));
#5289=CARTESIAN_POINT('',(-0.115050583201705,-0.0139546517677137,0.0158679572116684));
#5290=CARTESIAN_POINT('',(-0.11509098311425,-0.0139418081150385,0.0159862603855821));
#5291=CARTESIAN_POINT('',(-0.115160275345556,-0.0139150921594613,0.0161851504544304));
#5292=CARTESIAN_POINT('',(-0.115227380724772,-0.0138849462127478,0.0163724922610463));
#5293=CARTESIAN_POINT('',(-0.115297141401071,-0.0138499680849682,0.0165606727844437));
#5294=CARTESIAN_POINT('',(-0.115335683779356,-0.0138290242314238,0.0166615142934428));
#5295=CARTESIAN_POINT('',(-0.115397102995444,-0.0137943138771181,0.0168199160968921));
#5296=CARTESIAN_POINT('',(-0.115497874453704,-0.0137328783200972,0.0170699140088619));
#5297=CARTESIAN_POINT('',(-0.115695890532102,-0.0136002921476862,0.0175247268991584));
#5298=CARTESIAN_POINT('',(-0.115848449478086,-0.0134889323415422,0.0178191982601289));
#5299=CARTESIAN_POINT('',(-0.115937489954098,-0.0134230276233924,0.0179795041901317));
#5300=CARTESIAN_POINT('',(-0.117004975054353,-0.0129999999708043,0.0178605711111908));
#5301=CARTESIAN_POINT('',(-0.118914253022264,-0.0112499999717732,0.022325713885466));
#5302=CARTESIAN_POINT('',(-0.118500039459891,-0.0112499999718429,0.0223257138857053));
#5303=CARTESIAN_POINT('',(-0.118207146240904,-0.0111181980233505,0.0220641518779539));
#5304=CARTESIAN_POINT('',(-0.11891425301969,-0.0114806933219256,0.0222094667542126));
#5305=CARTESIAN_POINT('',(-0.118500039457226,-0.0114647666039303,0.0222174922759189));
#5306=CARTESIAN_POINT('',(-0.118207146238068,-0.0113081900906737,0.0219684142526642));
#5307=CARTESIAN_POINT('',(-0.118901002252907,-0.0116982477721431,0.0220775664861862));
#5308=CARTESIAN_POINT('',(-0.118486287364301,-0.0116681388328459,0.0220957751964958));
#5309=CARTESIAN_POINT('',(-0.118193895471461,-0.0114875376190095,0.0218601336541395));
#5310=CARTESIAN_POINT('',(-0.118849731576635,-0.0121088414308591,0.0217846883324771));
#5311=CARTESIAN_POINT('',(-0.118433169218478,-0.0120533881959982,0.0218275187467663));
#5312=CARTESIAN_POINT('',(-0.118142624795404,-0.0118264210200263,0.0216202501617111));
#5313=CARTESIAN_POINT('',(-0.118811269525505,-0.0123033128562205,0.0216222506802161));
#5314=CARTESIAN_POINT('',(-0.118393231366859,-0.0122369981431577,0.0216793118236387));
#5315=CARTESIAN_POINT('',(-0.118104162743918,-0.0119871429993,0.0214874562754272));
#5316=CARTESIAN_POINT('',(-0.118711276714461,-0.0126610009992215,0.0212751253528351));
#5317=CARTESIAN_POINT('',(-0.118289548456704,-0.0125769824088553,0.0213639901830572));
#5318=CARTESIAN_POINT('',(-0.118004169933439,-0.0122832437424511,0.0212040992571296));
#5319=CARTESIAN_POINT('',(-0.118650583064174,-0.012822303029862,0.0210928041004496));
#5320=CARTESIAN_POINT('',(-0.118226471131846,-0.0127317418548467,0.0211986229781667));
#5321=CARTESIAN_POINT('',(-0.117943476282688,-0.0124170327726481,0.0210554639135358));
#5322=CARTESIAN_POINT('',(-0.11850977885639,-0.013113672352711,0.0207127685634747));
#5323=CARTESIAN_POINT('',(-0.118080266774847,-0.0130143388340008,0.0208547090689876));
#5324=CARTESIAN_POINT('',(-0.117802672075357,-0.0126592570348384,0.0207459592001425));
#5325=CARTESIAN_POINT('',(-0.118428855605127,-0.0132445576801071,0.0205133127792377));
#5326=CARTESIAN_POINT('',(-0.117996040112105,-0.0131430912203041,0.0206742065642339));
#5327=CARTESIAN_POINT('',(-0.117721748823621,-0.01276837965925,0.0205836752194354));
#5328=CARTESIAN_POINT('',(-0.118165029289529,-0.013584170087741,0.0199096241510682));
#5329=CARTESIAN_POINT('',(-0.117720426750904,-0.0134845496835985,0.0201261294411624));
#5330=CARTESIAN_POINT('',(-0.117457922508919,-0.0130525146052526,0.0200928849091601));
#5331=CARTESIAN_POINT('',(-0.117961675357643,-0.0137432245993548,0.0194992955374766));
#5332=CARTESIAN_POINT('',(-0.117507293316203,-0.0136522667799426,0.0197537402345202));
#5333=CARTESIAN_POINT('',(-0.117254568576163,-0.0131870592480163,0.019759787935092));
#5334=CARTESIAN_POINT('',(-0.117507560412629,-0.0139528834813397,0.0186683721717076));
#5335=CARTESIAN_POINT('',(-0.117032044687359,-0.0138968115734994,0.0189990828737475));
#5336=CARTESIAN_POINT('',(-0.116800453631935,-0.0133679243971896,0.0190860680919134));
#5337=CARTESIAN_POINT('',(-0.117263243099929,-0.0139999999708762,0.0182598673847676));
#5338=CARTESIAN_POINT('',(-0.116774430762114,-0.0139682173437045,0.0186257810244977));
#5339=CARTESIAN_POINT('',(-0.116556131514452,-0.0134112549639338,0.0187552460810422));
#5340=CARTESIAN_POINT('',(-0.117004975054521,-0.0139999999708043,0.0178605711109019));
#5341=CARTESIAN_POINT('',(-0.116505648125397,-0.013999999971005,0.018264281959111));
#5342=CARTESIAN_POINT('',(-0.116297868273567,-0.0134161198308703,0.0184322740608289));
#5343=CARTESIAN_POINT('',(-0.118914253021672,-0.0107999999715152,0.0214326853306215));
#5344=CARTESIAN_POINT('',(-0.11891425300747,3.46770716650475E-11,1.43516594279264E-11));
#5345=CARTESIAN_POINT('',(-0.117004975049811,0.0140000000291957,0.0178605711189916));
#5346=CARTESIAN_POINT('',(-0.116505648120687,0.014000000028995,0.0182642819672006));
#5347=CARTESIAN_POINT('',(-0.116297868269053,0.0134161198886934,0.0184322740685811));
#5348=CARTESIAN_POINT('',(-0.117263743666718,0.0140000000291236,0.0182606413039703));
#5349=CARTESIAN_POINT('',(-0.116774940001092,0.0139681571843253,0.0186264659401779));
#5350=CARTESIAN_POINT('',(-0.116556630529314,0.0134112456208486,0.0187558701398778));
#5351=CARTESIAN_POINT('',(-0.117505660902576,0.0139527557184994,0.0186654846797885));
#5352=CARTESIAN_POINT('',(-0.117030120709166,0.013896878699108,0.0189965658463289));
#5353=CARTESIAN_POINT('',(-0.116798554122134,0.0133678552036392,0.0190837330899547));
#5354=CARTESIAN_POINT('',(-0.117841349066131,0.0137992629062939,0.0192788427863561));
#5355=CARTESIAN_POINT('',(-0.117383412671919,0.0137164492689975,0.0195567720827546));
#5356=CARTESIAN_POINT('',(-0.117134242285012,0.0132353816748226,0.0195810399472674));
#5357=CARTESIAN_POINT('',(-0.117948680226375,0.0137342005771974,0.0194843257155769));
#5358=CARTESIAN_POINT('',(-0.11749565098604,0.0136447683324729,0.0197431321108828));
#5359=CARTESIAN_POINT('',(-0.117241573445699,0.0131798881613836,0.0197477428662322));
#5360=CARTESIAN_POINT('',(-0.118153168416247,0.0135717578711806,0.0198972998812518));
#5361=CARTESIAN_POINT('',(-0.117708958411678,0.0134730808043635,0.020117026992154));
#5362=CARTESIAN_POINT('',(-0.117446061634992,0.0130425257838818,0.0200829993634966));
#5363=CARTESIAN_POINT('',(-0.118250332563548,0.0134738634730956,0.0201050826627925));
#5364=CARTESIAN_POINT('',(-0.11781030046391,0.0133727437289921,0.0203050957548652));
#5365=CARTESIAN_POINT('',(-0.11754322578275,0.0129602342917537,0.0202517923343673));
#5366=CARTESIAN_POINT('',(-0.11842653864367,0.0132480257794205,0.0205077513939677));
#5367=CARTESIAN_POINT('',(-0.117993630009122,0.0131465218246808,0.0206691767755012));
#5368=CARTESIAN_POINT('',(-0.117719431862388,0.0127712743032751,0.0205791515397749));
#5369=CARTESIAN_POINT('',(-0.118506506786512,0.0131195228205204,0.0207044144090722));
#5370=CARTESIAN_POINT('',(-0.118076863433811,0.0130200637698794,0.020847145153914));
#5371=CARTESIAN_POINT('',(-0.117799400005702,0.0126641286009341,0.0207391593989764));
#5372=CARTESIAN_POINT('',(-0.118648565557279,0.0128273647865389,0.0210868990159612));
#5373=CARTESIAN_POINT('',(-0.118224373582594,0.0127366131444587,0.0211932661665773));
#5374=CARTESIAN_POINT('',(-0.11794145877586,0.0124212331811367,0.0210506509942331));
#5375=CARTESIAN_POINT('',(-0.11871066845665,0.0126625473974414,0.0212733339485459));
#5376=CARTESIAN_POINT('',(-0.118288918473812,0.0125784629688786,0.0213623717566227));
#5377=CARTESIAN_POINT('',(-0.118003561675629,0.0122845268173415,0.0212026391186191));
#5378=CARTESIAN_POINT('',(-0.118810197813889,0.0123077654753001,0.0216182154750726));
#5379=CARTESIAN_POINT('',(-0.118392121469216,0.0122412105507852,0.0216756452077892));
#5380=CARTESIAN_POINT('',(-0.118103091032535,0.0119908260882135,0.0214841602146345));
#5381=CARTESIAN_POINT('',(-0.118848456942415,0.0121165083222012,0.021778689083722));
#5382=CARTESIAN_POINT('',(-0.11843184751149,0.0120606082532438,0.0218220374659167));
#5383=CARTESIAN_POINT('',(-0.118141350161365,0.0118327537033107,0.0216153420772702));
#5384=CARTESIAN_POINT('',(-0.118900564028362,0.0117042154975754,0.0220738229539224));
#5385=CARTESIAN_POINT('',(-0.118485832540727,0.0116737213654788,0.0220923261355795));
#5386=CARTESIAN_POINT('',(-0.118193457246903,0.0114924584399137,0.0218570620445212));
#5387=CARTESIAN_POINT('',(-0.11891425301763,0.0114813995642284,0.0222091109115291));
#5388=CARTESIAN_POINT('',(-0.118500039455236,0.0114654214966784,0.0222171623109787));
#5389=CARTESIAN_POINT('',(-0.118207146236255,0.0113087716257571,0.0219681212524356));
#5390=CARTESIAN_POINT('',(-0.118914253018479,0.0112500000282268,0.0223257138919667));
#5391=CARTESIAN_POINT('',(-0.118500039456106,0.0112500000281571,0.0223257138922061));
#5392=CARTESIAN_POINT('',(-0.118207146237164,0.0111181980797173,0.0220641518843784));
#5393=CARTESIAN_POINT('',(-0.118914253018039,0.0108000000284848,0.021432685336862));
#5394=CARTESIAN_POINT('',(-0.118207146237164,0.0111181980797173,0.0220641518843784));
#5395=CARTESIAN_POINT('',(-0.116297868269053,0.0134161198886934,0.0184322740685811));
#5396=CARTESIAN_POINT('',(-0.11656380664591,0.0134111104444131,0.0187648442588777));
#5397=CARTESIAN_POINT('',(-0.116917546428062,0.0133497650973145,0.0192431815199416));
#5398=CARTESIAN_POINT('',(-0.117369026416178,0.0131110326335926,0.0199473165043841));
#5399=CARTESIAN_POINT('',(-0.117641808118797,0.0128759782782998,0.0204235153780237));
#5400=CARTESIAN_POINT('',(-0.117892277556941,0.0125358255290676,0.0209269496436));
#5401=CARTESIAN_POINT('',(-0.118124050905726,0.0120139648149464,0.0215003437961811));
#5402=CARTESIAN_POINT('',(-0.118207146236993,0.0114896867516181,0.021876957531741));
#5403=CARTESIAN_POINT('',(-0.118207146237164,0.0111181980797173,0.0220641518843783));
#5404=CARTESIAN_POINT('',(-0.116297868269053,0.0134161198886934,0.0184322740685811));
#5405=CARTESIAN_POINT('',(-0.117004975049979,0.0130000000291957,0.0178605711187027));
#5406=CARTESIAN_POINT('',(-0.116297868269053,0.0134161198886935,0.0184322740685811));
#5407=CARTESIAN_POINT('',(-0.116356497748934,0.0135808740199022,0.0183848715439832));
#5408=CARTESIAN_POINT('',(-0.116458061707975,0.0137376193583036,0.0183027560608225));
#5409=CARTESIAN_POINT('',(-0.116716172806692,0.0139491023626821,0.0180940706395063));
#5410=CARTESIAN_POINT('',(-0.116869123079711,0.0140000000291411,0.0179704088042455));
#5411=CARTESIAN_POINT('',(-0.117010018734005,0.0140000000291977,0.0178564932495532));
#5412=CARTESIAN_POINT('',(-0.115533215477222,0.0134305235469649,0.0174760347794012));
#5413=CARTESIAN_POINT('',(-0.115593576640668,0.0135920511670253,0.0174281024058098));
#5414=CARTESIAN_POINT('',(-0.115695850557078,0.0137447032360951,0.0173469200128554));
#5415=CARTESIAN_POINT('',(-0.115953344570854,0.0139504746222093,0.017142562999689));
#5416=CARTESIAN_POINT('',(-0.116105164271835,0.0140000000292868,0.0170220842660881));
#5417=CARTESIAN_POINT('',(-0.116245343836728,0.0140000000293423,0.0169108377191339));
#5418=CARTESIAN_POINT('',(-0.11478169299855,0.0134461766237438,0.0165088215950203));
#5419=CARTESIAN_POINT('',(-0.114843911895453,0.0136041305527375,0.0164604713222088));
#5420=CARTESIAN_POINT('',(-0.114946927861052,0.0137523481689385,0.0163804701866627));
#5421=CARTESIAN_POINT('',(-0.115203759522394,0.0139519557320884,0.0161810716308257));
#5422=CARTESIAN_POINT('',(-0.115354378184102,0.0140000000294355,0.0160641521562552));
#5423=CARTESIAN_POINT('',(-0.115493795470957,0.0140000000294918,0.0159559199717629));
#5424=CARTESIAN_POINT('',(-0.11404977772802,0.0134632645997871,0.0155252133956897));
#5425=CARTESIAN_POINT('',(-0.114113989590003,0.0136172162311783,0.0154767016898106));
#5426=CARTESIAN_POINT('',(-0.114217773471884,0.0137606155474212,0.0153982935421805));
#5427=CARTESIAN_POINT('',(-0.114473892950447,0.0139535576713016,0.0152047966954191));
#5428=CARTESIAN_POINT('',(-0.114623238953786,0.0140000000295949,0.0150919666174902));
#5429=CARTESIAN_POINT('',(-0.114761846276921,0.0140000000296485,0.0149872495529407));
#5430=CARTESIAN_POINT('',(-0.115937501726958,0.0134230206352751,0.0179794947594585));
#5431=CARTESIAN_POINT('',(-0.116056239997784,0.0134207091804164,0.0181293995378663));
#5432=CARTESIAN_POINT('',(-0.116176362178483,0.0134184086820508,0.0182803241915431));
#5433=CARTESIAN_POINT('',(-0.116297868269053,0.0134161198886934,0.0184322740685811));
#5434=CARTESIAN_POINT('',(-0.115937436622154,0.013423082223335,0.0179795319087625));
#5435=CARTESIAN_POINT('',(-0.115937546882347,0.0134231473788895,0.0179794858659209));
#5436=CARTESIAN_POINT('',(-0.115843520136923,0.0134920199040504,0.0178107247662582));
#5437=CARTESIAN_POINT('',(-0.115689312033077,0.013604685700383,0.0175123004409602));
#5438=CARTESIAN_POINT('',(-0.115462687412502,0.0137556465944805,0.0169875190206867));
#5439=CARTESIAN_POINT('',(-0.115329167187624,0.013835066680338,0.0166495887945799));
#5440=CARTESIAN_POINT('',(-0.115189891895653,0.0139030931595684,0.016269336181613));
#5441=CARTESIAN_POINT('',(-0.115076277014796,0.0139492081891864,0.0159426663006111));
#5442=CARTESIAN_POINT('',(-0.114907268450359,0.0139967920327304,0.0154354362603252));
#5443=CARTESIAN_POINT('',(-0.114812785352422,0.0139999951383113,0.0151429866604024));
#5444=CARTESIAN_POINT('',(-0.114769903834486,0.014000000024228,0.0150083994082562));
#5445=CARTESIAN_POINT('',(-0.121702210642444,-0.0134161198299613,0.0184322740577058));
#5446=CARTESIAN_POINT('',(-0.121643581162509,-0.0135808739611422,0.0183848715330806));
#5447=CARTESIAN_POINT('',(-0.121542017203373,-0.0137376192994957,0.018302756049947));
#5448=CARTESIAN_POINT('',(-0.121283906104416,-0.0139491023037536,0.0180940706288076));
#5449=CARTESIAN_POINT('',(-0.121130955831254,-0.013999999970142,0.0179704087936945));
#5450=CARTESIAN_POINT('',(-0.120990060176829,-0.0139999999701328,0.0178564932391654));
#5451=CARTESIAN_POINT('',(-0.122466863433172,-0.0134305234876738,0.0174760347676357));
#5452=CARTESIAN_POINT('',(-0.122406502269667,-0.0135920511077118,0.0174281023940187));
#5453=CARTESIAN_POINT('',(-0.122304228353163,-0.0137447031767384,0.0173469200010942));
#5454=CARTESIAN_POINT('',(-0.122046734339156,-0.0139504745627368,0.017142562988111));
#5455=CARTESIAN_POINT('',(-0.121894914638042,-0.0139999999697435,0.0170220842546614));
#5456=CARTESIAN_POINT('',(-0.121754735073028,-0.0139999999697308,0.0169108377078745));
#5457=CARTESIAN_POINT('',(-0.123218385910727,-0.013446176563894,0.016508821582377));
#5458=CARTESIAN_POINT('',(-0.12315616701378,-0.0136041304928578,0.0164604713095545));
#5459=CARTESIAN_POINT('',(-0.123053151048096,-0.0137523481090119,0.0163804701740467));
#5460=CARTESIAN_POINT('',(-0.122796319386521,-0.0139519556720488,0.0161810716183897));
#5461=CARTESIAN_POINT('',(-0.122645700724669,-0.0139999999693318,0.0160641521439589));
#5462=CARTESIAN_POINT('',(-0.122506283437675,-0.0139999999693288,0.0159559199596181));
#5463=CARTESIAN_POINT('',(-0.123950301180117,-0.0134632645393751,0.0155252133821889));
#5464=CARTESIAN_POINT('',(-0.123886089318079,-0.0136172161707379,0.0154767016762952));
#5465=CARTESIAN_POINT('',(-0.123782305436107,-0.0137606154869351,0.0153982935287025));
#5466=CARTESIAN_POINT('',(-0.123526185957322,-0.0139535576107037,0.0152047966821263));
#5467=CARTESIAN_POINT('',(-0.123376839953852,-0.0139999999689326,0.0150919666043435));
#5468=CARTESIAN_POINT('',(-0.123238232630597,-0.0139999999689256,0.0149872495399544));
#5469=CARTESIAN_POINT('',(-0.122062532028628,-0.0134231473198945,0.017979485854625));
#5470=CARTESIAN_POINT('',(-0.122156558772785,-0.0134920198441983,0.017810724756718));
#5471=CARTESIAN_POINT('',(-0.122310766875727,-0.0136046856398831,0.0175123004328447));
#5472=CARTESIAN_POINT('',(-0.122537391496376,-0.0137556465342266,0.0169875190111995));
#5473=CARTESIAN_POINT('',(-0.12267091172154,-0.0138350666204447,0.0166495887832218));
#5474=CARTESIAN_POINT('',(-0.122810187014078,-0.0139030930999922,0.0162693361669688));
#5475=CARTESIAN_POINT('',(-0.122923801895089,-0.0139492081295484,0.015942666283954));
#5476=CARTESIAN_POINT('',(-0.123092810459317,-0.0139967919725691,0.0154354362420183));
#5477=CARTESIAN_POINT('',(-0.123187293556233,-0.0139999950776784,0.0151429866443873));
#5478=CARTESIAN_POINT('',(-0.123230175073057,-0.0139999999635173,0.0150083993952781));
#5479=CARTESIAN_POINT('',(-0.120995103860858,-0.0129999999701331,0.017860571108885));
#5480=CARTESIAN_POINT('',(-0.120995103861026,-0.0139999999701331,0.0178605711085961));
#5481=CARTESIAN_POINT('',(-0.121494430790616,-0.0139999999701657,0.0182642819562281));
#5482=CARTESIAN_POINT('',(-0.121702210642444,-0.0134161198299612,0.0184322740577058));
#5483=CARTESIAN_POINT('',(-0.120736335244579,-0.0139999999702922,0.0182606412938739));
#5484=CARTESIAN_POINT('',(-0.121225138910634,-0.0139681571257089,0.0186264659295365));
#5485=CARTESIAN_POINT('',(-0.121443448382557,-0.0134112455623015,0.0187558701293052));
#5486=CARTESIAN_POINT('',(-0.120494418009192,-0.0139527556599023,0.0186654846699978));
#5487=CARTESIAN_POINT('',(-0.120969958202979,-0.0138968786407028,0.0189965658360212));
#5488=CARTESIAN_POINT('',(-0.121201524790117,-0.0133678551452836,0.0190837330796854));
#5489=CARTESIAN_POINT('',(-0.120158729846344,-0.0137992628480508,0.0192788427770439));
#5490=CARTESIAN_POINT('',(-0.12061666624088,-0.0137164492109146,0.0195567720729607));
#5491=CARTESIAN_POINT('',(-0.120865836627813,-0.0132353816167541,0.0195810399374634));
#5492=CARTESIAN_POINT('',(-0.120051398686338,-0.0137342005190729,0.0194843257064261));
#5493=CARTESIAN_POINT('',(-0.12050442792697,-0.0136447682744981,0.0197431321012601));
#5494=CARTESIAN_POINT('',(-0.120758505467318,-0.0131798881034115,0.0197477428565849));
#5495=CARTESIAN_POINT('',(-0.119846910496943,-0.0135717578132951,0.0198972998724305));
#5496=CARTESIAN_POINT('',(-0.120291120501768,-0.0134730807466048,0.0201170269828762));
#5497=CARTESIAN_POINT('',(-0.120554017278414,-0.0130425257261035,0.0200829993541633));
#5498=CARTESIAN_POINT('',(-0.119749746349884,-0.0134738634153303,0.02010508265414));
#5499=CARTESIAN_POINT('',(-0.120189778449757,-0.0133727436713405,0.0203050957457621));
#5500=CARTESIAN_POINT('',(-0.120456853130851,-0.0129602342340727,0.0202517923251939));
#5501=CARTESIAN_POINT('',(-0.119573540270225,-0.0132480257218873,0.0205077513856502));
#5502=CARTESIAN_POINT('',(-0.120006448904956,-0.0131465217672426,0.0206691767667425));
#5503=CARTESIAN_POINT('',(-0.12028064705159,-0.0127712742457836,0.0205791515309158));
#5504=CARTESIAN_POINT('',(-0.119493572127611,-0.0131195227631007,0.0207044144009213));
#5505=CARTESIAN_POINT('',(-0.119923215480479,-0.0130200637125415,0.0208471451453239));
#5506=CARTESIAN_POINT('',(-0.120200678908462,-0.0126641285435347,0.020739159390271));
#5507=CARTESIAN_POINT('',(-0.119351513357287,-0.012827364729341,0.0210868990081424));
#5508=CARTESIAN_POINT('',(-0.119775705332093,-0.0127366130873229,0.0211932661583209));
#5509=CARTESIAN_POINT('',(-0.120058620138664,-0.0124212331239177,0.0210506509858323));
#5510=CARTESIAN_POINT('',(-0.11928941045813,-0.0126625473403511,0.0212733339408944));
#5511=CARTESIAN_POINT('',(-0.119711160441071,-0.01257846291184,0.0213623717485325));
#5512=CARTESIAN_POINT('',(-0.119996517239069,-0.0122845267602105,0.0212026391103693));
#5513=CARTESIAN_POINT('',(-0.119189881101291,-0.0123077654184086,0.0216182154677416));
#5514=CARTESIAN_POINT('',(-0.119607957446031,-0.0122412104939266,0.0216756452000132));
#5515=CARTESIAN_POINT('',(-0.11989698788249,-0.0119908260312443,0.0214841602066689));
#5516=CARTESIAN_POINT('',(-0.11915162197295,-0.0121165082654021,0.0217786890765458));
#5517=CARTESIAN_POINT('',(-0.119568231403924,-0.0120606081964698,0.0218220374582915));
#5518=CARTESIAN_POINT('',(-0.119858728753811,-0.0118327536464172,0.0216153420694404));
#5519=CARTESIAN_POINT('',(-0.119099514887344,-0.0117042154409479,0.022073822947044));
#5520=CARTESIAN_POINT('',(-0.119514246375002,-0.011673721308862,0.0220923261282392));
#5521=CARTESIAN_POINT('',(-0.119806621668553,-0.011492458383161,0.0218570620369483));
#5522=CARTESIAN_POINT('',(-0.119085825898232,-0.0114813995076781,0.0222091109047959));
#5523=CARTESIAN_POINT('',(-0.119500039460632,-0.0114654214401318,0.0222171623037742));
#5524=CARTESIAN_POINT('',(-0.119792932679326,-0.0113087715690687,0.021968121244987));
#5525=CARTESIAN_POINT('',(-0.119085825897518,-0.0112499999717443,0.0223257138853669));
#5526=CARTESIAN_POINT('',(-0.119500039459891,-0.0112499999716746,0.0223257138851275));
#5527=CARTESIAN_POINT('',(-0.119792932678531,-0.0111181980230837,0.0220641518770375));
#5528=CARTESIAN_POINT('',(-0.119085825896926,-0.0107999999714863,0.0214326853305223));
#5529=CARTESIAN_POINT('',(-0.119085825882724,3.47059334825569E-11,1.42525187615469E-11));
#5530=CARTESIAN_POINT('',(-0.119085825893733,0.0112500000282556,0.0223257138918675));
#5531=CARTESIAN_POINT('',(-0.119500039456106,0.0112500000283253,0.0223257138916282));
#5532=CARTESIAN_POINT('',(-0.119792932674791,0.0111181980799841,0.022064151883462));
#5533=CARTESIAN_POINT('',(-0.119085825896179,0.0114806933784754,0.0222094667607473));
#5534=CARTESIAN_POINT('',(-0.119500039458644,0.0114647666604765,0.0222174922819673));
#5535=CARTESIAN_POINT('',(-0.119792932677516,0.0113081901473628,0.0219684142582818));
#5536=CARTESIAN_POINT('',(-0.119099076662803,0.0116982478287688,0.0220775664928315));
#5537=CARTESIAN_POINT('',(-0.119513791551432,0.0116681388894607,0.0220957752026444));
#5538=CARTESIAN_POINT('',(-0.119806183443998,0.0114875376757607,0.021860133659846));
#5539=CARTESIAN_POINT('',(-0.119150347338737,0.0121088414876543,0.0217846883393002));
#5540=CARTESIAN_POINT('',(-0.119566909696942,0.0120533882527691,0.021827518753076));
#5541=CARTESIAN_POINT('',(-0.119857454119777,0.0118264210769166,0.0216202501675536));
#5542=CARTESIAN_POINT('',(-0.119188809389679,0.0123033129131089,0.0216222506871078));
#5543=CARTESIAN_POINT('',(-0.119606847548391,0.0122369982000129,0.0216793118300086));
#5544=CARTESIAN_POINT('',(-0.11989591617111,0.0119871430562664,0.021487456281319));
#5545=CARTESIAN_POINT('',(-0.119288802200322,0.0126610010563116,0.0212751253598167));
#5546=CARTESIAN_POINT('',(-0.119710530458182,0.0125769824658942,0.0213639901895032));
#5547=CARTESIAN_POINT('',(-0.119995908981262,0.0122832437995821,0.0212040992630757));
#5548=CARTESIAN_POINT('',(-0.119349495850397,0.0128223030870565,0.0210928041074554));
#5549=CARTESIAN_POINT('',(-0.119773607782847,0.012731741911979,0.0211986229846294));
#5550=CARTESIAN_POINT('',(-0.120056602631841,0.0124170328298644,0.0210554639194907));
#5551=CARTESIAN_POINT('',(-0.119490300057743,0.0131136724101259,0.0207127685704851));
#5552=CARTESIAN_POINT('',(-0.119919812139452,0.0130143388913348,0.0208547090754447));
#5553=CARTESIAN_POINT('',(-0.120197406838815,0.0126592570922338,0.0207459592060725));
#5554=CARTESIAN_POINT('',(-0.119571223308774,0.0132445577376372,0.0205133127862301));
#5555=CARTESIAN_POINT('',(-0.120004038801979,0.013143091277742,0.0206742065706675));
#5556=CARTESIAN_POINT('',(-0.120278330090363,0.0127683797167395,0.0205836752253359));
#5557=CARTESIAN_POINT('',(-0.119835049623679,0.0135841701456188,0.0199096241579539));
#5558=CARTESIAN_POINT('',(-0.12027965216256,0.0134845497413492,0.0201261294474768));
#5559=CARTESIAN_POINT('',(-0.120542156404497,0.0130525146630243,0.0200928849149203));
#5560=CARTESIAN_POINT('',(-0.120038403555093,0.0137432246574707,0.0194992955442168));
#5561=CARTESIAN_POINT('',(-0.120492785596824,0.0136522668379087,0.0197537402406813));
#5562=CARTESIAN_POINT('',(-0.12074551033687,0.013187059305981,0.0197597879406931));
#5563=CARTESIAN_POINT('',(-0.120492518499136,0.0139528835399352,0.0186683721780461));
#5564=CARTESIAN_POINT('',(-0.120968034224792,0.0138968116319068,0.0189990828795048));
#5565=CARTESIAN_POINT('',(-0.121199625280316,0.0133679244555444,0.0190860680970972));
#5566=CARTESIAN_POINT('',(-0.120736835811364,0.014000000029708,0.0182598673908435));
#5567=CARTESIAN_POINT('',(-0.121225648149606,0.01396821740233,0.0186257810299938));
#5568=CARTESIAN_POINT('',(-0.12144394739742,0.0134112550224797,0.0187552460859658));
#5569=CARTESIAN_POINT('',(-0.120995103856316,0.0140000000298669,0.0178605711166858));
#5570=CARTESIAN_POINT('',(-0.121494430785906,0.0140000000298342,0.0182642819643178));
#5571=CARTESIAN_POINT('',(-0.121702210637931,0.0134161198896026,0.0184322740654582));
#5572=CARTESIAN_POINT('',(-0.119085825893293,0.0108000000285136,0.021432685336763));
#5573=CARTESIAN_POINT('',(-0.119792932674791,0.0111181980799841,0.022064151883462));
#5574=CARTESIAN_POINT('',(-0.120995103856484,0.0130000000298669,0.0178605711163969));
#5575=CARTESIAN_POINT('',(-0.121702210637931,0.0134161198896026,0.0184322740654582));
#5576=CARTESIAN_POINT('',(-0.119792932674791,0.011118198079984,0.022064151883462));
#5577=CARTESIAN_POINT('',(-0.119792932674621,0.0114885808289663,0.021877514808988));
#5578=CARTESIAN_POINT('',(-0.119875464977293,0.0120113753999928,0.0215024105134326));
#5579=CARTESIAN_POINT('',(-0.12010621426935,0.0125329595362988,0.0209305124911593));
#5580=CARTESIAN_POINT('',(-0.120355859331046,0.0128733389462851,0.0204280262100562));
#5581=CARTESIAN_POINT('',(-0.120627451042764,0.0131083263096693,0.0199533883388065));
#5582=CARTESIAN_POINT('',(-0.12107567229956,0.0133476045672586,0.0192530387382436));
#5583=CARTESIAN_POINT('',(-0.121434090685383,0.0134110693511864,0.0187675724338503));
#5584=CARTESIAN_POINT('',(-0.121702210637931,0.0134161198896027,0.0184322740654581));
#5585=CARTESIAN_POINT('',(-0.120990060172026,0.0140000000298672,0.0178564932471801));
#5586=CARTESIAN_POINT('',(-0.121130955826467,0.014000000029858,0.0179704088017217));
#5587=CARTESIAN_POINT('',(-0.121283906099661,0.0139491023634853,0.0180940706368178));
#5588=CARTESIAN_POINT('',(-0.121542017198728,0.013737619359192,0.0183027560578665));
#5589=CARTESIAN_POINT('',(-0.121643581157933,0.0135808740208092,0.0183848715409229));
#5590=CARTESIAN_POINT('',(-0.121702210637931,0.0134161198896026,0.0184322740654582));
#5591=CARTESIAN_POINT('',(-0.121754735068225,0.0140000000302692,0.0169108377158929));
#5592=CARTESIAN_POINT('',(-0.121894914633264,0.0140000000302562,0.0170220842626984));
#5593=CARTESIAN_POINT('',(-0.122046734334415,0.0139504746232601,0.0171425629961353));
#5594=CARTESIAN_POINT('',(-0.122304228348529,0.0137447032372295,0.0173469200090293));
#5595=CARTESIAN_POINT('',(-0.122406502265096,0.013592051168181,0.017428102401874));
#5596=CARTESIAN_POINT('',(-0.122466863428653,0.0134305235481273,0.0174760347753958));
#5597=CARTESIAN_POINT('',(-0.122506283432896,0.0140000000306712,0.0159559199676522));
#5598=CARTESIAN_POINT('',(-0.122645700719892,0.0140000000306693,0.0160641521519948));
#5599=CARTESIAN_POINT('',(-0.122796319381765,0.0139519557334094,0.016181071626402));
#5600=CARTESIAN_POINT('',(-0.123053151043437,0.0137523481703402,0.0163804701819682));
#5601=CARTESIAN_POINT('',(-0.123156167009191,0.0136041305541515,0.0164604713174057));
#5602=CARTESIAN_POINT('',(-0.123218385906206,0.0134461766251508,0.0165088215901484));
#5603=CARTESIAN_POINT('',(-0.123238232625795,0.0140000000310744,0.0149872495479751));
#5604=CARTESIAN_POINT('',(-0.123376839949066,0.0140000000310674,0.0150919666123757));
#5605=CARTESIAN_POINT('',(-0.123526185952566,0.013953557672856,0.0152047966901431));
#5606=CARTESIAN_POINT('',(-0.123782305431454,0.0137606155490605,0.0153982935366362));
#5607=CARTESIAN_POINT('',(-0.123886089313491,0.0136172162328387,0.0154767016841584));
#5608=CARTESIAN_POINT('',(-0.123950301175588,0.0134632646014526,0.0155252133899684));
#5609=CARTESIAN_POINT('',(-0.12323009626752,0.0140000000310669,0.01500833105849));
#5610=CARTESIAN_POINT('',(-0.123194701009665,0.0140000000310288,0.0151196950779778));
#5611=CARTESIAN_POINT('',(-0.12313797570677,0.01399692404654,0.0152974090957264));
#5612=CARTESIAN_POINT('',(-0.12305940484698,0.0139831335908496,0.0155385507420337));
#5613=CARTESIAN_POINT('',(-0.12301671764572,0.013973608158682,0.0156681077433335));
#5614=CARTESIAN_POINT('',(-0.122969278289915,0.0139605840665881,0.0158099187613464));
#5615=CARTESIAN_POINT('',(-0.12297365807216,0.0139617075937634,0.0157966375710577));
#5616=CARTESIAN_POINT('',(-0.122949495720797,0.0139546518322031,0.0158679571742403));
#5617=CARTESIAN_POINT('',(-0.122909095813258,0.0139418081818521,0.0159862603343714));
#5618=CARTESIAN_POINT('',(-0.122839803578118,0.0139150922257854,0.0161851504161944));
#5619=CARTESIAN_POINT('',(-0.122772698193304,0.0138849462770941,0.0163724922403237));
#5620=CARTESIAN_POINT('',(-0.122702937505895,0.0138499681436172,0.0165606727946134));
#5621=CARTESIAN_POINT('',(-0.122664395130648,0.013829024291439,0.0166615142957145));
#5622=CARTESIAN_POINT('',(-0.122602975913679,0.0137943139364952,0.0168199161021083));
#5623=CARTESIAN_POINT('',(-0.12250220445618,0.01373287837952,0.0170699140128312));
#5624=CARTESIAN_POINT('',(-0.122304188377715,0.0136002922064943,0.0175247269046934));
#5625=CARTESIAN_POINT('',(-0.122151629432418,0.0134889324004105,0.0178191982647987));
#5626=CARTESIAN_POINT('',(-0.122062588956896,0.0134230276823867,0.0179795041943234));
#5627=CARTESIAN_POINT('',(-0.12206257717951,0.0134230206363056,0.0179794947559074));
#5628=CARTESIAN_POINT('',(-0.121702210637931,0.0134161198896027,0.0184322740654581));
#5629=CARTESIAN_POINT('',(-0.121823716728328,0.0134184086830009,0.0182803241882755));
#5630=CARTESIAN_POINT('',(-0.121943838908854,0.0134207091814068,0.018129399534456));
#5631=CARTESIAN_POINT('',(-0.12206257717951,0.0134230206363057,0.0179794947559074));
#5632=CARTESIAN_POINT('',(-0.120990060156096,-0.0139999999598147,-0.0178564932208735));
#5633=CARTESIAN_POINT('',(-0.121130955810405,-0.0139999999597581,-0.0179704087755783));
#5634=CARTESIAN_POINT('',(-0.12128390608344,-0.013949102293335,-0.0180940706108516));
#5635=CARTESIAN_POINT('',(-0.121542017182196,-0.0137376192889548,-0.0183027560321996));
#5636=CARTESIAN_POINT('',(-0.121643581141254,-0.0135808739505374,-0.0183848715153738));
#5637=CARTESIAN_POINT('',(-0.121702210621141,-0.0134161198193105,-0.018432274039977));
#5638=CARTESIAN_POINT('',(-0.121754735053377,-0.0139999999599594,-0.0169108376904616));
#5639=CARTESIAN_POINT('',(-0.121894914618286,-0.0139999999598998,-0.0170220842374271));
#5640=CARTESIAN_POINT('',(-0.122046734319282,-0.0139504745528546,-0.0171425629710391));
#5641=CARTESIAN_POINT('',(-0.122304228333095,-0.0137447031667391,-0.0173469199842342));
#5642=CARTESIAN_POINT('',(-0.12240650224952,-0.0135920510976568,-0.0174281023772009));
#5643=CARTESIAN_POINT('',(-0.122466863412972,-0.013430523477583,-0.0174760347507971));
#5644=CARTESIAN_POINT('',(-0.122506283419169,-0.0139999999601086,-0.0159559199431034));
#5645=CARTESIAN_POINT('',(-0.12264570070603,-0.0139999999600575,-0.0160641521276013));
#5646=CARTESIAN_POINT('',(-0.122796319367746,-0.0139519556627461,-0.0161810716021786));
#5647=CARTESIAN_POINT('',(-0.12305315102912,-0.0137523480995894,-0.0163804701580409));
#5648=CARTESIAN_POINT('',(-0.123156166994737,-0.0136041304833663,-0.0164604712936007));
#5649=CARTESIAN_POINT('',(-0.123218385891651,-0.0134461765543457,-0.0165088215664205));
#5650=CARTESIAN_POINT('',(-0.123238232613181,-0.0139999999602655,-0.0149872495242671));
#5651=CARTESIAN_POINT('',(-0.123376839936332,-0.0139999999602119,-0.0150919665888282));
#5652=CARTESIAN_POINT('',(-0.123526185939686,-0.0139535576019513,-0.0152047966667686));
#5653=CARTESIAN_POINT('',(-0.123782305418286,-0.0137606154780695,-0.0153982935135585));
#5654=CARTESIAN_POINT('',(-0.123886089300185,-0.0136172161618124,-0.0154767016612011));
#5655=CARTESIAN_POINT('',(-0.123950301162174,-0.0134632645304041,-0.0155252133670855));
#5656=CARTESIAN_POINT('',(-0.123230096254884,-0.0139999999602608,-0.0150083310347748));
#5657=CARTESIAN_POINT('',(-0.123194700972398,-0.0139999999602345,-0.0151196951313097));
#5658=CARTESIAN_POINT('',(-0.123137975650432,-0.0139969239703419,-0.0152974092113407));
#5659=CARTESIAN_POINT('',(-0.12305940480357,-0.0139831335133999,-0.0155385508153612));
#5660=CARTESIAN_POINT('',(-0.123016717612863,-0.0139736080822615,-0.0156681077812564));
#5661=CARTESIAN_POINT('',(-0.122969278286016,-0.0139605839986657,-0.0158099187075666));
#5662=CARTESIAN_POINT('',(-0.122973658039315,-0.0139617075175337,-0.0157966376042356));
#5663=CARTESIAN_POINT('',(-0.122949495677085,-0.0139546517522832,-0.0158679572383616));
#5664=CARTESIAN_POINT('',(-0.12290909575901,-0.0139418080968198,-0.0159862604279396));
#5665=CARTESIAN_POINT('',(-0.122839803532344,-0.0139150921415753,-0.0161851504819854));
#5666=CARTESIAN_POINT('',(-0.122772698159804,-0.0138849461969297,-0.0163724922684897));
#5667=CARTESIAN_POINT('',(-0.122702937496511,-0.0138499680754925,-0.016560672756415));
#5668=CARTESIAN_POINT('',(-0.122664395114876,-0.0138290242202781,-0.0166615142744638));
#5669=CARTESIAN_POINT('',(-0.122602975900014,-0.0137943138665435,-0.0168199160745205));
#5670=CARTESIAN_POINT('',(-0.122502204441217,-0.0137328783092168,-0.0170699139879144));
#5671=CARTESIAN_POINT('',(-0.122304188363494,-0.0136002921370418,-0.0175247268764662));
#5672=CARTESIAN_POINT('',(-0.122151629417057,-0.0134889323304853,-0.0178191982385814));
#5673=CARTESIAN_POINT('',(-0.122062588940623,-0.0134230276119731,-0.0179795041692703));
#5674=CARTESIAN_POINT('',(-0.120995103840215,-0.0129999999598127,-0.0178605710900985));
#5675=CARTESIAN_POINT('',(-0.119085825871715,-0.0112499999588438,-0.0223257138633625));
#5676=CARTESIAN_POINT('',(-0.119500039434088,-0.0112499999587741,-0.0223257138636019));
#5677=CARTESIAN_POINT('',(-0.11979293265303,-0.0111181980103343,-0.0220641518557742));
#5678=CARTESIAN_POINT('',(-0.119085825874367,-0.0114806933090634,-0.0222094667322424));
#5679=CARTESIAN_POINT('',(-0.119500039436823,-0.011464766590925,-0.0222174922539409));
#5680=CARTESIAN_POINT('',(-0.119792932655927,-0.0113081900777141,-0.0219684142305969));
#5681=CARTESIAN_POINT('',(-0.119099076641224,-0.0116982477593527,-0.0220775664643417));
#5682=CARTESIAN_POINT('',(-0.119513791529819,-0.0116681388199052,-0.0220957751746338));
#5683=CARTESIAN_POINT('',(-0.119806183422599,-0.0114875376061066,-0.021860133632173));
#5684=CARTESIAN_POINT('',(-0.119150347317632,-0.0121088414182205,-0.0217846883108699));
#5685=CARTESIAN_POINT('',(-0.119566909675772,-0.0120533881831951,-0.0218275187251271));
#5686=CARTESIAN_POINT('',(-0.119857454098768,-0.0118264210072451,-0.0216202501399409));
#5687=CARTESIAN_POINT('',(-0.119188809368827,-0.0123033128436622,-0.021622250658722));
#5688=CARTESIAN_POINT('',(-0.11960684752745,-0.0122369981304258,-0.0216793118021064));
#5689=CARTESIAN_POINT('',(-0.119895916150308,-0.0119871429865823,-0.0214874562537515));
#5690=CARTESIAN_POINT('',(-0.119288802179994,-0.0126610009868317,-0.0212751253315461));
#5691=CARTESIAN_POINT('',(-0.119710530437725,-0.0125769823962722,-0.0213639901617195));
#5692=CARTESIAN_POINT('',(-0.119995908960889,-0.0122832437298638,-0.0212040992356212));
#5693=CARTESIAN_POINT('',(-0.119349495830334,-0.0128223030175562,-0.0210928040792547));
#5694=CARTESIAN_POINT('',(-0.119773607762631,-0.0127317418423357,-0.0211986229569187));
#5695=CARTESIAN_POINT('',(-0.120056602611683,-0.0124170327601266,-0.0210554638921072));
#5696=CARTESIAN_POINT('',(-0.119490300038216,-0.0131136723405777,-0.0207127685424478));
#5697=CARTESIAN_POINT('',(-0.119919812119726,-0.0130143388216426,-0.020854709047904));
#5698=CARTESIAN_POINT('',(-0.120197406819097,-0.0126592570224474,-0.0207459591788527));
#5699=CARTESIAN_POINT('',(-0.119571223289524,-0.013244557668062,-0.0205133127582861));
#5700=CARTESIAN_POINT('',(-0.120004038782511,-0.0131430912080208,-0.0206742065432237));
#5701=CARTESIAN_POINT('',(-0.12027833007087,-0.0127683796469261,-0.0205836751982084));
#5702=CARTESIAN_POINT('',(-0.119835049605233,-0.0135841700759549,-0.0199096241303146));
#5703=CARTESIAN_POINT('',(-0.120279652143827,-0.0134845496715368,-0.0201261294203514));
#5704=CARTESIAN_POINT('',(-0.120542156385665,-0.0130525145931233,-0.0200928848880999));
#5705=CARTESIAN_POINT('',(-0.120038403537178,-0.0137432245877386,-0.0194992955168121));
#5706=CARTESIAN_POINT('',(-0.120492785578585,-0.0136522667680249,-0.0197537402138029));
#5707=CARTESIAN_POINT('',(-0.120745510318469,-0.013187059236011,-0.0197597879141054));
#5708=CARTESIAN_POINT('',(-0.120492518482257,-0.0139528834700499,-0.0186683721511675));
#5709=CARTESIAN_POINT('',(-0.120968034207511,-0.0138968115618602,-0.018999082853175));
#5710=CARTESIAN_POINT('',(-0.121199625262754,-0.0133679243854211,-0.0190860680710359));
#5711=CARTESIAN_POINT('',(-0.120736835794974,-0.0139999999597408,-0.0182598673642495));
#5712=CARTESIAN_POINT('',(-0.121225648132787,-0.0139682173321913,-0.0186257810039683));
#5713=CARTESIAN_POINT('',(-0.121443947380257,-0.0134112549522704,-0.0187552460601868));
#5714=CARTESIAN_POINT('',(-0.120995103840383,-0.0139999999598127,-0.0178605710903874));
#5715=CARTESIAN_POINT('',(-0.121494430769507,-0.013999999959612,-0.0182642819385964));
#5716=CARTESIAN_POINT('',(-0.121702210621141,-0.0134161198193105,-0.018432274039977));
#5717=CARTESIAN_POINT('',(-0.119085825872155,-0.0107999999591018,-0.0214326853082579));
#5718=CARTESIAN_POINT('',(-0.119085825882724,3.47059334825569E-11,1.42525187615469E-11));
#5719=CARTESIAN_POINT('',(-0.119085825882724,3.47059334825569E-11,1.42525187615469E-11));
#5720=CARTESIAN_POINT('',(-0.119085825868522,0.0108000000408982,-0.0214326853020173));
#5721=CARTESIAN_POINT('',(-0.120995103835673,0.0140000000401873,-0.0178605710822977));
#5722=CARTESIAN_POINT('',(-0.121494430764797,0.014000000040388,-0.0182642819305068));
#5723=CARTESIAN_POINT('',(-0.121702210616628,0.0134161199002534,-0.0184322740322247));
#5724=CARTESIAN_POINT('',(-0.120736335218758,0.0140000000402594,-0.0182606412672757));
#5725=CARTESIAN_POINT('',(-0.121225138884402,0.0139681571958346,-0.018626465903508));
#5726=CARTESIAN_POINT('',(-0.121443448356366,0.0134112456325082,-0.0187558701035268));
#5727=CARTESIAN_POINT('',(-0.12049441798293,0.0139527557297883,-0.0186654846431199));
#5728=CARTESIAN_POINT('',(-0.120969958176362,0.0138968787107467,-0.0189965658096928));
#5729=CARTESIAN_POINT('',(-0.121201524763566,0.0133678552154066,-0.0190837330536228));
#5730=CARTESIAN_POINT('',(-0.120158729819417,0.0137992629178235,-0.0192788427497792));
#5731=CARTESIAN_POINT('',(-0.120616666213656,0.0137164492808423,-0.0195567720462257));
#5732=CARTESIAN_POINT('',(-0.120865836600728,0.0132353816867652,-0.0195810399110171));
#5733=CARTESIAN_POINT('',(-0.120051398659197,0.0137342005888096,-0.019484325679037));
#5734=CARTESIAN_POINT('',(-0.120504427899563,0.0136447683443862,-0.0197431320743952));
#5735=CARTESIAN_POINT('',(-0.120758505440061,0.0131798881733857,-0.0197477428300126));
#5736=CARTESIAN_POINT('',(-0.119846910469382,0.013571757882963,-0.0198972998448051));
#5737=CARTESIAN_POINT('',(-0.120291120473983,0.0134730808164233,-0.0201170269557636));
#5738=CARTESIAN_POINT('',(-0.120554017250814,0.0130425257960097,-0.0200829993273557));
#5739=CARTESIAN_POINT('',(-0.119749746322113,0.0134738634849655,-0.0201050826264024));
#5740=CARTESIAN_POINT('',(-0.120189778421788,0.013372743741124,-0.0203050957185343));
#5741=CARTESIAN_POINT('',(-0.120456853103084,0.0129602343039461,-0.0202517922982742));
#5742=CARTESIAN_POINT('',(-0.119573540242067,0.0132480257914633,-0.0205077513577087));
#5743=CARTESIAN_POINT('',(-0.120006448876646,0.013146521836964,-0.0206691767393002));
#5744=CARTESIAN_POINT('',(-0.12028064702351,0.0127712743155972,-0.0205791515037911));
#5745=CARTESIAN_POINT('',(-0.119493572099268,0.0131195228326504,-0.0207044143728868));
#5746=CARTESIAN_POINT('',(-0.119923215452005,0.0130200637822351,-0.0208471451177864));
#5747=CARTESIAN_POINT('',(-0.120200678880232,0.0126641286133218,-0.0207391593630538));
#5748=CARTESIAN_POINT('',(-0.1193515133286,0.0128273647988416,-0.0210868989799453));
#5749=CARTESIAN_POINT('',(-0.119775705303313,0.0127366131569669,-0.0211932661306134));
#5750=CARTESIAN_POINT('',(-0.120058620110155,0.0124212331936567,-0.0210506509584523));
#5751=CARTESIAN_POINT('',(-0.119289410429286,0.0126625474098312,-0.0212733339126249));
#5752=CARTESIAN_POINT('',(-0.119711160412153,0.0125784629814616,-0.0213623717207501));
#5753=CARTESIAN_POINT('',(-0.119996517210434,0.0122845268299275,-0.021202639082915));
#5754=CARTESIAN_POINT('',(-0.119189881072163,0.0123077654878557,-0.0216182154393566));
#5755=CARTESIAN_POINT('',(-0.119607957416857,0.0122412105635149,-0.0216756451721118));
#5756=CARTESIAN_POINT('',(-0.119896987853624,0.0119908261009304,-0.0214841601791031));
#5757=CARTESIAN_POINT('',(-0.119151621943704,0.0121165083348367,-0.0217786890481164));
#5758=CARTESIAN_POINT('',(-0.119568231374647,0.0120606082660443,-0.021822037430343));
#5759=CARTESIAN_POINT('',(-0.119858728724849,0.0118327537160894,-0.0216153420418278));
#5760=CARTESIAN_POINT('',(-0.119099514857893,0.0117042155103638,-0.0220738229185552));
#5761=CARTESIAN_POINT('',(-0.119514246345539,0.0116737213784176,-0.0220923261002304));
#5762=CARTESIAN_POINT('',(-0.119806621639424,0.0114924584528151,-0.0218570620092772));
#5763=CARTESIAN_POINT('',(-0.119085825868696,0.0114813995770904,-0.0222091108762907));
#5764=CARTESIAN_POINT('',(-0.119500039431091,0.0114654215096847,-0.0222171622757499));
#5765=CARTESIAN_POINT('',(-0.119792932650129,0.0113087716387201,-0.0219681212173013));
#5766=CARTESIAN_POINT('',(-0.11908582586793,0.0112500000411562,-0.0223257138568618));
#5767=CARTESIAN_POINT('',(-0.119500039430303,0.0112500000412259,-0.0223257138571013));
#5768=CARTESIAN_POINT('',(-0.11979293264929,0.0111181980927335,-0.0220641518493497));
#5769=CARTESIAN_POINT('',(-0.120995103835842,0.0130000000401873,-0.0178605710825866));
#5770=CARTESIAN_POINT('',(-0.121702210616628,0.0134161199002534,-0.0184322740322247));
#5771=CARTESIAN_POINT('',(-0.121643581136691,0.0135808740314163,-0.0183848715075312));
#5772=CARTESIAN_POINT('',(-0.121542017177595,0.0137376193697371,-0.018302756024279));
#5773=CARTESIAN_POINT('',(-0.121283906078805,0.0139491023739083,-0.0180940706028384));
#5774=CARTESIAN_POINT('',(-0.121130955805768,0.0140000000402419,-0.0179704087675473));
#5775=CARTESIAN_POINT('',(-0.120990060151473,0.0140000000401853,-0.0178564932128542));
#5776=CARTESIAN_POINT('',(-0.122466863408453,0.0134305235582316,-0.0174760347430361));
#5777=CARTESIAN_POINT('',(-0.122406502244954,0.0135920511782459,-0.017428102369353));
#5778=CARTESIAN_POINT('',(-0.122304228328494,0.0137447032472357,-0.0173469199763111));
#5779=CARTESIAN_POINT('',(-0.122046734314648,0.0139504746331445,-0.0171425629630252));
#5780=CARTESIAN_POINT('',(-0.121894914613649,0.0140000000400979,-0.0170220842293948));
#5781=CARTESIAN_POINT('',(-0.121754735048754,0.0140000000400407,-0.0169108376824389));
#5782=CARTESIAN_POINT('',(-0.123218385887125,0.0134461766346925,-0.0165088215586493));
#5783=CARTESIAN_POINT('',(-0.123156166990167,0.0136041305636442,-0.016460471285745));
#5784=CARTESIAN_POINT('',(-0.123053151024517,0.0137523481797697,-0.0163804701501121));
#5785=CARTESIAN_POINT('',(-0.122796319363107,0.0139519557427215,-0.0161810715941597));
#5786=CARTESIAN_POINT('',(-0.122645700701386,0.0140000000399472,-0.0160641521195628));
#5787=CARTESIAN_POINT('',(-0.122506283414533,0.0140000000398912,-0.0159559199350723));
#5788=CARTESIAN_POINT('',(-0.123950301157645,0.0134632646104236,-0.0155252133593061));
#5789=CARTESIAN_POINT('',(-0.12388608929561,0.0136172162417663,-0.0154767016533377));
#5790=CARTESIAN_POINT('',(-0.123782305413679,0.01376061555793,-0.0153982935056238));
#5791=CARTESIAN_POINT('',(-0.123526185935049,0.0139535576816125,-0.0152047966587489));
#5792=CARTESIAN_POINT('',(-0.123376839931693,0.0140000000397881,-0.0150919665807924));
#5793=CARTESIAN_POINT('',(-0.123238232608556,0.0140000000397345,-0.0149872495162421));
#5794=CARTESIAN_POINT('',(-0.122062533036592,0.0134231447776966,-0.0179794864913081));
#5795=CARTESIAN_POINT('',(-0.122156539144703,0.0134920109912038,-0.0178107562429954));
#5796=CARTESIAN_POINT('',(-0.122310746189428,0.0136046790917387,-0.0175123234819963));
#5797=CARTESIAN_POINT('',(-0.122537349626513,0.0137556300841455,-0.0169876157153916));
#5798=CARTESIAN_POINT('',(-0.122670967486911,0.0138350942027948,-0.0166494327174165));
#5799=CARTESIAN_POINT('',(-0.122810096910658,0.0139030460685811,-0.0162695974908223));
#5800=CARTESIAN_POINT('',(-0.122923651765239,0.0139491499702953,-0.0159431291625103));
#5801=CARTESIAN_POINT('',(-0.123092609051738,0.0139967572081458,-0.0154360746847174));
#5802=CARTESIAN_POINT('',(-0.123187176570622,0.0139999951937586,-0.0151433435030351));
#5803=CARTESIAN_POINT('',(-0.123230173966318,0.014000000034451,-0.0150083987639478));
#5804=CARTESIAN_POINT('',(-0.116297868252263,-0.0134161198202196,-0.018432274036854));
#5805=CARTESIAN_POINT('',(-0.116356497732237,-0.0135808739513584,-0.0183848715123382));
#5806=CARTESIAN_POINT('',(-0.11645806169138,-0.0137376192896815,-0.0183027560293321));
#5807=CARTESIAN_POINT('',(-0.1167161727903,-0.0139491022939685,-0.0180940706084016));
#5808=CARTESIAN_POINT('',(-0.116869123063437,-0.013999999960475,-0.017970408773352));
#5809=CARTESIAN_POINT('',(-0.11701001871782,-0.0139999999604842,-0.0178564932188573));
#5810=CARTESIAN_POINT('',(-0.115533230078751,-0.0134305232033968,-0.0174760530263995));
#5811=CARTESIAN_POINT('',(-0.115593591209186,-0.0135920508850672,-0.0174281206630209));
#5812=CARTESIAN_POINT('',(-0.115695865112122,-0.013744703032309,-0.0173469382523847));
#5813=CARTESIAN_POINT('',(-0.11595335913789,-0.0139504745275196,-0.0171425811568616));
#5814=CARTESIAN_POINT('',(-0.116105178860594,-0.0139999999608763,-0.0170221023626238));
#5815=CARTESIAN_POINT('',(-0.11624535843926,-0.0139999999608861,-0.0169108557648469));
#5816=CARTESIAN_POINT('',(-0.114781721716419,-0.0134461759573249,-0.0165088585403075));
#5817=CARTESIAN_POINT('',(-0.114843940542121,-0.0136041300228494,-0.0164605082845535));
#5818=CARTESIAN_POINT('',(-0.114946956479276,-0.013752347808531,-0.0163805071045681));
#5819=CARTESIAN_POINT('',(-0.115203788166132,-0.0139519556072687,-0.0161811083594759));
#5820=CARTESIAN_POINT('',(-0.115354406874034,-0.0139999999612855,-0.0160641887484105));
#5821=CARTESIAN_POINT('',(-0.115493824190376,-0.0139999999612882,-0.0159559564479701));
#5822=CARTESIAN_POINT('',(-0.114049819688818,-0.0134632635521026,-0.01552526976973));
#5823=CARTESIAN_POINT('',(-0.114114031436595,-0.0136172154129503,-0.0154767580731981));
#5824=CARTESIAN_POINT('',(-0.114217815274532,-0.0137606150054404,-0.0153983498343673));
#5825=CARTESIAN_POINT('',(-0.114473934794121,-0.0139535575114828,-0.015204852649528));
#5826=CARTESIAN_POINT('',(-0.114623280870549,-0.0139999999616844,-0.0150920223372835));
#5827=CARTESIAN_POINT('',(-0.114761888240213,-0.0139999999616913,-0.0149873050713399));
#5828=CARTESIAN_POINT('',(-0.115937494553082,-0.0134231822339949,-0.0179793944750693));
#5829=CARTESIAN_POINT('',(-0.115843501146125,-0.0134920396103277,-0.0178106808736341));
#5830=CARTESIAN_POINT('',(-0.115689309876373,-0.0136046955016778,-0.0175122722676004));
#5831=CARTESIAN_POINT('',(-0.115462721317954,-0.0137556348892366,-0.0169875954311806));
#5832=CARTESIAN_POINT('',(-0.115329110376737,-0.0138350944593457,-0.0166494296786926));
#5833=CARTESIAN_POINT('',(-0.115189986227146,-0.0139030439573593,-0.016269609337791));
#5834=CARTESIAN_POINT('',(-0.11507643651258,-0.0139491463235624,-0.0159431569902366));
#5835=CARTESIAN_POINT('',(-0.114907488381929,-0.0139967530344789,-0.0154361326863505));
#5836=CARTESIAN_POINT('',(-0.114812929973974,-0.013999993344233,-0.0151434305013831));
#5837=CARTESIAN_POINT('',(-0.114769939267605,-0.0139999999518277,-0.0150085065122782));
#5838=CARTESIAN_POINT('',(-0.11700497503371,-0.0129999999604839,-0.0178605710877927));
#5839=CARTESIAN_POINT('',(-0.117004975033879,-0.0139999999604839,-0.0178605710880816));
#5840=CARTESIAN_POINT('',(-0.116505648104288,-0.0139999999604513,-0.0182642819357136));
#5841=CARTESIAN_POINT('',(-0.116297868252263,-0.0134161198202196,-0.018432274036854));
#5842=CARTESIAN_POINT('',(-0.117263743650327,-0.0139999999603248,-0.0182606412733601));
#5843=CARTESIAN_POINT('',(-0.116774939984258,-0.0139681571156872,-0.0186264659090068));
#5844=CARTESIAN_POINT('',(-0.116556630512149,-0.0134112455522862,-0.0187558701084507));
#5845=CARTESIAN_POINT('',(-0.117505660885694,-0.0139527556496199,-0.0186654846494546));
#5846=CARTESIAN_POINT('',(-0.117030120691888,-0.0138968786303873,-0.0189965658154458));
#5847=CARTESIAN_POINT('',(-0.116798554104574,-0.0133678551349976,-0.0190837330588048));
#5848=CARTESIAN_POINT('',(-0.117841349048494,-0.0137992628373005,-0.019278842756414));
#5849=CARTESIAN_POINT('',(-0.11738341265393,-0.0137164492001585,-0.0195567720522832));
#5850=CARTESIAN_POINT('',(-0.117134242266834,-0.013235381606067,-0.0195810399165074));
#5851=CARTESIAN_POINT('',(-0.117948680208477,-0.013734200508168,-0.0194843256857577));
#5852=CARTESIAN_POINT('',(-0.117495650967813,-0.0136447682635951,-0.0197431320805404));
#5853=CARTESIAN_POINT('',(-0.11724157342731,-0.0131798880925922,-0.0197477428355957));
#5854=CARTESIAN_POINT('',(-0.118153168397817,-0.0135717578020826,-0.0198972998516689));
#5855=CARTESIAN_POINT('',(-0.117708958392961,-0.0134730807354158,-0.0201170269620572));
#5856=CARTESIAN_POINT('',(-0.117446061616169,-0.0130425257150218,-0.0200829993330964));
#5857=CARTESIAN_POINT('',(-0.118250332544843,-0.013473863403965,-0.0201050826333217));
#5858=CARTESIAN_POINT('',(-0.117810300444938,-0.0133727436600085,-0.0203050957248858));
#5859=CARTESIAN_POINT('',(-0.117543225763704,-0.0129602342228605,-0.020251792304079));
#5860=CARTESIAN_POINT('',(-0.118426538624427,-0.0132480257102303,-0.0205077513647009));
#5861=CARTESIAN_POINT('',(-0.11799362998966,-0.0131465217556372,-0.0206691767457341));
#5862=CARTESIAN_POINT('',(-0.117719431842901,-0.0127712742343233,-0.0205791515096911));
#5863=CARTESIAN_POINT('',(-0.118506506766999,-0.0131195227513025,-0.0207044143798988));
#5864=CARTESIAN_POINT('',(-0.118076863414099,-0.0130200637008043,-0.0208471451242439));
#5865=CARTESIAN_POINT('',(-0.117799399985994,-0.0126641285319546,-0.0207391593689857));
#5866=CARTESIAN_POINT('',(-0.118648565537222,-0.0128273647172751,-0.0210868989869495));
#5867=CARTESIAN_POINT('',(-0.118224373562384,-0.0127366130753393,-0.0211932661370757));
#5868=CARTESIAN_POINT('',(-0.117941458755709,-0.0124212331121104,-0.0210506509644043));
#5869=CARTESIAN_POINT('',(-0.118710668436323,-0.0126625473281559,-0.0212733339196071));
#5870=CARTESIAN_POINT('',(-0.118288918453354,-0.0125784628997355,-0.0213623717271963));
#5871=CARTESIAN_POINT('',(-0.118003561655257,-0.0122845267482933,-0.0212026390888622));
#5872=CARTESIAN_POINT('',(-0.118810197793045,-0.0123077654059808,-0.0216182154462492));
#5873=CARTESIAN_POINT('',(-0.118392121448283,-0.0122412104816062,-0.0216756451784826));
#5874=CARTESIAN_POINT('',(-0.11810309101174,-0.0119908260191327,-0.0214841601849948));
#5875=CARTESIAN_POINT('',(-0.118848456921319,-0.0121165082528688,-0.0217786890549429));
#5876=CARTESIAN_POINT('',(-0.118431847490327,-0.0120606081840508,-0.0218220374366551));
#5877=CARTESIAN_POINT('',(-0.118141350140363,-0.0118327536342161,-0.0216153420476728));
#5878=CARTESIAN_POINT('',(-0.11890056400679,-0.0117042154282263,-0.022073822925203));
#5879=CARTESIAN_POINT('',(-0.118485832519121,-0.0116737212962698,-0.0220923261063817));
#5880=CARTESIAN_POINT('',(-0.118193457225509,-0.0114924583708026,-0.0218570620149857));
#5881=CARTESIAN_POINT('',(-0.118914252995825,-0.0114813994948739,-0.022209110882826));
#5882=CARTESIAN_POINT('',(-0.118500039433412,-0.011465421427462,-0.0222171622817947));
#5883=CARTESIAN_POINT('',(-0.118207146214672,-0.0113087715566417,-0.0219681212229168));
#5884=CARTESIAN_POINT('',(-0.118914252996461,-0.0112499999588726,-0.0223257138632634));
#5885=CARTESIAN_POINT('',(-0.118500039434088,-0.0112499999589423,-0.0223257138630239));
#5886=CARTESIAN_POINT('',(-0.118207146215404,-0.0111181980106011,-0.0220641518548579));
#5887=CARTESIAN_POINT('',(-0.118914252996902,-0.0107999999591306,-0.0214326853081588));
#5888=CARTESIAN_POINT('',(-0.11891425300747,3.46770716650475E-11,1.43516594279264E-11));
#5889=CARTESIAN_POINT('',(-0.11891425300747,3.46770716650475E-11,1.43516594279264E-11));
#5890=CARTESIAN_POINT('',(-0.118914252993268,0.0108000000408693,-0.0214326853019182));
#5891=CARTESIAN_POINT('',(-0.118914252992676,0.0112500000411273,-0.0223257138567628));
#5892=CARTESIAN_POINT('',(-0.118500039430303,0.0112500000410577,-0.0223257138565234));
#5893=CARTESIAN_POINT('',(-0.118207146211663,0.0111181980924668,-0.0220641518484334));
#5894=CARTESIAN_POINT('',(-0.118914252990157,0.0114806933912801,-0.0222094667255091));
#5895=CARTESIAN_POINT('',(-0.118500039427682,0.0114647666731451,-0.0222174922467354));
#5896=CARTESIAN_POINT('',(-0.118207146208876,0.0113081901597908,-0.0219684142231449));
#5897=CARTESIAN_POINT('',(-0.118901002223454,0.0116982478414925,-0.0220775664574678));
#5898=CARTESIAN_POINT('',(-0.118486287334834,0.011668138902055,-0.0220957751672977));
#5899=CARTESIAN_POINT('',(-0.118193895442331,0.0114875376881207,-0.0218601336246032));
#5900=CARTESIAN_POINT('',(-0.118849731547385,0.0121088415001918,-0.021784688303699));
#5901=CARTESIAN_POINT('',(-0.1184331691892,0.0120533882651915,-0.0218275187175071));
#5902=CARTESIAN_POINT('',(-0.118142624766439,0.0118264210891215,-0.0216202501321165));
#5903=CARTESIAN_POINT('',(-0.118811269496376,0.0123033129255389,-0.0216222506513949));
#5904=CARTESIAN_POINT('',(-0.118393231337688,0.0122369982123364,-0.0216793117943342));
#5905=CARTESIAN_POINT('',(-0.118104162715052,0.0119871430683812,-0.0214874562457892));
#5906=CARTESIAN_POINT('',(-0.118711276685612,0.0126610010685085,-0.0212751253238961));
#5907=CARTESIAN_POINT('',(-0.118289548427778,0.0125769824779995,-0.0213639901536308));
#5908=CARTESIAN_POINT('',(-0.118004169904799,0.0122832438114995,-0.021204099227373));
#5909=CARTESIAN_POINT('',(-0.118650583035485,0.0128223030991275,-0.0210928040714415));
#5910=CARTESIAN_POINT('',(-0.118226471103064,0.012731741923969,-0.0211986229486687));
#5911=CARTESIAN_POINT('',(-0.117943476254176,0.0124170328416761,-0.0210554638837112));
#5912=CARTESIAN_POINT('',(-0.118509778828038,0.0131136724219291,-0.0207127685343039));
#5913=CARTESIAN_POINT('',(-0.118080266746364,0.0130143389030749,-0.0208547090393202));
#5914=CARTESIAN_POINT('',(-0.11780267204712,0.0126592571038181,-0.0207459591701538));
#5915=CARTESIAN_POINT('',(-0.118428855576963,0.0132445577492983,-0.0205133127499729));
#5916=CARTESIAN_POINT('',(-0.117996040083792,0.0131430912893499,-0.0206742065344687));
#5917=CARTESIAN_POINT('',(-0.117721748795535,0.0127683797282031,-0.0205836751893531));
#5918=CARTESIAN_POINT('',(-0.118165029261948,0.0135841701568424,-0.0199096241215001));
#5919=CARTESIAN_POINT('',(-0.1177204267231,0.0134845497525494,-0.0201261294110809));
#5920=CARTESIAN_POINT('',(-0.117457922481307,0.0130525146741164,-0.0200928848787753));
#5921=CARTESIAN_POINT('',(-0.117961675330478,0.0137432246683886,-0.0194992955076719));
#5922=CARTESIAN_POINT('',(-0.11750729328878,0.0136522668488231,-0.0197537402041889));
#5923=CARTESIAN_POINT('',(-0.117254568548888,0.0131870593168116,-0.0197597879044692));
#5924=CARTESIAN_POINT('',(-0.117507560386364,0.0139528835502205,-0.018668372141379));
#5925=CARTESIAN_POINT('',(-0.117032044660724,0.0138968116422207,-0.0189990828428705));
#5926=CARTESIAN_POINT('',(-0.11680045360538,0.013367924465833,-0.0190860680607683));
#5927=CARTESIAN_POINT('',(-0.117263243074117,0.0140000000396749,-0.0182598673541517));
#5928=CARTESIAN_POINT('',(-0.116774430735882,0.0139682174123395,-0.0186257809933246));
#5929=CARTESIAN_POINT('',(-0.116556131488262,0.0134112550324934,-0.0187552460496128));
#5930=CARTESIAN_POINT('',(-0.117004975029169,0.0140000000395161,-0.017860571079992));
#5931=CARTESIAN_POINT('',(-0.116505648099578,0.0140000000395488,-0.018264281927624));
#5932=CARTESIAN_POINT('',(-0.11629786824775,0.0134161198993442,-0.0184322740291017));
#5933=CARTESIAN_POINT('',(-0.117004975029337,0.0130000000395161,-0.0178605710802809));
#5934=CARTESIAN_POINT('',(-0.117010018713452,0.0140000000395158,-0.0178564932104911));
#5935=CARTESIAN_POINT('',(-0.116869123059012,0.014000000039525,-0.0179704087650319));
#5936=CARTESIAN_POINT('',(-0.116716172785836,0.0139491023731699,-0.0180940706001567));
#5937=CARTESIAN_POINT('',(-0.116458061686843,0.0137376193689105,-0.0183027560213255));
#5938=CARTESIAN_POINT('',(-0.116356497727691,0.0135808740305421,-0.0183848715044716));
#5939=CARTESIAN_POINT('',(-0.11629786824775,0.0134161198993442,-0.0184322740291017));
#5940=CARTESIAN_POINT('',(-0.116245343817251,0.0140000000391139,-0.0169108376792038));
#5941=CARTESIAN_POINT('',(-0.116105164252211,0.0140000000391225,-0.0170220842260108));
#5942=CARTESIAN_POINT('',(-0.115953344551074,0.0139504746321452,-0.0171425629594771));
#5943=CARTESIAN_POINT('',(-0.115695850537032,0.013744703246144,-0.0173469199724885));
#5944=CARTESIAN_POINT('',(-0.115593576620519,0.0135920511771047,-0.0174281023654195));
#5945=CARTESIAN_POINT('',(-0.115533215457021,0.0134305235570533,-0.0174760347390324));
#5946=CARTESIAN_POINT('',(-0.115493795452594,0.0140000000387114,-0.0159559199309545));
#5947=CARTESIAN_POINT('',(-0.115354378165607,0.0140000000387241,-0.0160641521152909));
#5948=CARTESIAN_POINT('',(-0.115203759503756,0.0139519557414796,-0.0161810715897219));
#5949=CARTESIAN_POINT('',(-0.114946927842151,0.0137523481784451,-0.0163804701454028));
#5950=CARTESIAN_POINT('',(-0.114843911876442,0.013604130562274,-0.0164604712809296));
#5951=CARTESIAN_POINT('',(-0.114781692979471,0.0134461766332872,-0.0165088215537698));
#5952=CARTESIAN_POINT('',(-0.114761846259683,0.0140000000383086,-0.0149872495112858));
#5953=CARTESIAN_POINT('',(-0.114623238936413,0.0140000000383156,-0.0150919665756856));
#5954=CARTESIAN_POINT('',(-0.114473892932929,0.013953557680117,-0.0152047966534791));
#5955=CARTESIAN_POINT('',(-0.114217773454109,0.0137606155563472,-0.0153982935000818));
#5956=CARTESIAN_POINT('',(-0.114113989572122,0.0136172162401367,-0.0154767016476861));
#5957=CARTESIAN_POINT('',(-0.114049777710077,0.0134632646087581,-0.0155252133535848));
#5958=CARTESIAN_POINT('',(-0.114769982617965,0.0140000000383161,-0.015008331021796));
#5959=CARTESIAN_POINT('',(-0.114805377886421,0.0140000000383542,-0.0151196950746546));
#5960=CARTESIAN_POINT('',(-0.114862103197904,0.0139969240515154,-0.0152974091206621));
#5961=CARTESIAN_POINT('',(-0.114940674050987,0.0139831335957231,-0.0155385507457625));
#5962=CARTESIAN_POINT('',(-0.114983361249178,0.0139736081636314,-0.015668107736407));
#5963=CARTESIAN_POINT('',(-0.115030800587595,0.0139605840766924,-0.0158099187005183));
#5964=CARTESIAN_POINT('',(-0.115026420835862,0.0139617075950581,-0.0157966376013468));
#5965=CARTESIAN_POINT('',(-0.115050583201976,0.0139546518285164,-0.0158679572476607));
#5966=CARTESIAN_POINT('',(-0.11509098312142,0.0139418081721678,-0.0159862604414474));
#5967=CARTESIAN_POINT('',(-0.115160275346204,0.0139150922171361,-0.0161851504901205));
#5968=CARTESIAN_POINT('',(-0.115227380715681,0.0138849462735896,-0.0163724922678946));
#5969=CARTESIAN_POINT('',(-0.115297141373581,0.0138499681549209,-0.0165606727414724));
#5970=CARTESIAN_POINT('',(-0.115335683755732,0.013829024299566,-0.0166615142612038));
#5971=CARTESIAN_POINT('',(-0.115397102969309,0.0137943139466521,-0.0168199160583295));
#5972=CARTESIAN_POINT('',(-0.115497874427007,0.0137328783902104,-0.0170699139700118));
#5973=CARTESIAN_POINT('',(-0.115695890502786,0.0136002922194583,-0.0175247268566442));
#5974=CARTESIAN_POINT('',(-0.115848449450172,0.0134889324119252,-0.017819198222875));
#5975=CARTESIAN_POINT('',(-0.115937489928809,0.0134230276917449,-0.017979504157996));
#5976=CARTESIAN_POINT('',(-0.122062577184017,-0.0134230205762812,0.0179794947481627));
#5977=CARTESIAN_POINT('',(-0.122347721173138,-0.013111629987627,0.0178561261414378));
#5978=CARTESIAN_POINT('',(-0.122769683965125,-0.0130383676470179,0.0179564807028046));
#5979=CARTESIAN_POINT('',(-0.122185343323955,-0.0135138890288542,0.0177584490620794));
#5980=CARTESIAN_POINT('',(-0.122467577408553,-0.0132395751061326,0.0176701889440106));
#5981=CARTESIAN_POINT('',(-0.122860446110745,-0.0131898199753903,0.0177490217011885));
#5982=CARTESIAN_POINT('',(-0.122297281755744,-0.0135953966719602,0.0175303411319356));
#5983=CARTESIAN_POINT('',(-0.122571684239527,-0.013361495125254,0.0174666516534804));
#5984=CARTESIAN_POINT('',(-0.122930772311316,-0.0133256611391553,0.0175294787924022));
#5985=CARTESIAN_POINT('',(-0.122508350105691,-0.013738228203334,0.0170577089236843));
#5986=CARTESIAN_POINT('',(-0.122753053948721,-0.0135791651623392,0.0170309060496046));
#5987=CARTESIAN_POINT('',(-0.123043578429909,-0.0135637136931643,0.0170674686269049));
#5988=CARTESIAN_POINT('',(-0.122608072746401,-0.0137999159436788,0.016811408503305));
#5989=CARTESIAN_POINT('',(-0.122831787646835,-0.0136766075196378,0.0167963870131924));
#5990=CARTESIAN_POINT('',(-0.123086162643078,-0.0136665265924835,0.0168232003005814));
#5991=CARTESIAN_POINT('',(-0.12289297242008,-0.0139490373126195,0.0160560076041584));
#5992=CARTESIAN_POINT('',(-0.123036105074458,-0.0139122385039621,0.0160691911840856));
#5993=CARTESIAN_POINT('',(-0.123183981814724,-0.0139150622091887,0.0160680706086225));
#5994=CARTESIAN_POINT('',(-0.123060997498171,-0.0139999999691152,0.0155404145691323));
#5995=CARTESIAN_POINT('',(-0.123135161517937,-0.0139999999687445,0.015542815887111));
#5996=CARTESIAN_POINT('',(-0.123209337213286,-0.0139999999690916,0.0155450857580308));
#5997=CARTESIAN_POINT('',(-0.123230096242087,-0.0139999999689331,0.0150083310276168));
#5998=CARTESIAN_POINT('',(-0.123230096242087,-0.0139999999689331,0.0150083310276168));
#5999=CARTESIAN_POINT('',(-0.123230096242087,-0.0139999999689331,0.0150083310276167));
#6000=CARTESIAN_POINT('',(-0.122769683965604,-0.0138460411826188,0.0185461106375008));
#6001=CARTESIAN_POINT('',(-0.122769683965125,-0.0130383676470179,0.0179564807028046));
#6002=CARTESIAN_POINT('',(-0.122347721173138,-0.013111629987627,0.0178561261414378));
#6003=CARTESIAN_POINT('',(-0.122062577184017,-0.0134230205762812,0.0179794947481627));
#6004=CARTESIAN_POINT('',(-0.122654336482176,-0.0128458904460828,0.0182201354671054));
#6005=CARTESIAN_POINT('',(-0.122235290450623,-0.0129141803074344,0.0181403083751629));
#6006=CARTESIAN_POINT('',(-0.121947227223601,-0.0132012080291714,0.0182890448697487));
#6007=CARTESIAN_POINT('',(-0.122566211086431,-0.0126277549332951,0.0184652425645002));
#6008=CARTESIAN_POINT('',(-0.122148826181064,-0.0126866997461441,0.0184054170649119));
#6009=CARTESIAN_POINT('',(-0.121859104305157,-0.0129489200930452,0.0185764400380919));
#6010=CARTESIAN_POINT('',(-0.122445868710446,-0.01213739401941,0.0189157089245613));
#6011=CARTESIAN_POINT('',(-0.122031077218413,-0.01217157148286,0.018889970686808));
#6012=CARTESIAN_POINT('',(-0.121738761929615,-0.0123802902240875,0.0191036876080827));
#6013=CARTESIAN_POINT('',(-0.122414253021329,-0.0118625943971243,0.0191218230670105));
#6014=CARTESIAN_POINT('',(-0.122000039458934,-0.0118805600667729,0.0191110496478649));
#6015=CARTESIAN_POINT('',(-0.121707146240439,-0.0120609461630272,0.01934439714417));
#6016=CARTESIAN_POINT('',(-0.122414253020568,-0.0115714285417378,0.0192964256058763));
#6017=CARTESIAN_POINT('',(-0.122000039458195,-0.0115714285418074,0.0192964256061157));
#6018=CARTESIAN_POINT('',(-0.121707146239552,-0.0117220593401762,0.0195476163708934));
#6019=CARTESIAN_POINT('',(-0.12241425302115,-0.0120857142562713,0.0201540445211451));
#6020=CARTESIAN_POINT('',(-0.12241425300747,3.52658381651936E-11,1.23291018236729E-11));
#6021=CARTESIAN_POINT('',(-0.121707146226284,3.51468893695396E-11,1.27377215220804E-11));
#6022=CARTESIAN_POINT('',(-0.121707146235608,0.0117220593991747,0.0195476163776667));
#6023=CARTESIAN_POINT('',(-0.122414253017084,0.0120857143151572,0.0201540445281286));
#6024=CARTESIAN_POINT('',(-0.122414253016675,0.0115714286011193,0.0192964256125627));
#6025=CARTESIAN_POINT('',(-0.122000039454302,0.0115714286010496,0.019296425612802));
#6026=CARTESIAN_POINT('',(-0.121707146235608,0.0117220593991747,0.0195476163776667));
#6027=CARTESIAN_POINT('',(-0.122414253018374,0.0118636663210982,0.0191211803121614));
#6028=CARTESIAN_POINT('',(-0.122000039455949,0.0118816977721023,0.0191103674445401));
#6029=CARTESIAN_POINT('',(-0.121707146237585,0.0120621930497095,0.0193436494684597));
#6030=CARTESIAN_POINT('',(-0.122444997920139,0.0121317789506929,0.0189202122564508));
#6031=CARTESIAN_POINT('',(-0.122030223692842,0.0121656433125162,0.0188948038479011));
#6032=CARTESIAN_POINT('',(-0.121737891139105,0.0123737692464323,0.0191089509348099));
#6033=CARTESIAN_POINT('',(-0.122564500595466,0.0126228081536093,0.0184704279717116));
#6034=CARTESIAN_POINT('',(-0.122147151484656,0.0126815275330178,0.0184110119954258));
#6035=CARTESIAN_POINT('',(-0.121857393814207,0.0129431931676613,0.0185825167155567));
#6036=CARTESIAN_POINT('',(-0.122654624415791,0.0128463709816329,0.0182194773204992));
#6037=CARTESIAN_POINT('',(-0.122235574636626,0.0129146794617062,0.0181395900558695));
#6038=CARTESIAN_POINT('',(-0.121947523278432,0.013201777399501,0.0182882503786529));
#6039=CARTESIAN_POINT('',(-0.122769683960742,0.0130383677072997,0.0179564807103299));
#6040=CARTESIAN_POINT('',(-0.122347721168731,0.013111630047825,0.0178561261490047));
#6041=CARTESIAN_POINT('',(-0.122062577179504,0.0134230206363129,0.0179794947559087));
#6042=CARTESIAN_POINT('',(-0.12206257717951,0.0134230206363057,0.0179794947559074));
#6043=CARTESIAN_POINT('',(-0.121825623216558,0.0129673693140389,0.0186153781811717));
#6044=CARTESIAN_POINT('',(-0.121707146235264,0.0123904510288792,0.0191468040118238));
#6045=CARTESIAN_POINT('',(-0.121707146235608,0.0117220593991747,0.0195476163776667));
#6046=CARTESIAN_POINT('',(-0.122769683960947,0.0138460412425622,0.0185461106454896));
#6047=CARTESIAN_POINT('',(-0.122769683960742,0.0130383677072997,0.0179564807103298));
#6048=CARTESIAN_POINT('',(-0.122347721168732,0.0131116300478239,0.0178561261490062));
#6049=CARTESIAN_POINT('',(-0.122062577179506,0.0134230206363093,0.0179794947559096));
#6050=CARTESIAN_POINT('',(-0.122860446106319,0.0131898200358189,0.0177490217088052));
#6051=CARTESIAN_POINT('',(-0.122467577404097,0.0132395751664791,0.0176701889516532));
#6052=CARTESIAN_POINT('',(-0.122185343319413,0.0135138890890511,0.0177584490698801));
#6053=CARTESIAN_POINT('',(-0.122930772306837,0.0133256611997368,0.0175294788000931));
#6054=CARTESIAN_POINT('',(-0.122571684235039,0.0133614951857498,0.0174666516611927));
#6055=CARTESIAN_POINT('',(-0.122297281751175,0.0135953967323253,0.017530341139782));
#6056=CARTESIAN_POINT('',(-0.123043578425345,0.0135637137540483,0.0170674686347361));
#6057=CARTESIAN_POINT('',(-0.122753053944151,0.0135791652231471,0.017030906057445));
#6058=CARTESIAN_POINT('',(-0.12250835010107,0.0137382282640432,0.0170577089316165));
#6059=CARTESIAN_POINT('',(-0.123086162638479,0.0136665266535228,0.0168232003084715));
#6060=CARTESIAN_POINT('',(-0.122831787642238,0.0136766075806061,0.0167963870210884));
#6061=CARTESIAN_POINT('',(-0.122608072741761,0.013799916004563,0.0168114085112721));
#6062=CARTESIAN_POINT('',(-0.123183981810048,0.0139150622706952,0.0160680706166592));
#6063=CARTESIAN_POINT('',(-0.123036105069774,0.01391223856542,0.0160691911921209));
#6064=CARTESIAN_POINT('',(-0.122892972415388,0.0139490373740349,0.016056007612215));
#6065=CARTESIAN_POINT('',(-0.123209337208555,0.0140000000309084,0.0155450857661165));
#6066=CARTESIAN_POINT('',(-0.123135161513194,0.0140000000319085,0.0155428158951902));
#6067=CARTESIAN_POINT('',(-0.123060997493444,0.0140000000308848,0.015540414577213));
#6068=CARTESIAN_POINT('',(-0.123230096237377,0.0140000000310669,0.0150083310357056));
#6069=CARTESIAN_POINT('',(-0.123230096237377,0.0140000000310669,0.0150083310357055));
#6070=CARTESIAN_POINT('',(-0.123230096237377,0.0140000000310669,0.0150083310357055));
#6071=CARTESIAN_POINT('',(-0.115230394950214,-0.0130383676482786,0.0179564807071716));
#6072=CARTESIAN_POINT('',(-0.115652357742111,-0.0131116299887469,0.0178561261453163));
#6073=CARTESIAN_POINT('',(-0.11593750173148,-0.0134230205773071,0.0179794947517132));
#6074=CARTESIAN_POINT('',(-0.115139632804404,-0.0131898199766786,0.0177490217056657));
#6075=CARTESIAN_POINT('',(-0.11553250150653,-0.0132395751072918,0.017670188948029));
#6076=CARTESIAN_POINT('',(-0.115814735591315,-0.0135138890299164,0.0177584490657753));
#6077=CARTESIAN_POINT('',(-0.115069306603625,-0.0133256611404713,0.0175294787969562));
#6078=CARTESIAN_POINT('',(-0.115428394675356,-0.013361495126449,0.0174666516576183));
#6079=CARTESIAN_POINT('',(-0.115702797159292,-0.0135953966730664,0.017530341135759));
#6080=CARTESIAN_POINT('',(-0.114956500484576,-0.0135637136945199,0.017067468631589));
#6081=CARTESIAN_POINT('',(-0.115247024965728,-0.013579165163598,0.0170309060539528));
#6082=CARTESIAN_POINT('',(-0.115491728808843,-0.0137382282045107,0.0170577089277487));
#6083=CARTESIAN_POINT('',(-0.114913916271162,-0.0136665265938549,0.0168232003053125));
#6084=CARTESIAN_POINT('',(-0.115168291267379,-0.0136766075209235,0.0167963870176295));
#6085=CARTESIAN_POINT('',(-0.115392006167872,-0.0137999159448914,0.0168114085074846));
#6086=CARTESIAN_POINT('',(-0.114816097098717,-0.0139150622105952,0.0160680706134642));
#6087=CARTESIAN_POINT('',(-0.114963973838984,-0.0139122385053194,0.016069191188756));
#6088=CARTESIAN_POINT('',(-0.115107106493361,-0.0139490373139271,0.0160560076086616));
#6089=CARTESIAN_POINT('',(-0.114790741699605,-0.0139999999705078,0.0155450857628972));
#6090=CARTESIAN_POINT('',(-0.114864917394964,-0.0139999999715077,0.0155428158918872));
#6091=CARTESIAN_POINT('',(-0.11493908141471,-0.0139999999704815,0.0155404145738257));
#6092=CARTESIAN_POINT('',(-0.114769982670163,-0.0139999999703562,0.0150083310325054));
#6093=CARTESIAN_POINT('',(-0.114769982670163,-0.0139999999703562,0.0150083310325054));
#6094=CARTESIAN_POINT('',(-0.114769982670163,-0.0139999999703562,0.0150083310325054));
#6095=CARTESIAN_POINT('',(-0.11523039495069,-0.0138460411838751,0.0185461106418719));
#6096=CARTESIAN_POINT('',(-0.115585825895822,-0.0115714285428864,0.0192964256098223));
#6097=CARTESIAN_POINT('',(-0.116000039458195,-0.0115714285428168,0.0192964256095829));
#6098=CARTESIAN_POINT('',(-0.116292932677179,-0.011722059341087,0.019547616374022));
#6099=CARTESIAN_POINT('',(-0.115585825893927,-0.0118636662627604,0.0191211803092544));
#6100=CARTESIAN_POINT('',(-0.116000039456332,-0.0118816977137581,0.0191103674411459));
#6101=CARTESIAN_POINT('',(-0.116292932674965,-0.0120621929914985,0.0193436494646202));
#6102=CARTESIAN_POINT('',(-0.115555080991925,-0.0121317788922361,0.018920212253427));
#6103=CARTESIAN_POINT('',(-0.115969855219197,-0.0121656432540474,0.0188948038443805));
#6104=CARTESIAN_POINT('',(-0.116262187773175,-0.0123737691880838,0.0191089509308294));
#6105=CARTESIAN_POINT('',(-0.115435578316076,-0.0126228080948874,0.0184704279685492));
#6106=CARTESIAN_POINT('',(-0.115852927426814,-0.0126815274742584,0.0184110119917459));
#6107=CARTESIAN_POINT('',(-0.116142685097468,-0.0129431931090019,0.0185825167113945));
#6108=CARTESIAN_POINT('',(-0.115345454495485,-0.0128463709227674,0.0182194773173115));
#6109=CARTESIAN_POINT('',(-0.115764504274545,-0.0129146794027931,0.018139590052165));
#6110=CARTESIAN_POINT('',(-0.116052555632907,-0.0132017773406717,0.01828825037445));
#6111=CARTESIAN_POINT('',(-0.115230394950214,-0.0130383676482787,0.0179564807071717));
#6112=CARTESIAN_POINT('',(-0.115652357742109,-0.0131116299887456,0.0178561261453181));
#6113=CARTESIAN_POINT('',(-0.115937501731478,-0.013423020577303,0.0179794947517143));
#6114=CARTESIAN_POINT('',(-0.115585825896404,-0.0120857142574199,0.020154044525091));
#6115=CARTESIAN_POINT('',(-0.115585825882724,3.41171669824108E-11,1.62750767723763E-11));
#6116=CARTESIAN_POINT('',(-0.115230394945822,0.013038367706025,0.0179564807146953));
#6117=CARTESIAN_POINT('',(-0.115652357737693,0.0131116300466921,0.0178561261528832));
#6118=CARTESIAN_POINT('',(-0.115937501726958,0.0134230206352751,0.0179794947594585));
#6119=CARTESIAN_POINT('',(-0.115345742429075,0.0128458905049367,0.0182201354787529));
#6120=CARTESIAN_POINT('',(-0.115764788460532,0.0129141803663279,0.0181403083863633));
#6121=CARTESIAN_POINT('',(-0.116052851687728,0.0132012080879829,0.0182890448807823));
#6122=CARTESIAN_POINT('',(-0.115433867825099,0.0126277549920082,0.0184652425759186));
#6123=CARTESIAN_POINT('',(-0.115851252730396,0.0126866998048911,0.0184054170758805));
#6124=CARTESIAN_POINT('',(-0.116140974606505,0.0129489201516934,0.0185764400488776));
#6125=CARTESIAN_POINT('',(-0.115554210201614,0.0121373940778629,0.0189157089355571));
#6126=CARTESIAN_POINT('',(-0.115969001693619,0.0121715715413288,0.0188899706973454));
#6127=CARTESIAN_POINT('',(-0.116261316982659,0.0123802902824325,0.0191036876184028));
#6128=CARTESIAN_POINT('',(-0.115585825890967,0.011862594455458,0.0191218230778112));
#6129=CARTESIAN_POINT('',(-0.116000039453345,0.0118805601251128,0.0191110496581969));
#6130=CARTESIAN_POINT('',(-0.116292932672107,0.01206094622123,0.0193443971542641));
#6131=CARTESIAN_POINT('',(-0.115585825891928,0.0115714285999706,0.0192964256165087));
#6132=CARTESIAN_POINT('',(-0.116000039454301,0.0115714286000403,0.0192964256162693));
#6133=CARTESIAN_POINT('',(-0.116292932673235,0.0117220593982639,0.0195476163807955));
#6134=CARTESIAN_POINT('',(-0.115585825892338,0.0120857143140086,0.0201540445320746));
#6135=CARTESIAN_POINT('',(-0.116292932673235,0.0117220593982639,0.0195476163807955));
#6136=CARTESIAN_POINT('',(-0.115230394946027,0.0138460412412858,0.0185461106498575));
#6137=CARTESIAN_POINT('',(-0.116292932673235,0.011722059398264,0.0195476163807955));
#6138=CARTESIAN_POINT('',(-0.116292932672891,0.0123904510279378,0.019146804014971));
#6139=CARTESIAN_POINT('',(-0.116174455690792,0.0129673693130596,0.0186153781844624));
#6140=CARTESIAN_POINT('',(-0.115937501726958,0.0134230206352751,0.0179794947594585));
#6141=CARTESIAN_POINT('',(-0.115937501726958,0.0134230206352751,0.0179794947594585));
#6142=CARTESIAN_POINT('',(-0.115652357737693,0.0131116300466921,0.0178561261528832));
#6143=CARTESIAN_POINT('',(-0.115230394945822,0.013038367706025,0.0179564807146953));
#6144=CARTESIAN_POINT('',(-0.115814735586764,0.0135138890879745,0.0177584490735709));
#6145=CARTESIAN_POINT('',(-0.115532501502064,0.0132395751653008,0.0176701889556669));
#6146=CARTESIAN_POINT('',(-0.115139632799962,0.0131898200345164,0.017749021713273));
#6147=CARTESIAN_POINT('',(-0.115702797154709,0.0135953967312131,0.0175303411436011));
#6148=CARTESIAN_POINT('',(-0.115428394670852,0.0133614951845443,0.0174666516653291));
#6149=CARTESIAN_POINT('',(-0.115069306599136,0.0133256611984092,0.017529478804645));
#6150=CARTESIAN_POINT('',(-0.11549172880422,0.0137382282628606,0.0170577089356798));
#6151=CARTESIAN_POINT('',(-0.11524702496116,0.0135791652218805,0.0170309060617897));
#6152=CARTESIAN_POINT('',(-0.114956500480012,0.0135637137526844,0.0170674686394173));
#6153=CARTESIAN_POINT('',(-0.115392006163226,0.013799916003348,0.0168114085154514));
#6154=CARTESIAN_POINT('',(-0.115168291262773,0.0136766075793145,0.0167963870255248));
#6155=CARTESIAN_POINT('',(-0.114913916266565,0.0136665266521453,0.0168232003132011));
#6156=CARTESIAN_POINT('',(-0.115107106488667,0.0139490373727232,0.0160560076167175));
#6157=CARTESIAN_POINT('',(-0.114963973834307,0.0139122385640601,0.0160691911967911));
#6158=CARTESIAN_POINT('',(-0.11481609709403,0.0139150622692859,0.0160680706215025));
#6159=CARTESIAN_POINT('',(-0.114939081409956,0.0140000000295184,0.0155404145819291));
#6160=CARTESIAN_POINT('',(-0.11486491739018,0.0140000000291426,0.0155428158999892));
#6161=CARTESIAN_POINT('',(-0.114790741694821,0.0140000000294918,0.0155450857709888));
#6162=CARTESIAN_POINT('',(-0.114769982665455,0.0140000000296438,0.0150083310405987));
#6163=CARTESIAN_POINT('',(-0.114769982665455,0.0140000000296438,0.0150083310405985));
#6164=CARTESIAN_POINT('',(-0.114769982665455,0.0140000000296438,0.0150083310405983));
#6165=CARTESIAN_POINT('',(-0.115230394925076,0.0130383677163889,-0.0179564806742168));
#6166=CARTESIAN_POINT('',(-0.115652357717066,0.0131116300569997,-0.0178561261128486));
#6167=CARTESIAN_POINT('',(-0.115937501706187,0.013423020645657,-0.017979494719576));
#6168=CARTESIAN_POINT('',(-0.115139632779459,0.0131898200447571,-0.0177490216726083));
#6169=CARTESIAN_POINT('',(-0.115532501481657,0.0132395751755017,-0.0176701889154264));
#6170=CARTESIAN_POINT('',(-0.115814735566251,0.0135138890982274,-0.0177584490334999));
#6171=CARTESIAN_POINT('',(-0.115069306578881,0.0133256612085279,-0.0175294787638159));
#6172=CARTESIAN_POINT('',(-0.115428394650675,0.0133614951946275,-0.0174666516248924));
#6173=CARTESIAN_POINT('',(-0.115702797134459,0.0135953967413369,-0.0175303411033501));
#6174=CARTESIAN_POINT('',(-0.114956500460291,0.0135637137625397,-0.0170674685983178));
#6175=CARTESIAN_POINT('',(-0.11524702494148,0.013579165231715,-0.0170309060210175));
#6176=CARTESIAN_POINT('',(-0.115491728784511,0.0137382282727125,-0.0170577088950972));
#6177=CARTESIAN_POINT('',(-0.114913916247123,0.013666526661861,-0.0168232002719918));
#6178=CARTESIAN_POINT('',(-0.115168291243365,0.0136766075890155,-0.0167963869846028));
#6179=CARTESIAN_POINT('',(-0.1153920061438,0.013799916013059,-0.0168114084747159));
#6180=CARTESIAN_POINT('',(-0.114816097075462,0.0139150622785702,-0.0160680705800274));
#6181=CARTESIAN_POINT('',(-0.114963973815734,0.0139122385733436,-0.0160691911554893));
#6182=CARTESIAN_POINT('',(-0.115107106470114,0.0139490373820006,-0.0160560075755623));
#6183=CARTESIAN_POINT('',(-0.114790741676859,0.0140000000384746,-0.015545085729433));
#6184=CARTESIAN_POINT('',(-0.114864917372233,0.0140000000394989,-0.0155428158585164));
#6185=CARTESIAN_POINT('',(-0.114939081391999,0.0140000000384983,-0.0155404145405415));
#6186=CARTESIAN_POINT('',(-0.114769982648107,0.0140000000383161,-0.0150083309990126));
#6187=CARTESIAN_POINT('',(-0.114769982648107,0.0140000000383161,-0.0150083309990127));
#6188=CARTESIAN_POINT('',(-0.114769982648107,0.0140000000383161,-0.0150083309990127));
#6189=CARTESIAN_POINT('',(-0.1152303949246,0.0138460412519824,-0.01854611060892));
#6190=CARTESIAN_POINT('',(-0.115585825869627,0.0115714286111208,-0.0192964255772721));
#6191=CARTESIAN_POINT('',(-0.116000039432,0.0115714286111905,-0.0192964255775115));
#6192=CARTESIAN_POINT('',(-0.116292932650643,0.0117220594095592,-0.0195476163422891));
#6193=CARTESIAN_POINT('',(-0.115585825867818,0.0118636663309933,-0.019121180276705));
#6194=CARTESIAN_POINT('',(-0.116000039430222,0.0118816977821267,-0.0191103674090687));
#6195=CARTESIAN_POINT('',(-0.11629293264854,0.0120621930599638,-0.0193436494328795));
#6196=CARTESIAN_POINT('',(-0.115555080965975,0.0121317789604583,-0.0189202122208426));
#6197=CARTESIAN_POINT('',(-0.115969855193264,0.0121656433224061,-0.0188948038122735));
#6198=CARTESIAN_POINT('',(-0.116262187746929,0.0123737692565448,-0.0191089508990642));
#6199=CARTESIAN_POINT('',(-0.115435578290485,0.0126228081630672,-0.0184704279358294));
#6200=CARTESIAN_POINT('',(-0.115852927401273,0.0126815275425806,-0.0184110119595115));
#6201=CARTESIAN_POINT('',(-0.116142685071636,0.0129431931774178,-0.0185825166794908));
#6202=CARTESIAN_POINT('',(-0.115345454470088,0.0128463709909129,-0.0182194772844936));
#6203=CARTESIAN_POINT('',(-0.115764504249235,0.01291467947108,-0.0181395900198243));
#6204=CARTESIAN_POINT('',(-0.116052555607329,0.0132017774090559,-0.0182882503424449));
#6205=CARTESIAN_POINT('',(-0.115230394925076,0.0130383677163889,-0.0179564806742169));
#6206=CARTESIAN_POINT('',(-0.115652357717063,0.0131116300569977,-0.0178561261128514));
#6207=CARTESIAN_POINT('',(-0.115937501706185,0.0134230206456505,-0.0179794947195778));
#6208=CARTESIAN_POINT('',(-0.115585825869044,0.0120857143256543,-0.0201540444925409));
#6209=CARTESIAN_POINT('',(-0.115585825882724,3.41171669824108E-11,1.62750767723763E-11));
#6210=CARTESIAN_POINT('',(-0.115585825882724,3.41171669824108E-11,1.62750767723763E-11));
#6211=CARTESIAN_POINT('',(-0.11558582587311,-0.0120857142457743,-0.0201540444995244));
#6212=CARTESIAN_POINT('',(-0.115230394929456,-0.0130383676379103,-0.0179564806817344));
#6213=CARTESIAN_POINT('',(-0.115652357721467,-0.0131116299784354,-0.0178561261204099));
#6214=CARTESIAN_POINT('',(-0.115937501710694,-0.0134230205669224,-0.0179794947273147));
#6215=CARTESIAN_POINT('',(-0.115345742412362,-0.0128458904367885,-0.018220135445918));
#6216=CARTESIAN_POINT('',(-0.11576478844393,-0.0129141802980414,-0.0181403083540178));
#6217=CARTESIAN_POINT('',(-0.11605285167104,-0.0132012080196008,-0.0182890448487756));
#6218=CARTESIAN_POINT('',(-0.115433867808011,-0.0126277549238251,-0.0184652425431927));
#6219=CARTESIAN_POINT('',(-0.115851252713393,-0.0126866997365679,-0.0184054170436385));
#6220=CARTESIAN_POINT('',(-0.116140974589392,-0.0129489200832722,-0.0185764400169688));
#6221=CARTESIAN_POINT('',(-0.115554210183832,-0.0121373940096391,-0.0189157089029706));
#6222=CARTESIAN_POINT('',(-0.115969001675882,-0.0121715714729647,-0.0188899706652372));
#6223=CARTESIAN_POINT('',(-0.116261316964746,-0.012380290213971,-0.0191036875866336));
#6224=CARTESIAN_POINT('',(-0.115585825872853,-0.0118625943872238,-0.019121823045261));
#6225=CARTESIAN_POINT('',(-0.116000039435246,-0.0118805600567414,-0.0191110496261298));
#6226=CARTESIAN_POINT('',(-0.116292932653807,-0.0120609461527573,-0.0193443971225303));
#6227=CARTESIAN_POINT('',(-0.11558582587352,-0.0115714285317363,-0.0192964255839585));
#6228=CARTESIAN_POINT('',(-0.116000039435893,-0.0115714285316667,-0.0192964255841979));
#6229=CARTESIAN_POINT('',(-0.116292932654586,-0.0117220593297917,-0.0195476163490625));
#6230=CARTESIAN_POINT('',(-0.115230394929251,-0.013846041173171,-0.0185461106168966));
#6231=CARTESIAN_POINT('',(-0.115937501710694,-0.0134230205669224,-0.0179794947273147));
#6232=CARTESIAN_POINT('',(-0.115652357721467,-0.0131116299784354,-0.01785612612041));
#6233=CARTESIAN_POINT('',(-0.115230394929456,-0.0130383676379103,-0.0179564806817344));
#6234=CARTESIAN_POINT('',(-0.115814735570786,-0.0135138890196642,-0.0177584490412847));
#6235=CARTESIAN_POINT('',(-0.115532501486095,-0.0132395750970848,-0.0176701889230553));
#6236=CARTESIAN_POINT('',(-0.115139632783887,-0.0131898199664329,-0.0177490216802062));
#6237=CARTESIAN_POINT('',(-0.115702797139023,-0.0135953966629391,-0.0175303411111867));
#6238=CARTESIAN_POINT('',(-0.115428394655161,-0.0133614951163628,-0.0174666516325967));
#6239=CARTESIAN_POINT('',(-0.115069306583359,-0.0133256611303483,-0.0175294787714986));
#6240=CARTESIAN_POINT('',(-0.115491728789127,-0.0137382281946585,-0.0170577089030196));
#6241=CARTESIAN_POINT('',(-0.115247024946044,-0.0135791651537607,-0.0170309060288477));
#6242=CARTESIAN_POINT('',(-0.114956500464851,-0.0135637136846626,-0.0170674686061382));
#6243=CARTESIAN_POINT('',(-0.115392006148438,-0.013799915935179,-0.0168114084826754));
#6244=CARTESIAN_POINT('',(-0.115168291247965,-0.0136766075112212,-0.0167963869924905));
#6245=CARTESIAN_POINT('',(-0.114913916251716,-0.0136665265841374,-0.0168232002798737));
#6246=CARTESIAN_POINT('',(-0.115107106474804,-0.0139490373046501,-0.016056007583615));
#6247=CARTESIAN_POINT('',(-0.114963973820408,-0.0139122384960347,-0.0160691911635229));
#6248=CARTESIAN_POINT('',(-0.114816097080147,-0.0139150622013109,-0.0160680705880615));
#6249=CARTESIAN_POINT('',(-0.114939081396744,-0.0139999999615017,-0.0155404145486158));
#6250=CARTESIAN_POINT('',(-0.114864917377011,-0.0139999999611524,-0.0155428158665892));
#6251=CARTESIAN_POINT('',(-0.11479074168165,-0.0139999999615252,-0.0155450857375146));
#6252=CARTESIAN_POINT('',(-0.114769982652818,-0.0139999999616839,-0.0150083310071034));
#6253=CARTESIAN_POINT('',(-0.114769982652818,-0.0139999999616839,-0.0150083310071033));
#6254=CARTESIAN_POINT('',(-0.114769982652818,-0.0139999999616839,-0.0150083310071033));
#6255=CARTESIAN_POINT('',(-0.122062577158721,0.0134230206466946,-0.017979494723098));
#6256=CARTESIAN_POINT('',(-0.12234772114809,0.0131116300581362,-0.0178561261167027));
#6257=CARTESIAN_POINT('',(-0.122769683939985,0.0130383677176691,-0.0179564806785572));
#6258=CARTESIAN_POINT('',(-0.122185343298885,0.0135138890993071,-0.0177584490371574));
#6259=CARTESIAN_POINT('',(-0.122467577383665,0.0132395751766843,-0.017670188919411));
#6260=CARTESIAN_POINT('',(-0.122860446085796,0.0131898200460711,-0.0177490216770474));
#6261=CARTESIAN_POINT('',(-0.122297281730911,0.0135953967424518,-0.0175303411071416));
#6262=CARTESIAN_POINT('',(-0.122571684214849,0.0133614951958386,-0.0174666516290034));
#6263=CARTESIAN_POINT('',(-0.122930772286574,0.0133256612098608,-0.0175294787683408));
#6264=CARTESIAN_POINT('',(-0.122508350081353,0.0137382282738979,-0.017057708899136));
#6265=CARTESIAN_POINT('',(-0.122753053924464,0.0135791652329847,-0.0170309060253392));
#6266=CARTESIAN_POINT('',(-0.123043578405618,0.0135637137639074,-0.0170674686029747));
#6267=CARTESIAN_POINT('',(-0.122608072722324,0.0137999160142774,-0.0168114084788717));
#6268=CARTESIAN_POINT('',(-0.122831787622811,0.0136766075903107,-0.016796386989017));
#6269=CARTESIAN_POINT('',(-0.123086162619031,0.0136665266632413,-0.0168232002766993));
#6270=CARTESIAN_POINT('',(-0.122892972396838,0.0139490373833085,-0.0160560075800534));
#6271=CARTESIAN_POINT('',(-0.123036105051224,0.0139122385747011,-0.0160691911601473));
#6272=CARTESIAN_POINT('',(-0.123183981791483,0.0139150622799785,-0.0160680705848567));
#6273=CARTESIAN_POINT('',(-0.123060997475527,0.0140000000398645,-0.0155404145452335));
#6274=CARTESIAN_POINT('',(-0.123135161495292,0.0140000000395114,-0.0155428158632941));
#6275=CARTESIAN_POINT('',(-0.12320933719066,0.0140000000398907,-0.0155450857342932));
#6276=CARTESIAN_POINT('',(-0.12323009622003,0.0140000000397392,-0.0150083310039029));
#6277=CARTESIAN_POINT('',(-0.12323009622003,0.0140000000397392,-0.0150083310039028));
#6278=CARTESIAN_POINT('',(-0.12323009622003,0.0140000000397392,-0.0150083310039027));
#6279=CARTESIAN_POINT('',(-0.122769683939511,0.0138460412532701,-0.0185461106132534));
#6280=CARTESIAN_POINT('',(-0.122769683939985,0.0130383677176691,-0.0179564806785572));
#6281=CARTESIAN_POINT('',(-0.12234772114809,0.0131116300581362,-0.0178561261167027));
#6282=CARTESIAN_POINT('',(-0.122062577158721,0.0134230206466946,-0.017979494723098));
#6283=CARTESIAN_POINT('',(-0.122654336456787,0.0128458905166967,-0.0182201354427227));
#6284=CARTESIAN_POINT('',(-0.122235290425307,0.0129141803779031,-0.018140308350294));
#6285=CARTESIAN_POINT('',(-0.12194722719802,0.0132012080995486,-0.0182890448445517));
#6286=CARTESIAN_POINT('',(-0.122566211060846,0.0126277550038775,-0.0184652425400179));
#6287=CARTESIAN_POINT('',(-0.122148826155524,0.012686699816587,-0.0184054170399472));
#6288=CARTESIAN_POINT('',(-0.121859104279332,0.012948920163389,-0.0185764400127917));
#6289=CARTESIAN_POINT('',(-0.122445868684497,0.0121373940899527,-0.0189157088999393));
#6290=CARTESIAN_POINT('',(-0.122031077192485,0.0121715715532625,-0.0188899706617066));
#6291=CARTESIAN_POINT('',(-0.12173876190337,0.0123802902943931,-0.0191036875826442));
#6292=CARTESIAN_POINT('',(-0.122414252995245,0.0118625944676557,-0.0191218230423525));
#6293=CARTESIAN_POINT('',(-0.122000039432855,0.0118805601371689,-0.0191110496227339));
#6294=CARTESIAN_POINT('',(-0.121707146214033,0.0120609462333161,-0.0193443971186875));
#6295=CARTESIAN_POINT('',(-0.122414252994373,0.0115714286122695,-0.0192964255812181));
#6296=CARTESIAN_POINT('',(-0.122000039431999,0.0115714286121998,-0.0192964255809788));
#6297=CARTESIAN_POINT('',(-0.121707146213016,0.01172205941047,-0.0195476163454179));
#6298=CARTESIAN_POINT('',(-0.122414252993791,0.012085714326803,-0.0201540444964869));
#6299=CARTESIAN_POINT('',(-0.122414252998266,-0.0115714285305876,-0.0192964255879045));
#6300=CARTESIAN_POINT('',(-0.122000039435893,-0.0115714285306573,-0.0192964255876651));
#6301=CARTESIAN_POINT('',(-0.121707146216959,-0.0117220593288809,-0.0195476163521913));
#6302=CARTESIAN_POINT('',(-0.122414253000255,-0.0118636662505646,-0.0191211802875044));
#6303=CARTESIAN_POINT('',(-0.122000039437854,-0.0118816977017089,-0.0191103674194071));
#6304=CARTESIAN_POINT('',(-0.121707146219288,-0.0120621929794128,-0.019343649442984));
#6305=CARTESIAN_POINT('',(-0.122444997902349,-0.012131778880148,-0.0189202122318303));
#6306=CARTESIAN_POINT('',(-0.122030223675091,-0.0121656432421137,-0.018894803822804));
#6307=CARTESIAN_POINT('',(-0.121737891121181,-0.0123737691761253,-0.0191089509093741));
#6308=CARTESIAN_POINT('',(-0.122564500578369,-0.0126228080830213,-0.0184704279472328));
#6309=CARTESIAN_POINT('',(-0.122147151467648,-0.0126815274625673,-0.0184110119704622));
#6310=CARTESIAN_POINT('',(-0.121857393797085,-0.0129431930973097,-0.0185825166902602));
#6311=CARTESIAN_POINT('',(-0.12265462439905,-0.0128463709110136,-0.018219477296127));
#6312=CARTESIAN_POINT('',(-0.122235574620005,-0.0129146793912281,-0.0181395900310165));
#6313=CARTESIAN_POINT('',(-0.121947523261736,-0.0132017773291159,-0.0182882503534642));
#6314=CARTESIAN_POINT('',(-0.122769683944372,-0.0130383676366421,-0.0179564806860913));
#6315=CARTESIAN_POINT('',(-0.122347721152501,-0.0131116299773091,-0.0178561261242791));
#6316=CARTESIAN_POINT('',(-0.122062577163237,-0.0134230205658921,-0.0179794947308544));
#6317=CARTESIAN_POINT('',(-0.122414252997857,-0.0120857142446256,-0.0201540445034704));
#6318=CARTESIAN_POINT('',(-0.122769683944167,-0.0138460411719028,-0.0185461106212534));
#6319=CARTESIAN_POINT('',(-0.122769683944372,-0.013038367636642,-0.0179564806860912));
#6320=CARTESIAN_POINT('',(-0.122347721152501,-0.0131116299773091,-0.0178561261242791));
#6321=CARTESIAN_POINT('',(-0.122062577163237,-0.0134230205658921,-0.0179794947308543));
#6322=CARTESIAN_POINT('',(-0.122860446090228,-0.0131898199651344,-0.0177490216846675));
#6323=CARTESIAN_POINT('',(-0.122467577388119,-0.0132395750959285,-0.0176701889270629));
#6324=CARTESIAN_POINT('',(-0.122185343303429,-0.0135138890185954,-0.0177584490449658));
#6325=CARTESIAN_POINT('',(-0.12293077229106,-0.0133256611290262,-0.0175294787760409));
#6326=CARTESIAN_POINT('',(-0.122571684219342,-0.013361495115162,-0.0174666516367247));
#6327=CARTESIAN_POINT('',(-0.122297281735485,-0.0135953966618298,-0.017530341114998));
#6328=CARTESIAN_POINT('',(-0.12304357841018,-0.0135637136833021,-0.0170674686108118));
#6329=CARTESIAN_POINT('',(-0.122753053929034,-0.0135791651524973,-0.0170309060331849));
#6330=CARTESIAN_POINT('',(-0.122508350085975,-0.0137382281934783,-0.0170577089070735));
#6331=CARTESIAN_POINT('',(-0.123086162623629,-0.0136665265827626,-0.0168232002845964));
#6332=CARTESIAN_POINT('',(-0.122831787627422,-0.0136766075099319,-0.0167963869969201));
#6333=CARTESIAN_POINT('',(-0.122608072726969,-0.0137999159339655,-0.0168114084868455));
#6334=CARTESIAN_POINT('',(-0.123183981796164,-0.0139150621999037,-0.0160680705928955));
#6335=CARTESIAN_POINT('',(-0.123036105055887,-0.0139122384946776,-0.0160691911681841));
#6336=CARTESIAN_POINT('',(-0.122892972401528,-0.0139490373033399,-0.0160560075881127));
#6337=CARTESIAN_POINT('',(-0.123209337195286,-0.0139999999601091,-0.0155450857423797));
#6338=CARTESIAN_POINT('',(-0.123135161499939,-0.0139999999611321,-0.0155428158713701));
#6339=CARTESIAN_POINT('',(-0.12306099748019,-0.0139999999601355,-0.0155404145533069));
#6340=CARTESIAN_POINT('',(-0.123230096224741,-0.0139999999602607,-0.0150083310119914));
#6341=CARTESIAN_POINT('',(-0.123230096224741,-0.0139999999602607,-0.0150083310119915));
#6342=CARTESIAN_POINT('',(-0.123230096224741,-0.0139999999602607,-0.0150083310119915));
#6343=CARTESIAN_POINT('',(-0.12241425300747,3.52658381651936E-11,1.23291018236729E-11));
#6344=CARTESIAN_POINT('',(-0.126500039445097,3.59531450741152E-11,9.96801618568903E-12));
#6345=CARTESIAN_POINT('',(-0.114000039448882,-0.0224999999661496,1.06908339060803E-11));
#6346=CARTESIAN_POINT('',(-0.114000039445097,3.38504075735935E-11,1.71914636118344E-11));
#6347=CARTESIAN_POINT('',(-0.122000039445097,3.51961595739275E-11,1.25684572070597E-11));
#6348=CARTESIAN_POINT('',(-0.119792932663911,3.48248822782109E-11,1.38438902811018E-11));
#6349=CARTESIAN_POINT('',(4.89987516658664E-12,1.46734349325965E-11,8.30693276210152E-11));
#6350=CARTESIAN_POINT('',(-0.115585825882724,3.41171669824108E-11,1.62750759592247E-11));
#6351=CARTESIAN_POINT('',(-0.118500039445097,3.46073930737813E-11,1.45910225904638E-11));
#6352=CARTESIAN_POINT('',(-0.116292932663911,3.42361157780648E-11,1.58664571010738E-11));
#6353=CARTESIAN_POINT('',(-0.118207146226284,3.45581228693935E-11,1.47602785300228E-11));
#6354=CARTESIAN_POINT('',(4.89987516658664E-12,1.46734349325965E-11,8.30693276210152E-11));
#6355=CARTESIAN_POINT('',(-0.11891425300747,3.46770716650475E-11,1.43516584250394E-11));
#6356=CARTESIAN_POINT('',(-0.119085825882724,3.47059334825569E-11,1.42525107655559E-11));
#6357=CARTESIAN_POINT('',(-0.11891425300747,3.46770716650475E-11,1.43516594279264E-11));
#6358=CARTESIAN_POINT('',(-0.119085825882724,3.47059334825569E-11,1.42525187615469E-11));
#6359=CARTESIAN_POINT('',(-0.115585825882724,3.41171669824108E-11,1.62750767723763E-11));
#6360=CARTESIAN_POINT('',(-0.15000003943612,0.0120000000361951,-0.0120415946545493));
#6361=CARTESIAN_POINT('',(-0.150000039440157,-0.0119999999857294,-0.0120415946545493));
#6362=MECHANICAL_DESIGN_GEOMETRIC_PRESENTATION_REPRESENTATION('',(#2683,
#58,#59,#60,#61,#62,#63,#64,#65,#66,#67,#68,#69,#70,#71,#72,#73,#74,#75,
#76,#77,#78,#79,#80,#81,#82,#83,#84,#85,#86,#87,#88,#89,#90,#91,#92,#93,
#94,#95,#96,#97,#98,#99,#100,#101,#102,#103,#104,#105,#106,#107,#108,#109,
#110,#111,#112,#113,#114,#115,#116,#117,#118,#119,#120,#121,#122,#123,#124,
#125,#126,#127,#128,#129,#130,#131,#132,#133,#134,#135,#136,#137,#138,#139,
#140,#141,#142),#6363);
#6363=(
GEOMETRIC_REPRESENTATION_CONTEXT(3)
GLOBAL_UNCERTAINTY_ASSIGNED_CONTEXT((#6364))
GLOBAL_UNIT_ASSIGNED_CONTEXT((#6367,#6366,#6365))
REPRESENTATION_CONTEXT('unitree_g1','TOP_LEVEL_ASSEMBLY_PART')
);
#6364=UNCERTAINTY_MEASURE_WITH_UNIT(LENGTH_MEASURE(2.E-5),#6367,
'DISTANCE_ACCURACY_VALUE','Maximum Tolerance applied to model');
#6365=(
NAMED_UNIT(*)
SI_UNIT($,.STERADIAN.)
SOLID_ANGLE_UNIT()
);
#6366=(
NAMED_UNIT(*)
PLANE_ANGLE_UNIT()
SI_UNIT($,.RADIAN.)
);
#6367=(
LENGTH_UNIT()
NAMED_UNIT(*)
SI_UNIT($,.METRE.)
);
#6368=PRODUCT_DEFINITION_SHAPE('','',#6369);
#6369=PRODUCT_DEFINITION('','',#6371,#6370);
#6370=PRODUCT_DEFINITION_CONTEXT('',#6377,'design');
#6371=PRODUCT_DEFINITION_FORMATION_WITH_SPECIFIED_SOURCE('','',#6373,
 .NOT_KNOWN.);
#6372=PRODUCT_RELATED_PRODUCT_CATEGORY('','',(#6373));
#6373=PRODUCT('unitree_g1','unitree_g1','unitree_g1',(#6375));
#6374=PRODUCT_CATEGORY('','');
#6375=PRODUCT_CONTEXT('',#6377,'mechanical');
#6376=APPLICATION_PROTOCOL_DEFINITION('international standard',
'ap242_managed_model_based_3d_engineering',2020,#6377);
#6377=APPLICATION_CONTEXT('managed model based 3d engineering');
ENDSEC;
END-ISO-10303-21;
