ISO-10303-21;
HEADER;
/* Generated by software containing ST-Developer
 * from STEP Tools, Inc. (www.steptools.com) 
 */
/* OPTION: using custom renumber hook */

FILE_DESCRIPTION(
/* description */ ('STEP AP242 Edition 2',
'CAx-IF Rec.Pracs.---Representation and Presentation of Product Manufa
cturing Information (PMI)---4.0---2014-10-13',
'CAx-IF Rec.Pracs.---3D Tessellated Geometry---0.4---2014-09-14','2;1',
'CAx-IF Rec.Pracs.---User Defined Attributes---1.5---2016-08-15'),
/* implementation_level */ '2;1');

FILE_NAME(
/* name */ 'gripper - flange',
/* time_stamp */ '2026-02-08T09:29:49Z',
/* author */ (''),
/* organization */ (''),
/* preprocessor_version */ 'ST-DEVELOPER v20',
/* originating_system */ 'ONSHAPE BY PTC INC, 1.210',
/* authorisation */ '  ');

FILE_SCHEMA (('AP242_MANAGED_MODEL_BASED_3D_ENGINEERING_MIM_LF { 1 0 10303 442 3 1 4 }'));
ENDSEC;

DATA;
#10=SHAPE_REPRESENTATION_RELATIONSHIP('','',#1222,#11);
#11=ADVANCED_BREP_SHAPE_REPRESENTATION('',(#1220),#2229);
#12=(
BOUNDED_SURFACE()
B_SPLINE_SURFACE(3,2,((#2164,#2165,#2166),(#2167,#2168,#2169),(#2170,#2171,
#2172),(#2173,#2174,#2175),(#2176,#2177,#2178)),.UNSPECIFIED.,.F.,.F.,.F.)
B_SPLINE_SURFACE_WITH_KNOTS((4,1,4),(3,3),(5.52524592960642,5.90421561839301,
6.28318530717959),(0.,1.),.UNSPECIFIED.)
GEOMETRIC_REPRESENTATION_ITEM()
RATIONAL_B_SPLINE_SURFACE(((1.,0.858066143847542,1.),(1.,0.821316997678882,
1.),(1.,0.743682643406134,1.),(1.,0.707106781189436,1.),(1.,0.707106781186547,
1.)))
REPRESENTATION_ITEM('')
SURFACE()
);
#13=(
BOUNDED_SURFACE()
B_SPLINE_SURFACE(3,2,((#2179,#2180,#2181),(#2182,#2183,#2184),(#2185,#2186,
#2187),(#2188,#2189,#2190),(#2191,#2192,#2193)),.UNSPECIFIED.,.F.,.F.,.F.)
B_SPLINE_SURFACE_WITH_KNOTS((4,1,4),(3,3),(2.38365327601663,2.76262296480321,
3.14159265358979),(0.,1.),.UNSPECIFIED.)
GEOMETRIC_REPRESENTATION_ITEM()
RATIONAL_B_SPLINE_SURFACE(((1.,0.858066143847542,1.),(1.,0.821316997679324,
1.),(1.,0.743682643405913,1.),(1.,0.707106781189436,1.),(1.,0.707106781186547,
1.)))
REPRESENTATION_ITEM('')
SURFACE()
);
#14=(
BOUNDED_SURFACE()
B_SPLINE_SURFACE(3,2,((#2194,#2195,#2196),(#2197,#2198,#2199),(#2200,#2201,
#2202),(#2203,#2204,#2205),(#2206,#2207,#2208)),.UNSPECIFIED.,.F.,.F.,.F.)
B_SPLINE_SURFACE_WITH_KNOTS((4,1,4),(3,3),(2.38365327601663,2.76262296480321,
3.14159265358979),(0.,1.),.UNSPECIFIED.)
GEOMETRIC_REPRESENTATION_ITEM()
RATIONAL_B_SPLINE_SURFACE(((1.,0.858066143847542,1.),(1.,0.821316997679528,
1.),(1.,0.743682643405811,1.),(1.,0.707106781189436,1.),(1.,0.707106781186547,
1.)))
REPRESENTATION_ITEM('')
SURFACE()
);
#15=(
BOUNDED_SURFACE()
B_SPLINE_SURFACE(3,2,((#2209,#2210,#2211),(#2212,#2213,#2214),(#2215,#2216,
#2217),(#2218,#2219,#2220),(#2221,#2222,#2223)),.UNSPECIFIED.,.F.,.F.,.F.)
B_SPLINE_SURFACE_WITH_KNOTS((4,1,4),(3,3),(5.52524592960642,5.90421561839301,
6.28318530717959),(0.,1.),.UNSPECIFIED.)
GEOMETRIC_REPRESENTATION_ITEM()
RATIONAL_B_SPLINE_SURFACE(((1.,0.858066143847542,1.),(1.,0.821316997678746,
1.),(1.,0.743682643406202,1.),(1.,0.707106781189436,1.),(1.,0.707106781186547,
1.)))
REPRESENTATION_ITEM('')
SURFACE()
);
#16=TOROIDAL_SURFACE('',#1295,0.0215,0.001);
#17=TOROIDAL_SURFACE('',#1300,0.01615,0.003);
#18=ELLIPSE('',#1284,0.0295894574975427,0.0225);
#19=ELLIPSE('',#1285,0.0295894574975427,0.0225);
#20=ELLIPSE('',#1306,0.005,0.003);
#21=ELLIPSE('',#1308,0.005,0.003);
#22=ELLIPSE('',#1310,0.005,0.003);
#23=ELLIPSE('',#1311,0.005,0.003);
#24=ELLIPSE('',#1313,0.005,0.003);
#25=ELLIPSE('',#1315,0.005,0.003);
#26=ELLIPSE('',#1317,0.005,0.003);
#27=ELLIPSE('',#1318,0.005,0.003);
#28=B_SPLINE_CURVE_WITH_KNOTS('',3,(#1755,#1756,#1757,#1758,#1759),
 .UNSPECIFIED.,.F.,.F.,(4,1,4),(0.,0.0017221613602286,0.00344432272045721),
 .UNSPECIFIED.);
#29=B_SPLINE_CURVE_WITH_KNOTS('',3,(#1765,#1766,#1767,#1768,#1769),
 .UNSPECIFIED.,.F.,.F.,(4,1,4),(0.,0.0017221613602286,0.00344432272045721),
 .UNSPECIFIED.);
#30=B_SPLINE_CURVE_WITH_KNOTS('',3,(#1771,#1772,#1773,#1774,#1775),
 .UNSPECIFIED.,.F.,.F.,(4,1,4),(0.,0.0017221613602286,0.00344432272045721),
 .UNSPECIFIED.);
#31=B_SPLINE_CURVE_WITH_KNOTS('',3,(#1780,#1781,#1782,#1783,#1784),
 .UNSPECIFIED.,.F.,.F.,(4,1,4),(0.,0.0017221613602286,0.00344432272045721),
 .UNSPECIFIED.);
#32=B_SPLINE_CURVE_WITH_KNOTS('',3,(#1787,#1788,#1789,#1790,#1791),
 .UNSPECIFIED.,.F.,.F.,(4,1,4),(0.,0.0017221613602286,0.00344432272045721),
 .UNSPECIFIED.);
#33=B_SPLINE_CURVE_WITH_KNOTS('',3,(#1800,#1801,#1802,#1803,#1804),
 .UNSPECIFIED.,.F.,.F.,(4,1,4),(0.,0.0017221613602286,0.00344432272045721),
 .UNSPECIFIED.);
#34=B_SPLINE_CURVE_WITH_KNOTS('',3,(#1805,#1806,#1807,#1808,#1809),
 .UNSPECIFIED.,.F.,.F.,(4,1,4),(0.,0.0017221613602286,0.00344432272045721),
 .UNSPECIFIED.);
#35=B_SPLINE_CURVE_WITH_KNOTS('',3,(#1814,#1815,#1816,#1817,#1818),
 .UNSPECIFIED.,.F.,.F.,(4,1,4),(0.,0.0017221613602286,0.00344432272045721),
 .UNSPECIFIED.);
#36=B_SPLINE_CURVE_WITH_KNOTS('',3,(#1896,#1897,#1898,#1899,#1900,#1901,
#1902,#1903,#1904,#1905,#1906),.UNSPECIFIED.,.T.,.F.,(1,1,1,1,1,1,1,1,1,
1,1,1,1,1,1),(-0.00386984169424434,-0.00257989446282956,-0.00128994723141478,
6.88008909362922E-20,0.00128994723141478,0.00257989446282956,0.00386984169424434,
0.00515978892565913,0.00644973615707391,0.00773968338848869,0.00902963061990347,
0.0103195778513183,0.011609525082733,0.0128994723141478,0.0141894195455626),
 .UNSPECIFIED.);
#37=B_SPLINE_CURVE_WITH_KNOTS('',3,(#1908,#1909,#1910,#1911,#1912,#1913,
#1914,#1915,#1916,#1917,#1918),.UNSPECIFIED.,.T.,.F.,(1,1,1,1,1,1,1,1,1,
1,1,1,1,1,1),(-0.00386984169424435,-0.00257989446282956,-0.00128994723141478,
1.77346658796357E-19,0.00128994723141478,0.00257989446282956,0.00386984169424435,
0.00515978892565913,0.00644973615707391,0.00773968338848869,0.00902963061990348,
0.0103195778513183,0.011609525082733,0.0128994723141478,0.0141894195455626),
 .UNSPECIFIED.);
#38=B_SPLINE_CURVE_WITH_KNOTS('',3,(#1920,#1921,#1922,#1923,#1924,#1925,
#1926,#1927,#1928,#1929,#1930),.UNSPECIFIED.,.T.,.F.,(1,1,1,1,1,1,1,1,1,
1,1,1,1,1,1),(-0.00351783439228727,-0.00234522292819151,-0.00117261146409576,
8.12951333573682E-20,0.00117261146409576,0.00234522292819151,0.00351783439228727,
0.00469044585638302,0.00586305732047878,0.00703566878457454,0.00820828024867029,
0.00938089171276605,0.0105535031768618,0.0117261146409576,0.0128987261050533),
 .UNSPECIFIED.);
#39=B_SPLINE_CURVE_WITH_KNOTS('',3,(#1932,#1933,#1934,#1935,#1936,#1937,
#1938,#1939,#1940,#1941,#1942),.UNSPECIFIED.,.T.,.F.,(1,1,1,1,1,1,1,1,1,
1,1,1,1,1,1),(-0.00351783439228727,-0.00234522292819151,-0.00117261146409576,
8.12951333573682E-20,0.00117261146409576,0.00234522292819151,0.00351783439228727,
0.00469044585638302,0.00586305732047878,0.00703566878457454,0.00820828024867029,
0.00938089171276605,0.0105535031768618,0.0117261146409576,0.0128987261050533),
 .UNSPECIFIED.);
#40=B_SPLINE_CURVE_WITH_KNOTS('',3,(#1946,#1947,#1948,#1949,#1950),
 .UNSPECIFIED.,.F.,.F.,(4,1,4),(0.,0.00146715157742328,0.00293430315484655),
 .UNSPECIFIED.);
#41=B_SPLINE_CURVE_WITH_KNOTS('',3,(#1952,#1953,#1954,#1955,#1956),
 .UNSPECIFIED.,.F.,.F.,(4,1,4),(0.,0.000593820716566213,0.00118764143313243),
 .UNSPECIFIED.);
#42=B_SPLINE_CURVE_WITH_KNOTS('',3,(#1958,#1959,#1960,#1961,#1962,#1963),
 .UNSPECIFIED.,.F.,.F.,(4,1,1,4),(0.000715416115256527,0.0022790477119527,
0.00384267930864888,0.00696994250204123),.UNSPECIFIED.);
#43=B_SPLINE_CURVE_WITH_KNOTS('',3,(#1964,#1965,#1966,#1967,#1968),
 .UNSPECIFIED.,.F.,.F.,(4,1,4),(0.,0.00312639761036057,0.00625279522072114),
 .UNSPECIFIED.);
#44=B_SPLINE_CURVE_WITH_KNOTS('',3,(#1970,#1971,#1972,#1973,#1974),
 .UNSPECIFIED.,.F.,.F.,(4,1,4),(0.,0.000595207232579347,0.00119041446515869),
 .UNSPECIFIED.);
#45=B_SPLINE_CURVE_WITH_KNOTS('',3,(#1976,#1977,#1978,#1979),
 .UNSPECIFIED.,.F.,.F.,(4,4),(0.00081052050239796,0.00374183042546316),
 .UNSPECIFIED.);
#46=B_SPLINE_CURVE_WITH_KNOTS('',3,(#1981,#1982,#1983,#1984,#1985),
 .UNSPECIFIED.,.F.,.F.,(4,1,4),(0.,0.00146715157742328,0.00293430315484656),
 .UNSPECIFIED.);
#47=B_SPLINE_CURVE_WITH_KNOTS('',3,(#1987,#1988,#1989,#1990,#1991),
 .UNSPECIFIED.,.F.,.F.,(4,1,4),(0.,0.000593820716566203,0.00118764143313241),
 .UNSPECIFIED.);
#48=B_SPLINE_CURVE_WITH_KNOTS('',3,(#1993,#1994,#1995,#1996,#1997,#1998),
 .UNSPECIFIED.,.F.,.F.,(4,1,1,4),(0.000715416115256522,0.0022790477119527,
0.00384267930864887,0.00696994250204123),.UNSPECIFIED.);
#49=B_SPLINE_CURVE_WITH_KNOTS('',3,(#1999,#2000,#2001,#2002,#2003),
 .UNSPECIFIED.,.F.,.F.,(4,1,4),(0.,0.00312639761036057,0.00625279522072114),
 .UNSPECIFIED.);
#50=B_SPLINE_CURVE_WITH_KNOTS('',3,(#2005,#2006,#2007,#2008,#2009),
 .UNSPECIFIED.,.F.,.F.,(4,1,4),(0.,0.000595207232579347,0.00119041446515869),
 .UNSPECIFIED.);
#51=B_SPLINE_CURVE_WITH_KNOTS('',3,(#2011,#2012,#2013,#2014),
 .UNSPECIFIED.,.F.,.F.,(4,4),(0.00081052050239796,0.00374183042546316),
 .UNSPECIFIED.);
#52=B_SPLINE_CURVE_WITH_KNOTS('',3,(#2019,#2020,#2021,#2022,#2023,#2024,
#2025,#2026,#2027,#2028,#2029),.UNSPECIFIED.,.T.,.F.,(1,1,1,1,1,1,1,1,1,
1,1,1,1,1,1),(-0.00351820323312026,-0.00234546882208018,-0.00117273441104009,
1.00801858642844E-20,0.00117273441104009,0.00234546882208018,0.00351820323312026,
0.00469093764416035,0.00586367205520044,0.00703640646624053,0.00820914087728062,
0.00938187528832071,0.0105546096993608,0.0117273441104009,0.012900078521441),
 .UNSPECIFIED.);
#53=B_SPLINE_CURVE_WITH_KNOTS('',3,(#2031,#2032,#2033,#2034,#2035,#2036,
#2037,#2038,#2039,#2040,#2041),.UNSPECIFIED.,.T.,.F.,(1,1,1,1,1,1,1,1,1,
1,1,1,1,1,1),(-0.00351820323312026,-0.00234546882208018,-0.00117273441104009,
1.00801858642844E-20,0.00117273441104009,0.00234546882208018,0.00351820323312026,
0.00469093764416035,0.00586367205520044,0.00703640646624053,0.00820914087728062,
0.00938187528832071,0.0105546096993608,0.0117273441104009,0.012900078521441),
 .UNSPECIFIED.);
#54=B_SPLINE_CURVE_WITH_KNOTS('',3,(#2043,#2044,#2045,#2046,#2047,#2048,
#2049,#2050,#2051,#2052,#2053),.UNSPECIFIED.,.T.,.F.,(1,1,1,1,1,1,1,1,1,
1,1,1,1,1,1),(-0.00387033310946103,-0.00258022207297402,-0.00129011103648701,
4.17709242004939E-20,0.00129011103648701,0.00258022207297402,0.00387033310946103,
0.00516044414594804,0.00645055518243505,0.00774066621892206,0.00903077725540906,
0.0103208882918961,0.0116109993283831,0.0129011103648701,0.0141912214013571),
 .UNSPECIFIED.);
#55=B_SPLINE_CURVE_WITH_KNOTS('',3,(#2055,#2056,#2057,#2058,#2059,#2060,
#2061,#2062,#2063,#2064,#2065),.UNSPECIFIED.,.T.,.F.,(1,1,1,1,1,1,1,1,1,
1,1,1,1,1,1),(-0.00387033310946103,-0.00258022207297402,-0.00129011103648701,
8.87451531163565E-21,0.00129011103648701,0.00258022207297402,0.00387033310946102,
0.00516044414594803,0.00645055518243504,0.00774066621892205,0.00903077725540906,
0.0103208882918961,0.0116109993283831,0.0129011103648701,0.0141912214013571),
 .UNSPECIFIED.);
#56=CYLINDRICAL_SURFACE('',#1248,0.001);
#57=CYLINDRICAL_SURFACE('',#1250,0.001);
#58=CYLINDRICAL_SURFACE('',#1251,0.001);
#59=CYLINDRICAL_SURFACE('',#1253,0.001);
#60=CYLINDRICAL_SURFACE('',#1255,0.001);
#61=CYLINDRICAL_SURFACE('',#1256,0.001);
#62=CYLINDRICAL_SURFACE('',#1261,0.00165);
#63=CYLINDRICAL_SURFACE('',#1263,0.00165);
#64=CYLINDRICAL_SURFACE('',#1268,0.00165);
#65=CYLINDRICAL_SURFACE('',#1270,0.00165);
#66=CYLINDRICAL_SURFACE('',#1282,0.0225);
#67=CYLINDRICAL_SURFACE('',#1286,0.01915);
#68=CYLINDRICAL_SURFACE('',#1291,0.00165);
#69=CYLINDRICAL_SURFACE('',#1292,0.00165);
#70=CYLINDRICAL_SURFACE('',#1293,0.0015);
#71=CYLINDRICAL_SURFACE('',#1294,0.0015);
#72=CYLINDRICAL_SURFACE('',#1299,0.006);
#73=CYLINDRICAL_SURFACE('',#1305,0.003);
#74=CYLINDRICAL_SURFACE('',#1307,0.003);
#75=CYLINDRICAL_SURFACE('',#1309,0.003);
#76=CYLINDRICAL_SURFACE('',#1312,0.003);
#77=CYLINDRICAL_SURFACE('',#1314,0.003);
#78=CYLINDRICAL_SURFACE('',#1316,0.003);
#79=CYLINDRICAL_SURFACE('',#1333,0.003);
#80=CYLINDRICAL_SURFACE('',#1336,0.003);
#81=CYLINDRICAL_SURFACE('',#1339,0.0052);
#82=CYLINDRICAL_SURFACE('',#1340,0.0052);
#83=CYLINDRICAL_SURFACE('',#1341,0.0052);
#84=CYLINDRICAL_SURFACE('',#1342,0.0052);
#85=CIRCLE('',#1225,0.0052);
#86=CIRCLE('',#1226,0.003);
#87=CIRCLE('',#1228,0.0052);
#88=CIRCLE('',#1229,0.003);
#89=CIRCLE('',#1231,0.00165);
#90=CIRCLE('',#1232,0.00165);
#91=CIRCLE('',#1233,0.0052);
#92=CIRCLE('',#1234,0.0052);
#93=CIRCLE('',#1235,0.003);
#94=CIRCLE('',#1236,0.003);
#95=CIRCLE('',#1238,0.00165);
#96=CIRCLE('',#1239,0.00165);
#97=CIRCLE('',#1240,0.0052);
#98=CIRCLE('',#1241,0.003);
#99=CIRCLE('',#1242,0.003);
#100=CIRCLE('',#1243,0.0052);
#101=CIRCLE('',#1249,0.001);
#102=CIRCLE('',#1252,0.001);
#103=CIRCLE('',#1254,0.001);
#104=CIRCLE('',#1257,0.001);
#105=CIRCLE('',#1259,0.003);
#106=CIRCLE('',#1260,0.003);
#107=CIRCLE('',#1262,0.00165);
#108=CIRCLE('',#1264,0.00165);
#109=CIRCLE('',#1266,0.0052);
#110=CIRCLE('',#1267,0.0052);
#111=CIRCLE('',#1269,0.00165);
#112=CIRCLE('',#1271,0.00165);
#113=CIRCLE('',#1273,0.0225);
#114=CIRCLE('',#1275,0.0225);
#115=CIRCLE('',#1277,0.0225);
#116=CIRCLE('',#1278,0.0225);
#117=CIRCLE('',#1279,0.0225);
#118=CIRCLE('',#1280,0.0225);
#119=CIRCLE('',#1281,0.006);
#120=CIRCLE('',#1283,0.0225);
#121=CIRCLE('',#1287,0.01915);
#122=CIRCLE('',#1288,0.01915);
#123=CIRCLE('',#1290,0.0215);
#124=CIRCLE('',#1297,0.01615);
#125=CIRCLE('',#1298,0.006);
#126=CIRCLE('',#1334,0.003);
#127=CIRCLE('',#1337,0.003);
#128=ORIENTED_EDGE('',*,*,#454,.T.);
#129=ORIENTED_EDGE('',*,*,#455,.T.);
#130=ORIENTED_EDGE('',*,*,#456,.T.);
#131=ORIENTED_EDGE('',*,*,#457,.T.);
#132=ORIENTED_EDGE('',*,*,#458,.T.);
#133=ORIENTED_EDGE('',*,*,#459,.T.);
#134=ORIENTED_EDGE('',*,*,#460,.T.);
#135=ORIENTED_EDGE('',*,*,#461,.T.);
#136=ORIENTED_EDGE('',*,*,#462,.T.);
#137=ORIENTED_EDGE('',*,*,#463,.F.);
#138=ORIENTED_EDGE('',*,*,#464,.F.);
#139=ORIENTED_EDGE('',*,*,#465,.T.);
#140=ORIENTED_EDGE('',*,*,#466,.F.);
#141=ORIENTED_EDGE('',*,*,#467,.T.);
#142=ORIENTED_EDGE('',*,*,#468,.T.);
#143=ORIENTED_EDGE('',*,*,#469,.T.);
#144=ORIENTED_EDGE('',*,*,#470,.T.);
#145=ORIENTED_EDGE('',*,*,#471,.T.);
#146=ORIENTED_EDGE('',*,*,#472,.F.);
#147=ORIENTED_EDGE('',*,*,#473,.T.);
#148=ORIENTED_EDGE('',*,*,#474,.F.);
#149=ORIENTED_EDGE('',*,*,#475,.T.);
#150=ORIENTED_EDGE('',*,*,#476,.T.);
#151=ORIENTED_EDGE('',*,*,#477,.T.);
#152=ORIENTED_EDGE('',*,*,#478,.T.);
#153=ORIENTED_EDGE('',*,*,#479,.T.);
#154=ORIENTED_EDGE('',*,*,#480,.F.);
#155=ORIENTED_EDGE('',*,*,#481,.T.);
#156=ORIENTED_EDGE('',*,*,#482,.F.);
#157=ORIENTED_EDGE('',*,*,#483,.T.);
#158=ORIENTED_EDGE('',*,*,#484,.F.);
#159=ORIENTED_EDGE('',*,*,#485,.T.);
#160=ORIENTED_EDGE('',*,*,#486,.T.);
#161=ORIENTED_EDGE('',*,*,#468,.F.);
#162=ORIENTED_EDGE('',*,*,#487,.F.);
#163=ORIENTED_EDGE('',*,*,#482,.T.);
#164=ORIENTED_EDGE('',*,*,#488,.T.);
#165=ORIENTED_EDGE('',*,*,#489,.T.);
#166=ORIENTED_EDGE('',*,*,#478,.F.);
#167=ORIENTED_EDGE('',*,*,#490,.T.);
#168=ORIENTED_EDGE('',*,*,#491,.T.);
#169=ORIENTED_EDGE('',*,*,#492,.T.);
#170=ORIENTED_EDGE('',*,*,#493,.F.);
#171=ORIENTED_EDGE('',*,*,#476,.F.);
#172=ORIENTED_EDGE('',*,*,#494,.T.);
#173=ORIENTED_EDGE('',*,*,#495,.T.);
#174=ORIENTED_EDGE('',*,*,#461,.F.);
#175=ORIENTED_EDGE('',*,*,#496,.T.);
#176=ORIENTED_EDGE('',*,*,#497,.F.);
#177=ORIENTED_EDGE('',*,*,#498,.T.);
#178=ORIENTED_EDGE('',*,*,#485,.F.);
#179=ORIENTED_EDGE('',*,*,#499,.T.);
#180=ORIENTED_EDGE('',*,*,#459,.F.);
#181=ORIENTED_EDGE('',*,*,#500,.F.);
#182=ORIENTED_EDGE('',*,*,#456,.F.);
#183=ORIENTED_EDGE('',*,*,#501,.T.);
#184=ORIENTED_EDGE('',*,*,#502,.F.);
#185=ORIENTED_EDGE('',*,*,#503,.T.);
#186=ORIENTED_EDGE('',*,*,#454,.F.);
#187=ORIENTED_EDGE('',*,*,#504,.F.);
#188=ORIENTED_EDGE('',*,*,#491,.F.);
#189=ORIENTED_EDGE('',*,*,#505,.T.);
#190=ORIENTED_EDGE('',*,*,#506,.F.);
#191=ORIENTED_EDGE('',*,*,#507,.T.);
#192=ORIENTED_EDGE('',*,*,#508,.F.);
#193=ORIENTED_EDGE('',*,*,#509,.T.);
#194=ORIENTED_EDGE('',*,*,#495,.F.);
#195=ORIENTED_EDGE('',*,*,#510,.T.);
#196=ORIENTED_EDGE('',*,*,#511,.F.);
#197=ORIENTED_EDGE('',*,*,#512,.T.);
#198=ORIENTED_EDGE('',*,*,#489,.F.);
#199=ORIENTED_EDGE('',*,*,#513,.F.);
#200=ORIENTED_EDGE('',*,*,#514,.T.);
#201=ORIENTED_EDGE('',*,*,#500,.T.);
#202=ORIENTED_EDGE('',*,*,#515,.F.);
#203=ORIENTED_EDGE('',*,*,#516,.T.);
#204=ORIENTED_EDGE('',*,*,#464,.T.);
#205=ORIENTED_EDGE('',*,*,#517,.T.);
#206=ORIENTED_EDGE('',*,*,#465,.F.);
#207=ORIENTED_EDGE('',*,*,#518,.F.);
#208=ORIENTED_EDGE('',*,*,#506,.T.);
#209=ORIENTED_EDGE('',*,*,#519,.T.);
#210=ORIENTED_EDGE('',*,*,#508,.T.);
#211=ORIENTED_EDGE('',*,*,#520,.T.);
#212=ORIENTED_EDGE('',*,*,#511,.T.);
#213=ORIENTED_EDGE('',*,*,#521,.T.);
#214=ORIENTED_EDGE('',*,*,#522,.T.);
#215=ORIENTED_EDGE('',*,*,#523,.T.);
#216=ORIENTED_EDGE('',*,*,#524,.T.);
#217=ORIENTED_EDGE('',*,*,#525,.T.);
#218=ORIENTED_EDGE('',*,*,#526,.T.);
#219=ORIENTED_EDGE('',*,*,#527,.T.);
#220=ORIENTED_EDGE('',*,*,#528,.F.);
#221=ORIENTED_EDGE('',*,*,#529,.F.);
#222=ORIENTED_EDGE('',*,*,#530,.F.);
#223=ORIENTED_EDGE('',*,*,#531,.F.);
#224=ORIENTED_EDGE('',*,*,#532,.F.);
#225=ORIENTED_EDGE('',*,*,#533,.F.);
#226=ORIENTED_EDGE('',*,*,#474,.T.);
#227=ORIENTED_EDGE('',*,*,#534,.F.);
#228=ORIENTED_EDGE('',*,*,#475,.F.);
#229=ORIENTED_EDGE('',*,*,#535,.T.);
#230=ORIENTED_EDGE('',*,*,#536,.F.);
#231=ORIENTED_EDGE('',*,*,#537,.T.);
#232=ORIENTED_EDGE('',*,*,#538,.F.);
#233=ORIENTED_EDGE('',*,*,#539,.T.);
#234=ORIENTED_EDGE('',*,*,#472,.T.);
#235=ORIENTED_EDGE('',*,*,#540,.T.);
#236=ORIENTED_EDGE('',*,*,#541,.F.);
#237=ORIENTED_EDGE('',*,*,#542,.F.);
#238=ORIENTED_EDGE('',*,*,#543,.F.);
#239=ORIENTED_EDGE('',*,*,#544,.T.);
#240=ORIENTED_EDGE('',*,*,#480,.T.);
#241=ORIENTED_EDGE('',*,*,#545,.T.);
#242=ORIENTED_EDGE('',*,*,#546,.F.);
#243=ORIENTED_EDGE('',*,*,#547,.T.);
#244=ORIENTED_EDGE('',*,*,#548,.F.);
#245=ORIENTED_EDGE('',*,*,#549,.T.);
#246=ORIENTED_EDGE('',*,*,#550,.F.);
#247=ORIENTED_EDGE('',*,*,#551,.T.);
#248=ORIENTED_EDGE('',*,*,#552,.T.);
#249=ORIENTED_EDGE('',*,*,#553,.T.);
#250=ORIENTED_EDGE('',*,*,#554,.T.);
#251=ORIENTED_EDGE('',*,*,#555,.T.);
#252=ORIENTED_EDGE('',*,*,#556,.T.);
#253=ORIENTED_EDGE('',*,*,#557,.T.);
#254=ORIENTED_EDGE('',*,*,#558,.T.);
#255=ORIENTED_EDGE('',*,*,#536,.T.);
#256=ORIENTED_EDGE('',*,*,#559,.T.);
#257=ORIENTED_EDGE('',*,*,#560,.T.);
#258=ORIENTED_EDGE('',*,*,#561,.T.);
#259=ORIENTED_EDGE('',*,*,#548,.T.);
#260=ORIENTED_EDGE('',*,*,#562,.F.);
#261=ORIENTED_EDGE('',*,*,#546,.T.);
#262=ORIENTED_EDGE('',*,*,#563,.T.);
#263=ORIENTED_EDGE('',*,*,#564,.T.);
#264=ORIENTED_EDGE('',*,*,#565,.T.);
#265=ORIENTED_EDGE('',*,*,#538,.T.);
#266=ORIENTED_EDGE('',*,*,#566,.T.);
#267=ORIENTED_EDGE('',*,*,#567,.T.);
#268=ORIENTED_EDGE('',*,*,#568,.T.);
#269=ORIENTED_EDGE('',*,*,#543,.T.);
#270=ORIENTED_EDGE('',*,*,#569,.T.);
#271=ORIENTED_EDGE('',*,*,#541,.T.);
#272=ORIENTED_EDGE('',*,*,#570,.T.);
#273=ORIENTED_EDGE('',*,*,#571,.F.);
#274=ORIENTED_EDGE('',*,*,#572,.F.);
#275=ORIENTED_EDGE('',*,*,#573,.F.);
#276=ORIENTED_EDGE('',*,*,#574,.F.);
#277=ORIENTED_EDGE('',*,*,#575,.T.);
#278=ORIENTED_EDGE('',*,*,#576,.T.);
#279=ORIENTED_EDGE('',*,*,#575,.F.);
#280=ORIENTED_EDGE('',*,*,#574,.T.);
#281=ORIENTED_EDGE('',*,*,#551,.F.);
#282=ORIENTED_EDGE('',*,*,#573,.T.);
#283=ORIENTED_EDGE('',*,*,#552,.F.);
#284=ORIENTED_EDGE('',*,*,#572,.T.);
#285=ORIENTED_EDGE('',*,*,#553,.F.);
#286=ORIENTED_EDGE('',*,*,#571,.T.);
#287=ORIENTED_EDGE('',*,*,#554,.F.);
#288=ORIENTED_EDGE('',*,*,#555,.F.);
#289=ORIENTED_EDGE('',*,*,#576,.F.);
#290=ORIENTED_EDGE('',*,*,#577,.T.);
#291=ORIENTED_EDGE('',*,*,#578,.T.);
#292=ORIENTED_EDGE('',*,*,#550,.T.);
#293=ORIENTED_EDGE('',*,*,#578,.F.);
#294=ORIENTED_EDGE('',*,*,#570,.F.);
#295=ORIENTED_EDGE('',*,*,#577,.F.);
#296=ORIENTED_EDGE('',*,*,#562,.T.);
#297=ORIENTED_EDGE('',*,*,#547,.F.);
#298=ORIENTED_EDGE('',*,*,#542,.T.);
#299=ORIENTED_EDGE('',*,*,#569,.F.);
#300=ORIENTED_EDGE('',*,*,#497,.T.);
#301=ORIENTED_EDGE('',*,*,#579,.T.);
#302=ORIENTED_EDGE('',*,*,#466,.T.);
#303=ORIENTED_EDGE('',*,*,#580,.T.);
#304=ORIENTED_EDGE('',*,*,#581,.F.);
#305=ORIENTED_EDGE('',*,*,#502,.T.);
#306=ORIENTED_EDGE('',*,*,#582,.T.);
#307=ORIENTED_EDGE('',*,*,#470,.F.);
#308=ORIENTED_EDGE('',*,*,#582,.F.);
#309=ORIENTED_EDGE('',*,*,#583,.T.);
#310=ORIENTED_EDGE('',*,*,#556,.F.);
#311=ORIENTED_EDGE('',*,*,#540,.F.);
#312=ORIENTED_EDGE('',*,*,#471,.F.);
#313=ORIENTED_EDGE('',*,*,#561,.F.);
#314=ORIENTED_EDGE('',*,*,#584,.T.);
#315=ORIENTED_EDGE('',*,*,#580,.F.);
#316=ORIENTED_EDGE('',*,*,#473,.F.);
#317=ORIENTED_EDGE('',*,*,#549,.F.);
#318=ORIENTED_EDGE('',*,*,#558,.F.);
#319=ORIENTED_EDGE('',*,*,#585,.T.);
#320=ORIENTED_EDGE('',*,*,#458,.F.);
#321=ORIENTED_EDGE('',*,*,#516,.F.);
#322=ORIENTED_EDGE('',*,*,#462,.F.);
#323=ORIENTED_EDGE('',*,*,#586,.T.);
#324=ORIENTED_EDGE('',*,*,#559,.F.);
#325=ORIENTED_EDGE('',*,*,#537,.F.);
#326=ORIENTED_EDGE('',*,*,#568,.F.);
#327=ORIENTED_EDGE('',*,*,#587,.T.);
#328=ORIENTED_EDGE('',*,*,#488,.F.);
#329=ORIENTED_EDGE('',*,*,#481,.F.);
#330=ORIENTED_EDGE('',*,*,#544,.F.);
#331=ORIENTED_EDGE('',*,*,#492,.F.);
#332=ORIENTED_EDGE('',*,*,#588,.T.);
#333=ORIENTED_EDGE('',*,*,#563,.F.);
#334=ORIENTED_EDGE('',*,*,#545,.F.);
#335=ORIENTED_EDGE('',*,*,#479,.F.);
#336=ORIENTED_EDGE('',*,*,#521,.F.);
#337=ORIENTED_EDGE('',*,*,#589,.T.);
#338=ORIENTED_EDGE('',*,*,#566,.F.);
#339=ORIENTED_EDGE('',*,*,#539,.F.);
#340=ORIENTED_EDGE('',*,*,#565,.F.);
#341=ORIENTED_EDGE('',*,*,#590,.T.);
#342=ORIENTED_EDGE('',*,*,#591,.F.);
#343=ORIENTED_EDGE('',*,*,#592,.F.);
#344=ORIENTED_EDGE('',*,*,#593,.T.);
#345=ORIENTED_EDGE('',*,*,#523,.F.);
#346=ORIENTED_EDGE('',*,*,#594,.F.);
#347=ORIENTED_EDGE('',*,*,#595,.F.);
#348=ORIENTED_EDGE('',*,*,#591,.T.);
#349=ORIENTED_EDGE('',*,*,#522,.F.);
#350=ORIENTED_EDGE('',*,*,#596,.F.);
#351=ORIENTED_EDGE('',*,*,#597,.F.);
#352=ORIENTED_EDGE('',*,*,#594,.T.);
#353=ORIENTED_EDGE('',*,*,#527,.F.);
#354=ORIENTED_EDGE('',*,*,#598,.F.);
#355=ORIENTED_EDGE('',*,*,#599,.F.);
#356=ORIENTED_EDGE('',*,*,#596,.T.);
#357=ORIENTED_EDGE('',*,*,#526,.F.);
#358=ORIENTED_EDGE('',*,*,#600,.F.);
#359=ORIENTED_EDGE('',*,*,#601,.F.);
#360=ORIENTED_EDGE('',*,*,#598,.T.);
#361=ORIENTED_EDGE('',*,*,#525,.F.);
#362=ORIENTED_EDGE('',*,*,#593,.F.);
#363=ORIENTED_EDGE('',*,*,#602,.F.);
#364=ORIENTED_EDGE('',*,*,#600,.T.);
#365=ORIENTED_EDGE('',*,*,#524,.F.);
#366=ORIENTED_EDGE('',*,*,#535,.F.);
#367=ORIENTED_EDGE('',*,*,#592,.T.);
#368=ORIENTED_EDGE('',*,*,#595,.T.);
#369=ORIENTED_EDGE('',*,*,#597,.T.);
#370=ORIENTED_EDGE('',*,*,#599,.T.);
#371=ORIENTED_EDGE('',*,*,#601,.T.);
#372=ORIENTED_EDGE('',*,*,#602,.T.);
#373=ORIENTED_EDGE('',*,*,#528,.T.);
#374=ORIENTED_EDGE('',*,*,#603,.F.);
#375=ORIENTED_EDGE('',*,*,#604,.T.);
#376=ORIENTED_EDGE('',*,*,#605,.T.);
#377=ORIENTED_EDGE('',*,*,#533,.T.);
#378=ORIENTED_EDGE('',*,*,#606,.F.);
#379=ORIENTED_EDGE('',*,*,#607,.T.);
#380=ORIENTED_EDGE('',*,*,#603,.T.);
#381=ORIENTED_EDGE('',*,*,#532,.T.);
#382=ORIENTED_EDGE('',*,*,#608,.F.);
#383=ORIENTED_EDGE('',*,*,#609,.T.);
#384=ORIENTED_EDGE('',*,*,#606,.T.);
#385=ORIENTED_EDGE('',*,*,#531,.T.);
#386=ORIENTED_EDGE('',*,*,#610,.F.);
#387=ORIENTED_EDGE('',*,*,#611,.T.);
#388=ORIENTED_EDGE('',*,*,#608,.T.);
#389=ORIENTED_EDGE('',*,*,#530,.T.);
#390=ORIENTED_EDGE('',*,*,#612,.F.);
#391=ORIENTED_EDGE('',*,*,#613,.T.);
#392=ORIENTED_EDGE('',*,*,#610,.T.);
#393=ORIENTED_EDGE('',*,*,#529,.T.);
#394=ORIENTED_EDGE('',*,*,#605,.F.);
#395=ORIENTED_EDGE('',*,*,#614,.T.);
#396=ORIENTED_EDGE('',*,*,#612,.T.);
#397=ORIENTED_EDGE('',*,*,#604,.F.);
#398=ORIENTED_EDGE('',*,*,#607,.F.);
#399=ORIENTED_EDGE('',*,*,#609,.F.);
#400=ORIENTED_EDGE('',*,*,#611,.F.);
#401=ORIENTED_EDGE('',*,*,#613,.F.);
#402=ORIENTED_EDGE('',*,*,#614,.F.);
#403=ORIENTED_EDGE('',*,*,#534,.T.);
#404=ORIENTED_EDGE('',*,*,#514,.F.);
#405=ORIENTED_EDGE('',*,*,#457,.F.);
#406=ORIENTED_EDGE('',*,*,#615,.T.);
#407=ORIENTED_EDGE('',*,*,#615,.F.);
#408=ORIENTED_EDGE('',*,*,#518,.T.);
#409=ORIENTED_EDGE('',*,*,#515,.T.);
#410=ORIENTED_EDGE('',*,*,#463,.T.);
#411=ORIENTED_EDGE('',*,*,#616,.F.);
#412=ORIENTED_EDGE('',*,*,#517,.F.);
#413=ORIENTED_EDGE('',*,*,#616,.T.);
#414=ORIENTED_EDGE('',*,*,#560,.F.);
#415=ORIENTED_EDGE('',*,*,#586,.F.);
#416=ORIENTED_EDGE('',*,*,#498,.F.);
#417=ORIENTED_EDGE('',*,*,#584,.F.);
#418=ORIENTED_EDGE('',*,*,#557,.F.);
#419=ORIENTED_EDGE('',*,*,#583,.F.);
#420=ORIENTED_EDGE('',*,*,#504,.T.);
#421=ORIENTED_EDGE('',*,*,#585,.F.);
#422=ORIENTED_EDGE('',*,*,#564,.F.);
#423=ORIENTED_EDGE('',*,*,#588,.F.);
#424=ORIENTED_EDGE('',*,*,#507,.F.);
#425=ORIENTED_EDGE('',*,*,#590,.F.);
#426=ORIENTED_EDGE('',*,*,#513,.T.);
#427=ORIENTED_EDGE('',*,*,#587,.F.);
#428=ORIENTED_EDGE('',*,*,#567,.F.);
#429=ORIENTED_EDGE('',*,*,#589,.F.);
#430=ORIENTED_EDGE('',*,*,#487,.T.);
#431=ORIENTED_EDGE('',*,*,#512,.F.);
#432=ORIENTED_EDGE('',*,*,#520,.F.);
#433=ORIENTED_EDGE('',*,*,#510,.F.);
#434=ORIENTED_EDGE('',*,*,#494,.F.);
#435=ORIENTED_EDGE('',*,*,#483,.F.);
#436=ORIENTED_EDGE('',*,*,#493,.T.);
#437=ORIENTED_EDGE('',*,*,#509,.F.);
#438=ORIENTED_EDGE('',*,*,#519,.F.);
#439=ORIENTED_EDGE('',*,*,#505,.F.);
#440=ORIENTED_EDGE('',*,*,#490,.F.);
#441=ORIENTED_EDGE('',*,*,#477,.F.);
#442=ORIENTED_EDGE('',*,*,#486,.F.);
#443=ORIENTED_EDGE('',*,*,#501,.F.);
#444=ORIENTED_EDGE('',*,*,#455,.F.);
#445=ORIENTED_EDGE('',*,*,#503,.F.);
#446=ORIENTED_EDGE('',*,*,#581,.T.);
#447=ORIENTED_EDGE('',*,*,#469,.F.);
#448=ORIENTED_EDGE('',*,*,#579,.F.);
#449=ORIENTED_EDGE('',*,*,#496,.F.);
#450=ORIENTED_EDGE('',*,*,#460,.F.);
#451=ORIENTED_EDGE('',*,*,#499,.F.);
#452=ORIENTED_EDGE('',*,*,#484,.T.);
#453=ORIENTED_EDGE('',*,*,#467,.F.);
#454=EDGE_CURVE('',#617,#618,#730,.F.);
#455=EDGE_CURVE('',#618,#619,#85,.T.);
#456=EDGE_CURVE('',#619,#620,#731,.T.);
#457=EDGE_CURVE('',#620,#621,#86,.F.);
#458=EDGE_CURVE('',#621,#617,#732,.F.);
#459=EDGE_CURVE('',#622,#623,#733,.T.);
#460=EDGE_CURVE('',#623,#624,#87,.T.);
#461=EDGE_CURVE('',#624,#625,#734,.T.);
#462=EDGE_CURVE('',#625,#626,#735,.F.);
#463=EDGE_CURVE('',#622,#626,#88,.T.);
#464=EDGE_CURVE('',#627,#627,#89,.T.);
#465=EDGE_CURVE('',#628,#628,#90,.F.);
#466=EDGE_CURVE('',#629,#630,#736,.T.);
#467=EDGE_CURVE('',#629,#631,#91,.T.);
#468=EDGE_CURVE('',#631,#632,#737,.T.);
#469=EDGE_CURVE('',#632,#633,#92,.T.);
#470=EDGE_CURVE('',#633,#634,#738,.T.);
#471=EDGE_CURVE('',#634,#635,#93,.F.);
#472=EDGE_CURVE('',#636,#635,#739,.T.);
#473=EDGE_CURVE('',#636,#630,#94,.F.);
#474=EDGE_CURVE('',#637,#637,#95,.T.);
#475=EDGE_CURVE('',#638,#638,#96,.F.);
#476=EDGE_CURVE('',#639,#640,#740,.T.);
#477=EDGE_CURVE('',#640,#641,#97,.T.);
#478=EDGE_CURVE('',#641,#642,#741,.T.);
#479=EDGE_CURVE('',#642,#643,#98,.F.);
#480=EDGE_CURVE('',#644,#643,#742,.T.);
#481=EDGE_CURVE('',#644,#645,#99,.F.);
#482=EDGE_CURVE('',#646,#645,#743,.T.);
#483=EDGE_CURVE('',#646,#639,#100,.T.);
#484=EDGE_CURVE('',#647,#631,#744,.T.);
#485=EDGE_CURVE('',#647,#648,#745,.F.);
#486=EDGE_CURVE('',#648,#632,#746,.T.);
#487=EDGE_CURVE('',#646,#649,#747,.T.);
#488=EDGE_CURVE('',#645,#650,#748,.T.);
#489=EDGE_CURVE('',#650,#649,#749,.F.);
#490=EDGE_CURVE('',#641,#651,#750,.T.);
#491=EDGE_CURVE('',#651,#652,#751,.T.);
#492=EDGE_CURVE('',#652,#642,#752,.F.);
#493=EDGE_CURVE('',#640,#653,#753,.T.);
#494=EDGE_CURVE('',#639,#654,#754,.T.);
#495=EDGE_CURVE('',#654,#653,#755,.T.);
#496=EDGE_CURVE('',#624,#655,#28,.T.);
#497=EDGE_CURVE('',#656,#655,#756,.F.);
#498=EDGE_CURVE('',#656,#625,#101,.T.);
#499=EDGE_CURVE('',#647,#623,#29,.F.);
#500=EDGE_CURVE('',#620,#622,#757,.T.);
#501=EDGE_CURVE('',#619,#648,#30,.T.);
#502=EDGE_CURVE('',#657,#658,#758,.T.);
#503=EDGE_CURVE('',#657,#618,#31,.F.);
#504=EDGE_CURVE('',#658,#617,#102,.T.);
#505=EDGE_CURVE('',#651,#659,#32,.F.);
#506=EDGE_CURVE('',#660,#659,#759,.F.);
#507=EDGE_CURVE('',#660,#652,#103,.T.);
#508=EDGE_CURVE('',#661,#662,#760,.F.);
#509=EDGE_CURVE('',#661,#653,#33,.T.);
#510=EDGE_CURVE('',#654,#662,#34,.F.);
#511=EDGE_CURVE('',#663,#664,#761,.T.);
#512=EDGE_CURVE('',#663,#649,#35,.T.);
#513=EDGE_CURVE('',#664,#650,#104,.T.);
#514=EDGE_CURVE('',#621,#620,#105,.F.);
#515=EDGE_CURVE('',#626,#622,#106,.T.);
#516=EDGE_CURVE('',#626,#621,#762,.F.);
#517=EDGE_CURVE('',#665,#665,#107,.T.);
#518=EDGE_CURVE('',#666,#666,#108,.T.);
#519=EDGE_CURVE('',#659,#661,#109,.T.);
#520=EDGE_CURVE('',#662,#663,#110,.T.);
#521=EDGE_CURVE('',#664,#660,#763,.T.);
#522=EDGE_CURVE('',#667,#668,#764,.T.);
#523=EDGE_CURVE('',#668,#669,#765,.T.);
#524=EDGE_CURVE('',#669,#670,#766,.T.);
#525=EDGE_CURVE('',#670,#671,#767,.T.);
#526=EDGE_CURVE('',#671,#672,#768,.T.);
#527=EDGE_CURVE('',#672,#667,#769,.T.);
#528=EDGE_CURVE('',#673,#674,#770,.T.);
#529=EDGE_CURVE('',#675,#673,#771,.T.);
#530=EDGE_CURVE('',#676,#675,#772,.T.);
#531=EDGE_CURVE('',#677,#676,#773,.T.);
#532=EDGE_CURVE('',#678,#677,#774,.T.);
#533=EDGE_CURVE('',#674,#678,#775,.T.);
#534=EDGE_CURVE('',#679,#679,#111,.T.);
#535=EDGE_CURVE('',#680,#680,#112,.F.);
#536=EDGE_CURVE('',#681,#682,#113,.T.);
#537=EDGE_CURVE('',#681,#682,#776,.T.);
#538=EDGE_CURVE('',#683,#684,#114,.T.);
#539=EDGE_CURVE('',#683,#684,#777,.F.);
#540=EDGE_CURVE('',#635,#685,#778,.T.);
#541=EDGE_CURVE('',#686,#685,#115,.T.);
#542=EDGE_CURVE('',#687,#686,#779,.T.);
#543=EDGE_CURVE('',#688,#687,#116,.T.);
#544=EDGE_CURVE('',#688,#644,#780,.F.);
#545=EDGE_CURVE('',#643,#689,#781,.T.);
#546=EDGE_CURVE('',#690,#689,#117,.T.);
#547=EDGE_CURVE('',#690,#691,#782,.T.);
#548=EDGE_CURVE('',#692,#691,#118,.T.);
#549=EDGE_CURVE('',#692,#636,#783,.F.);
#550=EDGE_CURVE('',#693,#693,#119,.T.);
#551=EDGE_CURVE('',#694,#694,#36,.T.);
#552=EDGE_CURVE('',#695,#695,#37,.T.);
#553=EDGE_CURVE('',#696,#696,#38,.T.);
#554=EDGE_CURVE('',#697,#697,#39,.T.);
#555=EDGE_CURVE('',#698,#698,#120,.F.);
#556=EDGE_CURVE('',#685,#699,#40,.T.);
#557=EDGE_CURVE('',#699,#700,#41,.T.);
#558=EDGE_CURVE('',#700,#681,#42,.T.);
#559=EDGE_CURVE('',#682,#701,#43,.T.);
#560=EDGE_CURVE('',#701,#702,#44,.T.);
#561=EDGE_CURVE('',#702,#692,#45,.T.);
#562=EDGE_CURVE('',#690,#691,#18,.T.);
#563=EDGE_CURVE('',#689,#703,#46,.T.);
#564=EDGE_CURVE('',#703,#704,#47,.T.);
#565=EDGE_CURVE('',#704,#683,#48,.T.);
#566=EDGE_CURVE('',#684,#705,#49,.T.);
#567=EDGE_CURVE('',#705,#706,#50,.T.);
#568=EDGE_CURVE('',#706,#688,#51,.T.);
#569=EDGE_CURVE('',#687,#686,#19,.T.);
#570=EDGE_CURVE('',#707,#707,#121,.T.);
#571=EDGE_CURVE('',#708,#708,#52,.T.);
#572=EDGE_CURVE('',#709,#709,#53,.T.);
#573=EDGE_CURVE('',#710,#710,#54,.T.);
#574=EDGE_CURVE('',#711,#711,#55,.T.);
#575=EDGE_CURVE('',#712,#712,#122,.T.);
#576=EDGE_CURVE('',#713,#713,#123,.T.);
#577=EDGE_CURVE('',#714,#714,#124,.F.);
#578=EDGE_CURVE('',#715,#715,#125,.T.);
#579=EDGE_CURVE('',#655,#629,#784,.T.);
#580=EDGE_CURVE('',#630,#656,#785,.T.);
#581=EDGE_CURVE('',#657,#633,#786,.T.);
#582=EDGE_CURVE('',#658,#634,#787,.F.);
#583=EDGE_CURVE('',#658,#699,#20,.T.);
#584=EDGE_CURVE('',#702,#656,#21,.F.);
#585=EDGE_CURVE('',#700,#617,#22,.F.);
#586=EDGE_CURVE('',#625,#701,#23,.T.);
#587=EDGE_CURVE('',#706,#650,#24,.F.);
#588=EDGE_CURVE('',#652,#703,#25,.T.);
#589=EDGE_CURVE('',#664,#705,#26,.T.);
#590=EDGE_CURVE('',#704,#660,#27,.F.);
#591=EDGE_CURVE('',#716,#668,#788,.T.);
#592=EDGE_CURVE('',#717,#716,#789,.T.);
#593=EDGE_CURVE('',#717,#669,#790,.T.);
#594=EDGE_CURVE('',#718,#667,#791,.T.);
#595=EDGE_CURVE('',#716,#718,#792,.T.);
#596=EDGE_CURVE('',#719,#672,#793,.T.);
#597=EDGE_CURVE('',#718,#719,#794,.T.);
#598=EDGE_CURVE('',#720,#671,#795,.T.);
#599=EDGE_CURVE('',#719,#720,#796,.T.);
#600=EDGE_CURVE('',#721,#670,#797,.T.);
#601=EDGE_CURVE('',#720,#721,#798,.T.);
#602=EDGE_CURVE('',#721,#717,#799,.T.);
#603=EDGE_CURVE('',#722,#674,#800,.T.);
#604=EDGE_CURVE('',#722,#723,#801,.T.);
#605=EDGE_CURVE('',#723,#673,#802,.T.);
#606=EDGE_CURVE('',#724,#678,#803,.T.);
#607=EDGE_CURVE('',#724,#722,#804,.T.);
#608=EDGE_CURVE('',#725,#677,#805,.T.);
#609=EDGE_CURVE('',#725,#724,#806,.T.);
#610=EDGE_CURVE('',#726,#676,#807,.T.);
#611=EDGE_CURVE('',#726,#725,#808,.T.);
#612=EDGE_CURVE('',#727,#675,#809,.T.);
#613=EDGE_CURVE('',#727,#726,#810,.T.);
#614=EDGE_CURVE('',#723,#727,#811,.T.);
#615=EDGE_CURVE('',#728,#728,#126,.T.);
#616=EDGE_CURVE('',#729,#729,#127,.T.);
#617=VERTEX_POINT('',#1668);
#618=VERTEX_POINT('',#1669);
#619=VERTEX_POINT('',#1671);
#620=VERTEX_POINT('',#1673);
#621=VERTEX_POINT('',#1675);
#622=VERTEX_POINT('',#1679);
#623=VERTEX_POINT('',#1680);
#624=VERTEX_POINT('',#1682);
#625=VERTEX_POINT('',#1684);
#626=VERTEX_POINT('',#1686);
#627=VERTEX_POINT('',#1690);
#628=VERTEX_POINT('',#1692);
#629=VERTEX_POINT('',#1694);
#630=VERTEX_POINT('',#1695);
#631=VERTEX_POINT('',#1697);
#632=VERTEX_POINT('',#1699);
#633=VERTEX_POINT('',#1701);
#634=VERTEX_POINT('',#1703);
#635=VERTEX_POINT('',#1705);
#636=VERTEX_POINT('',#1707);
#637=VERTEX_POINT('',#1711);
#638=VERTEX_POINT('',#1713);
#639=VERTEX_POINT('',#1715);
#640=VERTEX_POINT('',#1716);
#641=VERTEX_POINT('',#1718);
#642=VERTEX_POINT('',#1720);
#643=VERTEX_POINT('',#1722);
#644=VERTEX_POINT('',#1724);
#645=VERTEX_POINT('',#1726);
#646=VERTEX_POINT('',#1728);
#647=VERTEX_POINT('',#1732);
#648=VERTEX_POINT('',#1734);
#649=VERTEX_POINT('',#1738);
#650=VERTEX_POINT('',#1740);
#651=VERTEX_POINT('',#1744);
#652=VERTEX_POINT('',#1746);
#653=VERTEX_POINT('',#1750);
#654=VERTEX_POINT('',#1752);
#655=VERTEX_POINT('',#1760);
#656=VERTEX_POINT('',#1762);
#657=VERTEX_POINT('',#1778);
#658=VERTEX_POINT('',#1779);
#659=VERTEX_POINT('',#1792);
#660=VERTEX_POINT('',#1794);
#661=VERTEX_POINT('',#1798);
#662=VERTEX_POINT('',#1799);
#663=VERTEX_POINT('',#1812);
#664=VERTEX_POINT('',#1813);
#665=VERTEX_POINT('',#1826);
#666=VERTEX_POINT('',#1829);
#667=VERTEX_POINT('',#1835);
#668=VERTEX_POINT('',#1836);
#669=VERTEX_POINT('',#1838);
#670=VERTEX_POINT('',#1840);
#671=VERTEX_POINT('',#1842);
#672=VERTEX_POINT('',#1844);
#673=VERTEX_POINT('',#1847);
#674=VERTEX_POINT('',#1848);
#675=VERTEX_POINT('',#1850);
#676=VERTEX_POINT('',#1852);
#677=VERTEX_POINT('',#1854);
#678=VERTEX_POINT('',#1856);
#679=VERTEX_POINT('',#1860);
#680=VERTEX_POINT('',#1863);
#681=VERTEX_POINT('',#1866);
#682=VERTEX_POINT('',#1867);
#683=VERTEX_POINT('',#1871);
#684=VERTEX_POINT('',#1872);
#685=VERTEX_POINT('',#1876);
#686=VERTEX_POINT('',#1878);
#687=VERTEX_POINT('',#1880);
#688=VERTEX_POINT('',#1882);
#689=VERTEX_POINT('',#1885);
#690=VERTEX_POINT('',#1887);
#691=VERTEX_POINT('',#1889);
#692=VERTEX_POINT('',#1891);
#693=VERTEX_POINT('',#1894);
#694=VERTEX_POINT('',#1907);
#695=VERTEX_POINT('',#1919);
#696=VERTEX_POINT('',#1931);
#697=VERTEX_POINT('',#1943);
#698=VERTEX_POINT('',#1945);
#699=VERTEX_POINT('',#1951);
#700=VERTEX_POINT('',#1957);
#701=VERTEX_POINT('',#1969);
#702=VERTEX_POINT('',#1975);
#703=VERTEX_POINT('',#1986);
#704=VERTEX_POINT('',#1992);
#705=VERTEX_POINT('',#2004);
#706=VERTEX_POINT('',#2010);
#707=VERTEX_POINT('',#2018);
#708=VERTEX_POINT('',#2030);
#709=VERTEX_POINT('',#2042);
#710=VERTEX_POINT('',#2054);
#711=VERTEX_POINT('',#2066);
#712=VERTEX_POINT('',#2068);
#713=VERTEX_POINT('',#2071);
#714=VERTEX_POINT('',#2079);
#715=VERTEX_POINT('',#2081);
#716=VERTEX_POINT('',#2108);
#717=VERTEX_POINT('',#2110);
#718=VERTEX_POINT('',#2114);
#719=VERTEX_POINT('',#2118);
#720=VERTEX_POINT('',#2122);
#721=VERTEX_POINT('',#2126);
#722=VERTEX_POINT('',#2133);
#723=VERTEX_POINT('',#2135);
#724=VERTEX_POINT('',#2139);
#725=VERTEX_POINT('',#2143);
#726=VERTEX_POINT('',#2147);
#727=VERTEX_POINT('',#2151);
#728=VERTEX_POINT('',#2158);
#729=VERTEX_POINT('',#2162);
#730=LINE('',#1667,#812);
#731=LINE('',#1672,#813);
#732=LINE('',#1676,#814);
#733=LINE('',#1678,#815);
#734=LINE('',#1683,#816);
#735=LINE('',#1685,#817);
#736=LINE('',#1693,#818);
#737=LINE('',#1698,#819);
#738=LINE('',#1702,#820);
#739=LINE('',#1706,#821);
#740=LINE('',#1714,#822);
#741=LINE('',#1719,#823);
#742=LINE('',#1723,#824);
#743=LINE('',#1727,#825);
#744=LINE('',#1731,#826);
#745=LINE('',#1733,#827);
#746=LINE('',#1735,#828);
#747=LINE('',#1737,#829);
#748=LINE('',#1739,#830);
#749=LINE('',#1741,#831);
#750=LINE('',#1743,#832);
#751=LINE('',#1745,#833);
#752=LINE('',#1747,#834);
#753=LINE('',#1749,#835);
#754=LINE('',#1751,#836);
#755=LINE('',#1753,#837);
#756=LINE('',#1761,#838);
#757=LINE('',#1770,#839);
#758=LINE('',#1777,#840);
#759=LINE('',#1793,#841);
#760=LINE('',#1797,#842);
#761=LINE('',#1811,#843);
#762=LINE('',#1823,#844);
#763=LINE('',#1833,#845);
#764=LINE('',#1834,#846);
#765=LINE('',#1837,#847);
#766=LINE('',#1839,#848);
#767=LINE('',#1841,#849);
#768=LINE('',#1843,#850);
#769=LINE('',#1845,#851);
#770=LINE('',#1846,#852);
#771=LINE('',#1849,#853);
#772=LINE('',#1851,#854);
#773=LINE('',#1853,#855);
#774=LINE('',#1855,#856);
#775=LINE('',#1857,#857);
#776=LINE('',#1868,#858);
#777=LINE('',#1873,#859);
#778=LINE('',#1875,#860);
#779=LINE('',#1879,#861);
#780=LINE('',#1883,#862);
#781=LINE('',#1884,#863);
#782=LINE('',#1888,#864);
#783=LINE('',#1892,#865);
#784=LINE('',#2087,#866);
#785=LINE('',#2088,#867);
#786=LINE('',#2090,#868);
#787=LINE('',#2091,#869);
#788=LINE('',#2107,#870);
#789=LINE('',#2109,#871);
#790=LINE('',#2111,#872);
#791=LINE('',#2113,#873);
#792=LINE('',#2115,#874);
#793=LINE('',#2117,#875);
#794=LINE('',#2119,#876);
#795=LINE('',#2121,#877);
#796=LINE('',#2123,#878);
#797=LINE('',#2125,#879);
#798=LINE('',#2127,#880);
#799=LINE('',#2129,#881);
#800=LINE('',#2132,#882);
#801=LINE('',#2134,#883);
#802=LINE('',#2136,#884);
#803=LINE('',#2138,#885);
#804=LINE('',#2140,#886);
#805=LINE('',#2142,#887);
#806=LINE('',#2144,#888);
#807=LINE('',#2146,#889);
#808=LINE('',#2148,#890);
#809=LINE('',#2150,#891);
#810=LINE('',#2152,#892);
#811=LINE('',#2154,#893);
#812=VECTOR('',#1347,1.);
#813=VECTOR('',#1350,1.);
#814=VECTOR('',#1353,1.);
#815=VECTOR('',#1356,1.);
#816=VECTOR('',#1359,1.);
#817=VECTOR('',#1360,1.);
#818=VECTOR('',#1369,1.);
#819=VECTOR('',#1372,1.);
#820=VECTOR('',#1375,1.);
#821=VECTOR('',#1378,1.);
#822=VECTOR('',#1387,1.);
#823=VECTOR('',#1390,1.);
#824=VECTOR('',#1393,1.);
#825=VECTOR('',#1396,1.);
#826=VECTOR('',#1401,1.);
#827=VECTOR('',#1402,1.);
#828=VECTOR('',#1403,1.);
#829=VECTOR('',#1406,1.);
#830=VECTOR('',#1407,1.);
#831=VECTOR('',#1408,1.);
#832=VECTOR('',#1411,1.);
#833=VECTOR('',#1412,1.);
#834=VECTOR('',#1413,1.);
#835=VECTOR('',#1416,1.);
#836=VECTOR('',#1417,1.);
#837=VECTOR('',#1418,1.);
#838=VECTOR('',#1421,1.);
#839=VECTOR('',#1426,1.);
#840=VECTOR('',#1429,1.);
#841=VECTOR('',#1434,1.);
#842=VECTOR('',#1439,1.);
#843=VECTOR('',#1442,1.);
#844=VECTOR('',#1451,1.);
#845=VECTOR('',#1466,1.);
#846=VECTOR('',#1467,1.);
#847=VECTOR('',#1468,1.);
#848=VECTOR('',#1469,1.);
#849=VECTOR('',#1470,1.);
#850=VECTOR('',#1471,1.);
#851=VECTOR('',#1472,1.);
#852=VECTOR('',#1473,1.);
#853=VECTOR('',#1474,1.);
#854=VECTOR('',#1475,1.);
#855=VECTOR('',#1476,1.);
#856=VECTOR('',#1477,1.);
#857=VECTOR('',#1478,1.);
#858=VECTOR('',#1491,1.);
#859=VECTOR('',#1496,1.);
#860=VECTOR('',#1499,1.);
#861=VECTOR('',#1502,1.);
#862=VECTOR('',#1505,1.);
#863=VECTOR('',#1506,1.);
#864=VECTOR('',#1509,1.);
#865=VECTOR('',#1512,1.);
#866=VECTOR('',#1559,1.);
#867=VECTOR('',#1560,1.);
#868=VECTOR('',#1563,1.);
#869=VECTOR('',#1564,1.);
#870=VECTOR('',#1595,1.);
#871=VECTOR('',#1596,1.);
#872=VECTOR('',#1597,1.);
#873=VECTOR('',#1600,1.);
#874=VECTOR('',#1601,1.);
#875=VECTOR('',#1604,1.);
#876=VECTOR('',#1605,1.);
#877=VECTOR('',#1608,1.);
#878=VECTOR('',#1609,1.);
#879=VECTOR('',#1612,1.);
#880=VECTOR('',#1613,1.);
#881=VECTOR('',#1616,1.);
#882=VECTOR('',#1621,1.);
#883=VECTOR('',#1622,1.);
#884=VECTOR('',#1623,1.);
#885=VECTOR('',#1626,1.);
#886=VECTOR('',#1627,1.);
#887=VECTOR('',#1630,1.);
#888=VECTOR('',#1631,1.);
#889=VECTOR('',#1634,1.);
#890=VECTOR('',#1635,1.);
#891=VECTOR('',#1638,1.);
#892=VECTOR('',#1639,1.);
#893=VECTOR('',#1642,1.);
#894=EDGE_LOOP('',(#128,#129,#130,#131,#132));
#895=EDGE_LOOP('',(#133,#134,#135,#136,#137));
#896=EDGE_LOOP('',(#138));
#897=EDGE_LOOP('',(#139));
#898=EDGE_LOOP('',(#140,#141,#142,#143,#144,#145,#146,#147));
#899=EDGE_LOOP('',(#148));
#900=EDGE_LOOP('',(#149));
#901=EDGE_LOOP('',(#150,#151,#152,#153,#154,#155,#156,#157));
#902=EDGE_LOOP('',(#158,#159,#160,#161));
#903=EDGE_LOOP('',(#162,#163,#164,#165));
#904=EDGE_LOOP('',(#166,#167,#168,#169));
#905=EDGE_LOOP('',(#170,#171,#172,#173));
#906=EDGE_LOOP('',(#174,#175,#176,#177));
#907=EDGE_LOOP('',(#178,#179,#180,#181,#182,#183));
#908=EDGE_LOOP('',(#184,#185,#186,#187));
#909=EDGE_LOOP('',(#188,#189,#190,#191));
#910=EDGE_LOOP('',(#192,#193,#194,#195));
#911=EDGE_LOOP('',(#196,#197,#198,#199));
#912=EDGE_LOOP('',(#200,#201,#202,#203));
#913=EDGE_LOOP('',(#204));
#914=EDGE_LOOP('',(#205));
#915=EDGE_LOOP('',(#206));
#916=EDGE_LOOP('',(#207));
#917=EDGE_LOOP('',(#208,#209,#210,#211,#212,#213));
#918=EDGE_LOOP('',(#214,#215,#216,#217,#218,#219));
#919=EDGE_LOOP('',(#220,#221,#222,#223,#224,#225));
#920=EDGE_LOOP('',(#226));
#921=EDGE_LOOP('',(#227));
#922=EDGE_LOOP('',(#228));
#923=EDGE_LOOP('',(#229));
#924=EDGE_LOOP('',(#230,#231));
#925=EDGE_LOOP('',(#232,#233));
#926=EDGE_LOOP('',(#234,#235,#236,#237,#238,#239,#240,#241,#242,#243,#244,
#245));
#927=EDGE_LOOP('',(#246));
#928=EDGE_LOOP('',(#247));
#929=EDGE_LOOP('',(#248));
#930=EDGE_LOOP('',(#249));
#931=EDGE_LOOP('',(#250));
#932=EDGE_LOOP('',(#251));
#933=EDGE_LOOP('',(#252,#253,#254,#255,#256,#257,#258,#259,#260,#261,#262,
#263,#264,#265,#266,#267,#268,#269,#270,#271));
#934=EDGE_LOOP('',(#272));
#935=EDGE_LOOP('',(#273));
#936=EDGE_LOOP('',(#274));
#937=EDGE_LOOP('',(#275));
#938=EDGE_LOOP('',(#276));
#939=EDGE_LOOP('',(#277));
#940=EDGE_LOOP('',(#278));
#941=EDGE_LOOP('',(#279));
#942=EDGE_LOOP('',(#280));
#943=EDGE_LOOP('',(#281));
#944=EDGE_LOOP('',(#282));
#945=EDGE_LOOP('',(#283));
#946=EDGE_LOOP('',(#284));
#947=EDGE_LOOP('',(#285));
#948=EDGE_LOOP('',(#286));
#949=EDGE_LOOP('',(#287));
#950=EDGE_LOOP('',(#288));
#951=EDGE_LOOP('',(#289));
#952=EDGE_LOOP('',(#290));
#953=EDGE_LOOP('',(#291));
#954=EDGE_LOOP('',(#292));
#955=EDGE_LOOP('',(#293));
#956=EDGE_LOOP('',(#294));
#957=EDGE_LOOP('',(#295));
#958=EDGE_LOOP('',(#296,#297));
#959=EDGE_LOOP('',(#298,#299));
#960=EDGE_LOOP('',(#300,#301,#302,#303));
#961=EDGE_LOOP('',(#304,#305,#306,#307));
#962=EDGE_LOOP('',(#308,#309,#310,#311,#312));
#963=EDGE_LOOP('',(#313,#314,#315,#316,#317));
#964=EDGE_LOOP('',(#318,#319,#320,#321,#322,#323,#324,#325));
#965=EDGE_LOOP('',(#326,#327,#328,#329,#330));
#966=EDGE_LOOP('',(#331,#332,#333,#334,#335));
#967=EDGE_LOOP('',(#336,#337,#338,#339,#340,#341));
#968=EDGE_LOOP('',(#342,#343,#344,#345));
#969=EDGE_LOOP('',(#346,#347,#348,#349));
#970=EDGE_LOOP('',(#350,#351,#352,#353));
#971=EDGE_LOOP('',(#354,#355,#356,#357));
#972=EDGE_LOOP('',(#358,#359,#360,#361));
#973=EDGE_LOOP('',(#362,#363,#364,#365));
#974=EDGE_LOOP('',(#366));
#975=EDGE_LOOP('',(#367,#368,#369,#370,#371,#372));
#976=EDGE_LOOP('',(#373,#374,#375,#376));
#977=EDGE_LOOP('',(#377,#378,#379,#380));
#978=EDGE_LOOP('',(#381,#382,#383,#384));
#979=EDGE_LOOP('',(#385,#386,#387,#388));
#980=EDGE_LOOP('',(#389,#390,#391,#392));
#981=EDGE_LOOP('',(#393,#394,#395,#396));
#982=EDGE_LOOP('',(#397,#398,#399,#400,#401,#402));
#983=EDGE_LOOP('',(#403));
#984=EDGE_LOOP('',(#404,#405));
#985=EDGE_LOOP('',(#406));
#986=EDGE_LOOP('',(#407));
#987=EDGE_LOOP('',(#408));
#988=EDGE_LOOP('',(#409,#410));
#989=EDGE_LOOP('',(#411));
#990=EDGE_LOOP('',(#412));
#991=EDGE_LOOP('',(#413));
#992=EDGE_LOOP('',(#414,#415,#416,#417));
#993=EDGE_LOOP('',(#418,#419,#420,#421));
#994=EDGE_LOOP('',(#422,#423,#424,#425));
#995=EDGE_LOOP('',(#426,#427,#428,#429));
#996=EDGE_LOOP('',(#430,#431,#432,#433,#434,#435));
#997=EDGE_LOOP('',(#436,#437,#438,#439,#440,#441));
#998=EDGE_LOOP('',(#442,#443,#444,#445,#446,#447));
#999=EDGE_LOOP('',(#448,#449,#450,#451,#452,#453));
#1000=FACE_BOUND('',#894,.T.);
#1001=FACE_BOUND('',#895,.T.);
#1002=FACE_BOUND('',#896,.T.);
#1003=FACE_BOUND('',#897,.T.);
#1004=FACE_BOUND('',#898,.T.);
#1005=FACE_BOUND('',#899,.T.);
#1006=FACE_BOUND('',#900,.T.);
#1007=FACE_BOUND('',#901,.T.);
#1008=FACE_BOUND('',#902,.T.);
#1009=FACE_BOUND('',#903,.T.);
#1010=FACE_BOUND('',#904,.T.);
#1011=FACE_BOUND('',#905,.T.);
#1012=FACE_BOUND('',#906,.T.);
#1013=FACE_BOUND('',#907,.T.);
#1014=FACE_BOUND('',#908,.T.);
#1015=FACE_BOUND('',#909,.T.);
#1016=FACE_BOUND('',#910,.T.);
#1017=FACE_BOUND('',#911,.T.);
#1018=FACE_BOUND('',#912,.T.);
#1019=FACE_BOUND('',#913,.T.);
#1020=FACE_BOUND('',#914,.T.);
#1021=FACE_BOUND('',#915,.T.);
#1022=FACE_BOUND('',#916,.T.);
#1023=FACE_BOUND('',#917,.T.);
#1024=FACE_BOUND('',#918,.T.);
#1025=FACE_BOUND('',#919,.T.);
#1026=FACE_BOUND('',#920,.T.);
#1027=FACE_BOUND('',#921,.T.);
#1028=FACE_BOUND('',#922,.T.);
#1029=FACE_BOUND('',#923,.T.);
#1030=FACE_BOUND('',#924,.T.);
#1031=FACE_BOUND('',#925,.T.);
#1032=FACE_BOUND('',#926,.T.);
#1033=FACE_BOUND('',#927,.T.);
#1034=FACE_BOUND('',#928,.T.);
#1035=FACE_BOUND('',#929,.T.);
#1036=FACE_BOUND('',#930,.T.);
#1037=FACE_BOUND('',#931,.T.);
#1038=FACE_BOUND('',#932,.T.);
#1039=FACE_BOUND('',#933,.T.);
#1040=FACE_BOUND('',#934,.T.);
#1041=FACE_BOUND('',#935,.T.);
#1042=FACE_BOUND('',#936,.T.);
#1043=FACE_BOUND('',#937,.T.);
#1044=FACE_BOUND('',#938,.T.);
#1045=FACE_BOUND('',#939,.T.);
#1046=FACE_BOUND('',#940,.T.);
#1047=FACE_BOUND('',#941,.T.);
#1048=FACE_BOUND('',#942,.T.);
#1049=FACE_BOUND('',#943,.T.);
#1050=FACE_BOUND('',#944,.T.);
#1051=FACE_BOUND('',#945,.T.);
#1052=FACE_BOUND('',#946,.T.);
#1053=FACE_BOUND('',#947,.T.);
#1054=FACE_BOUND('',#948,.T.);
#1055=FACE_BOUND('',#949,.T.);
#1056=FACE_BOUND('',#950,.T.);
#1057=FACE_BOUND('',#951,.T.);
#1058=FACE_BOUND('',#952,.T.);
#1059=FACE_BOUND('',#953,.T.);
#1060=FACE_BOUND('',#954,.T.);
#1061=FACE_BOUND('',#955,.T.);
#1062=FACE_BOUND('',#956,.T.);
#1063=FACE_BOUND('',#957,.T.);
#1064=FACE_BOUND('',#958,.T.);
#1065=FACE_BOUND('',#959,.T.);
#1066=FACE_BOUND('',#960,.T.);
#1067=FACE_BOUND('',#961,.T.);
#1068=FACE_BOUND('',#962,.T.);
#1069=FACE_BOUND('',#963,.T.);
#1070=FACE_BOUND('',#964,.T.);
#1071=FACE_BOUND('',#965,.T.);
#1072=FACE_BOUND('',#966,.T.);
#1073=FACE_BOUND('',#967,.T.);
#1074=FACE_BOUND('',#968,.T.);
#1075=FACE_BOUND('',#969,.T.);
#1076=FACE_BOUND('',#970,.T.);
#1077=FACE_BOUND('',#971,.T.);
#1078=FACE_BOUND('',#972,.T.);
#1079=FACE_BOUND('',#973,.T.);
#1080=FACE_BOUND('',#974,.T.);
#1081=FACE_BOUND('',#975,.T.);
#1082=FACE_BOUND('',#976,.T.);
#1083=FACE_BOUND('',#977,.T.);
#1084=FACE_BOUND('',#978,.T.);
#1085=FACE_BOUND('',#979,.T.);
#1086=FACE_BOUND('',#980,.T.);
#1087=FACE_BOUND('',#981,.T.);
#1088=FACE_BOUND('',#982,.T.);
#1089=FACE_BOUND('',#983,.T.);
#1090=FACE_BOUND('',#984,.T.);
#1091=FACE_BOUND('',#985,.T.);
#1092=FACE_BOUND('',#986,.T.);
#1093=FACE_BOUND('',#987,.T.);
#1094=FACE_BOUND('',#988,.T.);
#1095=FACE_BOUND('',#989,.T.);
#1096=FACE_BOUND('',#990,.T.);
#1097=FACE_BOUND('',#991,.T.);
#1098=FACE_BOUND('',#992,.T.);
#1099=FACE_BOUND('',#993,.T.);
#1100=FACE_BOUND('',#994,.T.);
#1101=FACE_BOUND('',#995,.T.);
#1102=FACE_BOUND('',#996,.T.);
#1103=FACE_BOUND('',#997,.T.);
#1104=FACE_BOUND('',#998,.T.);
#1105=FACE_BOUND('',#999,.T.);
#1106=PLANE('',#1224);
#1107=PLANE('',#1227);
#1108=PLANE('',#1230);
#1109=PLANE('',#1237);
#1110=PLANE('',#1244);
#1111=PLANE('',#1245);
#1112=PLANE('',#1246);
#1113=PLANE('',#1247);
#1114=PLANE('',#1258);
#1115=PLANE('',#1265);
#1116=PLANE('',#1272);
#1117=PLANE('',#1274);
#1118=PLANE('',#1276);
#1119=PLANE('',#1289);
#1120=PLANE('',#1296);
#1121=PLANE('',#1301);
#1122=PLANE('',#1302);
#1123=PLANE('',#1303);
#1124=PLANE('',#1304);
#1125=PLANE('',#1319);
#1126=PLANE('',#1320);
#1127=PLANE('',#1321);
#1128=PLANE('',#1322);
#1129=PLANE('',#1323);
#1130=PLANE('',#1324);
#1131=PLANE('',#1325);
#1132=PLANE('',#1326);
#1133=PLANE('',#1327);
#1134=PLANE('',#1328);
#1135=PLANE('',#1329);
#1136=PLANE('',#1330);
#1137=PLANE('',#1331);
#1138=PLANE('',#1332);
#1139=PLANE('',#1335);
#1140=PLANE('',#1338);
#1141=ADVANCED_FACE('',(#1000),#1106,.T.);
#1142=ADVANCED_FACE('',(#1001),#1107,.T.);
#1143=ADVANCED_FACE('',(#1002,#1003,#1004),#1108,.T.);
#1144=ADVANCED_FACE('',(#1005,#1006,#1007),#1109,.T.);
#1145=ADVANCED_FACE('',(#1008),#1110,.T.);
#1146=ADVANCED_FACE('',(#1009),#1111,.F.);
#1147=ADVANCED_FACE('',(#1010),#1112,.T.);
#1148=ADVANCED_FACE('',(#1011),#1113,.T.);
#1149=ADVANCED_FACE('',(#1012),#56,.T.);
#1150=ADVANCED_FACE('',(#1013),#57,.T.);
#1151=ADVANCED_FACE('',(#1014),#58,.T.);
#1152=ADVANCED_FACE('',(#1015),#59,.T.);
#1153=ADVANCED_FACE('',(#1016),#60,.T.);
#1154=ADVANCED_FACE('',(#1017),#61,.T.);
#1155=ADVANCED_FACE('',(#1018),#1114,.T.);
#1156=ADVANCED_FACE('',(#1019,#1020),#62,.F.);
#1157=ADVANCED_FACE('',(#1021,#1022),#63,.F.);
#1158=ADVANCED_FACE('',(#1023,#1024,#1025),#1115,.F.);
#1159=ADVANCED_FACE('',(#1026,#1027),#64,.F.);
#1160=ADVANCED_FACE('',(#1028,#1029),#65,.F.);
#1161=ADVANCED_FACE('',(#1030),#1116,.T.);
#1162=ADVANCED_FACE('',(#1031),#1117,.T.);
#1163=ADVANCED_FACE('',(#1032,#1033),#1118,.T.);
#1164=ADVANCED_FACE('',(#1034,#1035,#1036,#1037,#1038,#1039),#66,.T.);
#1165=ADVANCED_FACE('',(#1040,#1041,#1042,#1043,#1044,#1045),#67,.F.);
#1166=ADVANCED_FACE('',(#1046,#1047),#1119,.T.);
#1167=ADVANCED_FACE('',(#1048,#1049),#68,.F.);
#1168=ADVANCED_FACE('',(#1050,#1051),#69,.F.);
#1169=ADVANCED_FACE('',(#1052,#1053),#70,.F.);
#1170=ADVANCED_FACE('',(#1054,#1055),#71,.F.);
#1171=ADVANCED_FACE('',(#1056,#1057),#16,.T.);
#1172=ADVANCED_FACE('',(#1058,#1059),#1120,.F.);
#1173=ADVANCED_FACE('',(#1060,#1061),#72,.F.);
#1174=ADVANCED_FACE('',(#1062,#1063),#17,.F.);
#1175=ADVANCED_FACE('',(#1064),#1121,.T.);
#1176=ADVANCED_FACE('',(#1065),#1122,.F.);
#1177=ADVANCED_FACE('',(#1066),#1123,.F.);
#1178=ADVANCED_FACE('',(#1067),#1124,.T.);
#1179=ADVANCED_FACE('',(#1068),#73,.F.);
#1180=ADVANCED_FACE('',(#1069),#74,.F.);
#1181=ADVANCED_FACE('',(#1070),#75,.F.);
#1182=ADVANCED_FACE('',(#1071),#76,.F.);
#1183=ADVANCED_FACE('',(#1072),#77,.F.);
#1184=ADVANCED_FACE('',(#1073),#78,.F.);
#1185=ADVANCED_FACE('',(#1074),#1125,.F.);
#1186=ADVANCED_FACE('',(#1075),#1126,.F.);
#1187=ADVANCED_FACE('',(#1076),#1127,.F.);
#1188=ADVANCED_FACE('',(#1077),#1128,.F.);
#1189=ADVANCED_FACE('',(#1078),#1129,.F.);
#1190=ADVANCED_FACE('',(#1079),#1130,.F.);
#1191=ADVANCED_FACE('',(#1080,#1081),#1131,.T.);
#1192=ADVANCED_FACE('',(#1082),#1132,.T.);
#1193=ADVANCED_FACE('',(#1083),#1133,.T.);
#1194=ADVANCED_FACE('',(#1084),#1134,.T.);
#1195=ADVANCED_FACE('',(#1085),#1135,.T.);
#1196=ADVANCED_FACE('',(#1086),#1136,.T.);
#1197=ADVANCED_FACE('',(#1087),#1137,.T.);
#1198=ADVANCED_FACE('',(#1088,#1089),#1138,.T.);
#1199=ADVANCED_FACE('',(#1090,#1091),#79,.F.);
#1200=ADVANCED_FACE('',(#1092,#1093),#1139,.T.);
#1201=ADVANCED_FACE('',(#1094,#1095),#80,.F.);
#1202=ADVANCED_FACE('',(#1096,#1097),#1140,.T.);
#1203=ADVANCED_FACE('',(#1098),#12,.T.);
#1204=ADVANCED_FACE('',(#1099),#13,.T.);
#1205=ADVANCED_FACE('',(#1100),#14,.T.);
#1206=ADVANCED_FACE('',(#1101),#15,.T.);
#1207=ADVANCED_FACE('',(#1102),#81,.T.);
#1208=ADVANCED_FACE('',(#1103),#82,.T.);
#1209=ADVANCED_FACE('',(#1104),#83,.T.);
#1210=ADVANCED_FACE('',(#1105),#84,.T.);
#1211=CLOSED_SHELL('',(#1141,#1142,#1143,#1144,#1145,#1146,#1147,#1148,
#1149,#1150,#1151,#1152,#1153,#1154,#1155,#1156,#1157,#1158,#1159,#1160,
#1161,#1162,#1163,#1164,#1165,#1166,#1167,#1168,#1169,#1170,#1171,#1172,
#1173,#1174,#1175,#1176,#1177,#1178,#1179,#1180,#1181,#1182,#1183,#1184,
#1185,#1186,#1187,#1188,#1189,#1190,#1191,#1192,#1193,#1194,#1195,#1196,
#1197,#1198,#1199,#1200,#1201,#1202,#1203,#1204,#1205,#1206,#1207,#1208,
#1209,#1210));
#1212=STYLED_ITEM('',(#1213),#1220);
#1213=PRESENTATION_STYLE_ASSIGNMENT((#1214));
#1214=SURFACE_STYLE_USAGE(.BOTH.,#1215);
#1215=SURFACE_SIDE_STYLE('',(#1216));
#1216=SURFACE_STYLE_FILL_AREA(#1217);
#1217=FILL_AREA_STYLE('',(#1218));
#1218=FILL_AREA_STYLE_COLOUR('',#1219);
#1219=COLOUR_RGB('',0.615686274509804,0.811764705882353,0.929411764705882);
#1220=MANIFOLD_SOLID_BREP('flange',#1211);
#1221=SHAPE_DEFINITION_REPRESENTATION(#2234,#1222);
#1222=SHAPE_REPRESENTATION('flange',(#1223),#2229);
#1223=AXIS2_PLACEMENT_3D('',#1665,#1343,#1344);
#1224=AXIS2_PLACEMENT_3D('',#1666,#1345,#1346);
#1225=AXIS2_PLACEMENT_3D('',#1670,#1348,#1349);
#1226=AXIS2_PLACEMENT_3D('',#1674,#1351,#1352);
#1227=AXIS2_PLACEMENT_3D('',#1677,#1354,#1355);
#1228=AXIS2_PLACEMENT_3D('',#1681,#1357,#1358);
#1229=AXIS2_PLACEMENT_3D('',#1687,#1361,#1362);
#1230=AXIS2_PLACEMENT_3D('',#1688,#1363,#1364);
#1231=AXIS2_PLACEMENT_3D('',#1689,#1365,#1366);
#1232=AXIS2_PLACEMENT_3D('',#1691,#1367,#1368);
#1233=AXIS2_PLACEMENT_3D('',#1696,#1370,#1371);
#1234=AXIS2_PLACEMENT_3D('',#1700,#1373,#1374);
#1235=AXIS2_PLACEMENT_3D('',#1704,#1376,#1377);
#1236=AXIS2_PLACEMENT_3D('',#1708,#1379,#1380);
#1237=AXIS2_PLACEMENT_3D('',#1709,#1381,#1382);
#1238=AXIS2_PLACEMENT_3D('',#1710,#1383,#1384);
#1239=AXIS2_PLACEMENT_3D('',#1712,#1385,#1386);
#1240=AXIS2_PLACEMENT_3D('',#1717,#1388,#1389);
#1241=AXIS2_PLACEMENT_3D('',#1721,#1391,#1392);
#1242=AXIS2_PLACEMENT_3D('',#1725,#1394,#1395);
#1243=AXIS2_PLACEMENT_3D('',#1729,#1397,#1398);
#1244=AXIS2_PLACEMENT_3D('',#1730,#1399,#1400);
#1245=AXIS2_PLACEMENT_3D('',#1736,#1404,#1405);
#1246=AXIS2_PLACEMENT_3D('',#1742,#1409,#1410);
#1247=AXIS2_PLACEMENT_3D('',#1748,#1414,#1415);
#1248=AXIS2_PLACEMENT_3D('',#1754,#1419,#1420);
#1249=AXIS2_PLACEMENT_3D('',#1763,#1422,#1423);
#1250=AXIS2_PLACEMENT_3D('',#1764,#1424,#1425);
#1251=AXIS2_PLACEMENT_3D('',#1776,#1427,#1428);
#1252=AXIS2_PLACEMENT_3D('',#1785,#1430,#1431);
#1253=AXIS2_PLACEMENT_3D('',#1786,#1432,#1433);
#1254=AXIS2_PLACEMENT_3D('',#1795,#1435,#1436);
#1255=AXIS2_PLACEMENT_3D('',#1796,#1437,#1438);
#1256=AXIS2_PLACEMENT_3D('',#1810,#1440,#1441);
#1257=AXIS2_PLACEMENT_3D('',#1819,#1443,#1444);
#1258=AXIS2_PLACEMENT_3D('',#1820,#1445,#1446);
#1259=AXIS2_PLACEMENT_3D('',#1821,#1447,#1448);
#1260=AXIS2_PLACEMENT_3D('',#1822,#1449,#1450);
#1261=AXIS2_PLACEMENT_3D('',#1824,#1452,#1453);
#1262=AXIS2_PLACEMENT_3D('',#1825,#1454,#1455);
#1263=AXIS2_PLACEMENT_3D('',#1827,#1456,#1457);
#1264=AXIS2_PLACEMENT_3D('',#1828,#1458,#1459);
#1265=AXIS2_PLACEMENT_3D('',#1830,#1460,#1461);
#1266=AXIS2_PLACEMENT_3D('',#1831,#1462,#1463);
#1267=AXIS2_PLACEMENT_3D('',#1832,#1464,#1465);
#1268=AXIS2_PLACEMENT_3D('',#1858,#1479,#1480);
#1269=AXIS2_PLACEMENT_3D('',#1859,#1481,#1482);
#1270=AXIS2_PLACEMENT_3D('',#1861,#1483,#1484);
#1271=AXIS2_PLACEMENT_3D('',#1862,#1485,#1486);
#1272=AXIS2_PLACEMENT_3D('',#1864,#1487,#1488);
#1273=AXIS2_PLACEMENT_3D('',#1865,#1489,#1490);
#1274=AXIS2_PLACEMENT_3D('',#1869,#1492,#1493);
#1275=AXIS2_PLACEMENT_3D('',#1870,#1494,#1495);
#1276=AXIS2_PLACEMENT_3D('',#1874,#1497,#1498);
#1277=AXIS2_PLACEMENT_3D('',#1877,#1500,#1501);
#1278=AXIS2_PLACEMENT_3D('',#1881,#1503,#1504);
#1279=AXIS2_PLACEMENT_3D('',#1886,#1507,#1508);
#1280=AXIS2_PLACEMENT_3D('',#1890,#1510,#1511);
#1281=AXIS2_PLACEMENT_3D('',#1893,#1513,#1514);
#1282=AXIS2_PLACEMENT_3D('',#1895,#1515,#1516);
#1283=AXIS2_PLACEMENT_3D('',#1944,#1517,#1518);
#1284=AXIS2_PLACEMENT_3D('',#1980,#1519,#1520);
#1285=AXIS2_PLACEMENT_3D('',#2015,#1521,#1522);
#1286=AXIS2_PLACEMENT_3D('',#2016,#1523,#1524);
#1287=AXIS2_PLACEMENT_3D('',#2017,#1525,#1526);
#1288=AXIS2_PLACEMENT_3D('',#2067,#1527,#1528);
#1289=AXIS2_PLACEMENT_3D('',#2069,#1529,#1530);
#1290=AXIS2_PLACEMENT_3D('',#2070,#1531,#1532);
#1291=AXIS2_PLACEMENT_3D('',#2072,#1533,#1534);
#1292=AXIS2_PLACEMENT_3D('',#2073,#1535,#1536);
#1293=AXIS2_PLACEMENT_3D('',#2074,#1537,#1538);
#1294=AXIS2_PLACEMENT_3D('',#2075,#1539,#1540);
#1295=AXIS2_PLACEMENT_3D('',#2076,#1541,#1542);
#1296=AXIS2_PLACEMENT_3D('',#2077,#1543,#1544);
#1297=AXIS2_PLACEMENT_3D('',#2078,#1545,#1546);
#1298=AXIS2_PLACEMENT_3D('',#2080,#1547,#1548);
#1299=AXIS2_PLACEMENT_3D('',#2082,#1549,#1550);
#1300=AXIS2_PLACEMENT_3D('',#2083,#1551,#1552);
#1301=AXIS2_PLACEMENT_3D('',#2084,#1553,#1554);
#1302=AXIS2_PLACEMENT_3D('',#2085,#1555,#1556);
#1303=AXIS2_PLACEMENT_3D('',#2086,#1557,#1558);
#1304=AXIS2_PLACEMENT_3D('',#2089,#1561,#1562);
#1305=AXIS2_PLACEMENT_3D('',#2092,#1565,#1566);
#1306=AXIS2_PLACEMENT_3D('',#2093,#1567,#1568);
#1307=AXIS2_PLACEMENT_3D('',#2094,#1569,#1570);
#1308=AXIS2_PLACEMENT_3D('',#2095,#1571,#1572);
#1309=AXIS2_PLACEMENT_3D('',#2096,#1573,#1574);
#1310=AXIS2_PLACEMENT_3D('',#2097,#1575,#1576);
#1311=AXIS2_PLACEMENT_3D('',#2098,#1577,#1578);
#1312=AXIS2_PLACEMENT_3D('',#2099,#1579,#1580);
#1313=AXIS2_PLACEMENT_3D('',#2100,#1581,#1582);
#1314=AXIS2_PLACEMENT_3D('',#2101,#1583,#1584);
#1315=AXIS2_PLACEMENT_3D('',#2102,#1585,#1586);
#1316=AXIS2_PLACEMENT_3D('',#2103,#1587,#1588);
#1317=AXIS2_PLACEMENT_3D('',#2104,#1589,#1590);
#1318=AXIS2_PLACEMENT_3D('',#2105,#1591,#1592);
#1319=AXIS2_PLACEMENT_3D('',#2106,#1593,#1594);
#1320=AXIS2_PLACEMENT_3D('',#2112,#1598,#1599);
#1321=AXIS2_PLACEMENT_3D('',#2116,#1602,#1603);
#1322=AXIS2_PLACEMENT_3D('',#2120,#1606,#1607);
#1323=AXIS2_PLACEMENT_3D('',#2124,#1610,#1611);
#1324=AXIS2_PLACEMENT_3D('',#2128,#1614,#1615);
#1325=AXIS2_PLACEMENT_3D('',#2130,#1617,#1618);
#1326=AXIS2_PLACEMENT_3D('',#2131,#1619,#1620);
#1327=AXIS2_PLACEMENT_3D('',#2137,#1624,#1625);
#1328=AXIS2_PLACEMENT_3D('',#2141,#1628,#1629);
#1329=AXIS2_PLACEMENT_3D('',#2145,#1632,#1633);
#1330=AXIS2_PLACEMENT_3D('',#2149,#1636,#1637);
#1331=AXIS2_PLACEMENT_3D('',#2153,#1640,#1641);
#1332=AXIS2_PLACEMENT_3D('',#2155,#1643,#1644);
#1333=AXIS2_PLACEMENT_3D('',#2156,#1645,#1646);
#1334=AXIS2_PLACEMENT_3D('',#2157,#1647,#1648);
#1335=AXIS2_PLACEMENT_3D('',#2159,#1649,#1650);
#1336=AXIS2_PLACEMENT_3D('',#2160,#1651,#1652);
#1337=AXIS2_PLACEMENT_3D('',#2161,#1653,#1654);
#1338=AXIS2_PLACEMENT_3D('',#2163,#1655,#1656);
#1339=AXIS2_PLACEMENT_3D('',#2224,#1657,#1658);
#1340=AXIS2_PLACEMENT_3D('',#2225,#1659,#1660);
#1341=AXIS2_PLACEMENT_3D('',#2226,#1661,#1662);
#1342=AXIS2_PLACEMENT_3D('',#2227,#1663,#1664);
#1343=DIRECTION('',(0.,0.,1.));
#1344=DIRECTION('',(1.,0.,0.));
#1345=DIRECTION('',(0.,-1.,0.));
#1346=DIRECTION('',(0.,0.,-1.));
#1347=DIRECTION('',(0.,0.,1.));
#1348=DIRECTION('',(0.,-1.,0.));
#1349=DIRECTION('',(0.,0.,-1.));
#1350=DIRECTION('',(1.,0.,0.));
#1351=DIRECTION('',(0.,-1.,0.));
#1352=DIRECTION('',(0.,0.,-1.));
#1353=DIRECTION('',(1.,0.,0.));
#1354=DIRECTION('',(0.,-1.,0.));
#1355=DIRECTION('',(0.,0.,-1.));
#1356=DIRECTION('',(1.,0.,0.));
#1357=DIRECTION('',(0.,-1.,0.));
#1358=DIRECTION('',(0.,0.,-1.));
#1359=DIRECTION('',(0.,0.,1.));
#1360=DIRECTION('',(1.,0.,0.));
#1361=DIRECTION('',(0.,-1.,0.));
#1362=DIRECTION('',(0.,0.,-1.));
#1363=DIRECTION('',(0.,1.,0.));
#1364=DIRECTION('',(0.,0.,1.));
#1365=DIRECTION('',(0.,1.,0.));
#1366=DIRECTION('',(0.,0.,1.));
#1367=DIRECTION('',(0.,1.,0.));
#1368=DIRECTION('',(0.,0.,1.));
#1369=DIRECTION('',(0.,0.,1.));
#1370=DIRECTION('',(0.,1.,0.));
#1371=DIRECTION('',(0.,0.,1.));
#1372=DIRECTION('',(-1.,0.,0.));
#1373=DIRECTION('',(0.,1.,0.));
#1374=DIRECTION('',(0.,0.,1.));
#1375=DIRECTION('',(0.,0.,1.));
#1376=DIRECTION('',(0.,1.,0.));
#1377=DIRECTION('',(0.,0.,1.));
#1378=DIRECTION('',(-1.,0.,0.));
#1379=DIRECTION('',(0.,1.,0.));
#1380=DIRECTION('',(0.,0.,1.));
#1381=DIRECTION('',(0.,-1.,0.));
#1382=DIRECTION('',(0.,0.,-1.));
#1383=DIRECTION('',(0.,-1.,0.));
#1384=DIRECTION('',(0.,0.,-1.));
#1385=DIRECTION('',(0.,-1.,0.));
#1386=DIRECTION('',(0.,0.,-1.));
#1387=DIRECTION('',(1.,0.,0.));
#1388=DIRECTION('',(0.,-1.,0.));
#1389=DIRECTION('',(0.,0.,-1.));
#1390=DIRECTION('',(0.,0.,1.));
#1391=DIRECTION('',(0.,-1.,0.));
#1392=DIRECTION('',(0.,0.,-1.));
#1393=DIRECTION('',(1.,0.,0.));
#1394=DIRECTION('',(0.,-1.,0.));
#1395=DIRECTION('',(0.,0.,-1.));
#1396=DIRECTION('',(0.,0.,1.));
#1397=DIRECTION('',(0.,-1.,0.));
#1398=DIRECTION('',(0.,0.,-1.));
#1399=DIRECTION('',(0.,0.,-1.));
#1400=DIRECTION('',(1.,0.,0.));
#1401=DIRECTION('',(0.,1.,0.));
#1402=DIRECTION('',(1.,0.,0.));
#1403=DIRECTION('',(0.,1.,0.));
#1404=DIRECTION('',(1.,2.47817639425258E-16,0.));
#1405=DIRECTION('',(-2.47817639425258E-16,1.,0.));
#1406=DIRECTION('',(0.,1.,0.));
#1407=DIRECTION('',(-2.47817639425258E-16,1.,0.));
#1408=DIRECTION('',(0.,0.,1.));
#1409=DIRECTION('',(1.,2.47817639425258E-16,0.));
#1410=DIRECTION('',(-2.47817639425258E-16,1.,0.));
#1411=DIRECTION('',(0.,1.,0.));
#1412=DIRECTION('',(0.,0.,1.));
#1413=DIRECTION('',(-2.47817639425258E-16,1.,0.));
#1414=DIRECTION('',(0.,0.,-1.));
#1415=DIRECTION('',(1.,0.,0.));
#1416=DIRECTION('',(0.,1.,0.));
#1417=DIRECTION('',(0.,1.,0.));
#1418=DIRECTION('',(1.,0.,0.));
#1419=DIRECTION('',(0.,0.,-1.));
#1420=DIRECTION('',(-1.,0.,0.));
#1421=DIRECTION('',(0.,0.,1.));
#1422=DIRECTION('',(0.,0.,-1.));
#1423=DIRECTION('',(-1.,0.,0.));
#1424=DIRECTION('',(1.,0.,0.));
#1425=DIRECTION('',(0.,0.,-1.));
#1426=DIRECTION('',(1.,0.,0.));
#1427=DIRECTION('',(0.,0.,1.));
#1428=DIRECTION('',(1.,0.,0.));
#1429=DIRECTION('',(0.,0.,1.));
#1430=DIRECTION('',(0.,0.,1.));
#1431=DIRECTION('',(1.,0.,0.));
#1432=DIRECTION('',(0.,0.,-1.));
#1433=DIRECTION('',(-1.,0.,0.));
#1434=DIRECTION('',(0.,0.,1.));
#1435=DIRECTION('',(0.,0.,-1.));
#1436=DIRECTION('',(-1.,0.,0.));
#1437=DIRECTION('',(-1.,0.,0.));
#1438=DIRECTION('',(0.,0.,1.));
#1439=DIRECTION('',(1.,0.,0.));
#1440=DIRECTION('',(0.,0.,1.));
#1441=DIRECTION('',(1.,0.,0.));
#1442=DIRECTION('',(0.,0.,1.));
#1443=DIRECTION('',(0.,0.,1.));
#1444=DIRECTION('',(1.,0.,0.));
#1445=DIRECTION('',(0.,-1.,0.));
#1446=DIRECTION('',(0.,0.,-1.));
#1447=DIRECTION('',(0.,-1.,0.));
#1448=DIRECTION('',(0.,0.,-1.));
#1449=DIRECTION('',(0.,-1.,0.));
#1450=DIRECTION('',(0.,0.,-1.));
#1451=DIRECTION('',(1.,0.,0.));
#1452=DIRECTION('',(0.,-1.,0.));
#1453=DIRECTION('',(0.,0.,-1.));
#1454=DIRECTION('',(0.,-1.,0.));
#1455=DIRECTION('',(0.,0.,-1.));
#1456=DIRECTION('',(0.,-1.,0.));
#1457=DIRECTION('',(0.,0.,-1.));
#1458=DIRECTION('',(0.,1.,0.));
#1459=DIRECTION('',(0.,0.,-1.));
#1460=DIRECTION('',(0.,-1.,0.));
#1461=DIRECTION('',(0.,0.,-1.));
#1462=DIRECTION('',(0.,1.,0.));
#1463=DIRECTION('',(0.,0.,1.));
#1464=DIRECTION('',(0.,1.,0.));
#1465=DIRECTION('',(0.,0.,1.));
#1466=DIRECTION('',(1.,0.,0.));
#1467=DIRECTION('',(0.5,0.,-0.866025403784439));
#1468=DIRECTION('',(1.,0.,0.));
#1469=DIRECTION('',(0.5,0.,0.866025403784439));
#1470=DIRECTION('',(-0.5,0.,0.866025403784439));
#1471=DIRECTION('',(-1.,0.,0.));
#1472=DIRECTION('',(-0.5,0.,-0.866025403784439));
#1473=DIRECTION('',(0.5,0.,0.866025403784439));
#1474=DIRECTION('',(-0.5,0.,0.866025403784439));
#1475=DIRECTION('',(-1.,0.,0.));
#1476=DIRECTION('',(-0.5,0.,-0.866025403784439));
#1477=DIRECTION('',(0.5,0.,-0.866025403784439));
#1478=DIRECTION('',(1.,0.,0.));
#1479=DIRECTION('',(0.,-1.,0.));
#1480=DIRECTION('',(0.,0.,-1.));
#1481=DIRECTION('',(0.,-1.,0.));
#1482=DIRECTION('',(0.,0.,-1.));
#1483=DIRECTION('',(0.,-1.,0.));
#1484=DIRECTION('',(0.,0.,-1.));
#1485=DIRECTION('',(0.,-1.,0.));
#1486=DIRECTION('',(0.,0.,-1.));
#1487=DIRECTION('',(0.,0.,-1.));
#1488=DIRECTION('',(1.,0.,0.));
#1489=DIRECTION('',(0.,0.,1.));
#1490=DIRECTION('',(1.,0.,0.));
#1491=DIRECTION('',(1.,0.,0.));
#1492=DIRECTION('',(0.,0.,-1.));
#1493=DIRECTION('',(1.,0.,0.));
#1494=DIRECTION('',(0.,0.,1.));
#1495=DIRECTION('',(1.,0.,0.));
#1496=DIRECTION('',(1.,0.,0.));
#1497=DIRECTION('',(0.,0.,-1.));
#1498=DIRECTION('',(1.,0.,0.));
#1499=DIRECTION('',(-2.47817639425258E-16,-1.,0.));
#1500=DIRECTION('',(0.,0.,1.));
#1501=DIRECTION('',(1.,0.,0.));
#1502=DIRECTION('',(0.,-1.,0.));
#1503=DIRECTION('',(0.,0.,1.));
#1504=DIRECTION('',(1.,0.,0.));
#1505=DIRECTION('',(-2.47817639425258E-16,1.,0.));
#1506=DIRECTION('',(-2.47817639425258E-16,1.,0.));
#1507=DIRECTION('',(0.,0.,1.));
#1508=DIRECTION('',(1.,0.,0.));
#1509=DIRECTION('',(0.,-1.,0.));
#1510=DIRECTION('',(0.,0.,1.));
#1511=DIRECTION('',(1.,0.,0.));
#1512=DIRECTION('',(-2.47817639425258E-16,-1.,0.));
#1513=DIRECTION('',(0.,0.,-1.));
#1514=DIRECTION('',(-1.,0.,0.));
#1515=DIRECTION('',(0.,0.,-1.));
#1516=DIRECTION('',(-1.,0.,0.));
#1517=DIRECTION('',(0.,0.,1.));
#1518=DIRECTION('',(1.,0.,0.));
#1519=DIRECTION('',(0.649448048330184,0.,-0.76040596560003));
#1520=DIRECTION('',(-0.760405965600031,0.,-0.649448048330184));
#1521=DIRECTION('',(0.649448048330184,0.,0.760405965600031));
#1522=DIRECTION('',(0.760405965600031,0.,-0.649448048330184));
#1523=DIRECTION('',(0.,0.,-1.));
#1524=DIRECTION('',(-1.,0.,0.));
#1525=DIRECTION('',(0.,0.,-1.));
#1526=DIRECTION('',(-1.,0.,0.));
#1527=DIRECTION('',(0.,0.,1.));
#1528=DIRECTION('',(1.,0.,0.));
#1529=DIRECTION('',(0.,0.,1.));
#1530=DIRECTION('',(1.,0.,0.));
#1531=DIRECTION('',(0.,0.,1.));
#1532=DIRECTION('',(1.,0.,0.));
#1533=DIRECTION('',(1.,0.,0.));
#1534=DIRECTION('',(0.,0.,-1.));
#1535=DIRECTION('',(1.,0.,0.));
#1536=DIRECTION('',(0.,0.,-1.));
#1537=DIRECTION('',(0.,-1.,0.));
#1538=DIRECTION('',(0.,0.,-1.));
#1539=DIRECTION('',(0.,-1.,0.));
#1540=DIRECTION('',(0.,0.,-1.));
#1541=DIRECTION('',(0.,0.,1.));
#1542=DIRECTION('',(1.,0.,0.));
#1543=DIRECTION('',(0.,0.,-1.));
#1544=DIRECTION('',(1.,0.,0.));
#1545=DIRECTION('',(0.,0.,-1.));
#1546=DIRECTION('',(-1.,0.,0.));
#1547=DIRECTION('',(0.,0.,-1.));
#1548=DIRECTION('',(-1.,0.,0.));
#1549=DIRECTION('',(0.,0.,1.));
#1550=DIRECTION('',(1.,0.,0.));
#1551=DIRECTION('',(0.,0.,-1.));
#1552=DIRECTION('',(-1.,0.,0.));
#1553=DIRECTION('',(0.649448048330184,0.,-0.76040596560003));
#1554=DIRECTION('',(-0.760405965600031,0.,-0.649448048330184));
#1555=DIRECTION('',(0.649448048330184,0.,0.760405965600031));
#1556=DIRECTION('',(0.760405965600031,0.,-0.649448048330184));
#1557=DIRECTION('',(-1.,2.47817639425258E-16,0.));
#1558=DIRECTION('',(-2.47817639425258E-16,-1.,0.));
#1559=DIRECTION('',(0.,1.,0.));
#1560=DIRECTION('',(-2.47817639425258E-16,-1.,0.));
#1561=DIRECTION('',(-1.,2.47817639425258E-16,0.));
#1562=DIRECTION('',(-2.47817639425258E-16,-1.,0.));
#1563=DIRECTION('',(0.,1.,0.));
#1564=DIRECTION('',(-2.47817639425258E-16,-1.,0.));
#1565=DIRECTION('',(2.47817639425258E-16,1.,0.));
#1566=DIRECTION('',(-1.,2.47817639425258E-16,0.));
#1567=DIRECTION('',(0.8,-0.6,0.));
#1568=DIRECTION('',(-0.6,-0.8,0.));
#1569=DIRECTION('',(-2.47817639425258E-16,-1.,0.));
#1570=DIRECTION('',(1.,-2.47817639425258E-16,0.));
#1571=DIRECTION('',(0.8,0.6,0.));
#1572=DIRECTION('',(-0.6,0.8,0.));
#1573=DIRECTION('',(-1.,0.,0.));
#1574=DIRECTION('',(0.,0.,1.));
#1575=DIRECTION('',(0.6,-0.8,0.));
#1576=DIRECTION('',(-0.8,-0.6,0.));
#1577=DIRECTION('',(0.6,0.8,0.));
#1578=DIRECTION('',(-0.8,0.6,0.));
#1579=DIRECTION('',(-2.47817639425258E-16,1.,0.));
#1580=DIRECTION('',(-1.,-2.47817639425258E-16,0.));
#1581=DIRECTION('',(-0.8,-0.6,0.));
#1582=DIRECTION('',(0.6,-0.8,0.));
#1583=DIRECTION('',(2.47817639425258E-16,-1.,0.));
#1584=DIRECTION('',(1.,2.47817639425258E-16,0.));
#1585=DIRECTION('',(-0.8,0.6,0.));
#1586=DIRECTION('',(0.6,0.8,0.));
#1587=DIRECTION('',(1.,0.,0.));
#1588=DIRECTION('',(0.,0.,-1.));
#1589=DIRECTION('',(-0.6,-0.8,0.));
#1590=DIRECTION('',(0.8,-0.6,0.));
#1591=DIRECTION('',(-0.6,0.8,0.));
#1592=DIRECTION('',(0.8,0.6,0.));
#1593=DIRECTION('',(0.,0.,-1.));
#1594=DIRECTION('',(-1.,0.,0.));
#1595=DIRECTION('',(0.,1.,0.));
#1596=DIRECTION('',(-1.,0.,0.));
#1597=DIRECTION('',(0.,1.,0.));
#1598=DIRECTION('',(-0.866025403784439,0.,-0.5));
#1599=DIRECTION('',(-0.5,0.,0.866025403784439));
#1600=DIRECTION('',(0.,1.,0.));
#1601=DIRECTION('',(-0.5,0.,0.866025403784439));
#1602=DIRECTION('',(-0.866025403784439,0.,0.5));
#1603=DIRECTION('',(0.5,0.,0.866025403784439));
#1604=DIRECTION('',(0.,1.,0.));
#1605=DIRECTION('',(0.5,0.,0.866025403784439));
#1606=DIRECTION('',(0.,0.,1.));
#1607=DIRECTION('',(1.,0.,0.));
#1608=DIRECTION('',(0.,1.,0.));
#1609=DIRECTION('',(1.,0.,0.));
#1610=DIRECTION('',(0.866025403784438,0.,0.5));
#1611=DIRECTION('',(0.5,0.,-0.866025403784439));
#1612=DIRECTION('',(0.,1.,0.));
#1613=DIRECTION('',(0.5,0.,-0.866025403784439));
#1614=DIRECTION('',(0.866025403784439,0.,-0.5));
#1615=DIRECTION('',(-0.5,0.,-0.866025403784439));
#1616=DIRECTION('',(-0.5,0.,-0.866025403784439));
#1617=DIRECTION('',(0.,1.,0.));
#1618=DIRECTION('',(-1.,0.,0.));
#1619=DIRECTION('',(0.866025403784438,0.,-0.5));
#1620=DIRECTION('',(-0.5,0.,-0.866025403784439));
#1621=DIRECTION('',(0.,1.,0.));
#1622=DIRECTION('',(-0.5,0.,-0.866025403784439));
#1623=DIRECTION('',(0.,1.,0.));
#1624=DIRECTION('',(0.,0.,-1.));
#1625=DIRECTION('',(-1.,0.,0.));
#1626=DIRECTION('',(0.,1.,0.));
#1627=DIRECTION('',(-1.,0.,0.));
#1628=DIRECTION('',(-0.866025403784439,0.,-0.5));
#1629=DIRECTION('',(-0.5,0.,0.866025403784439));
#1630=DIRECTION('',(0.,1.,0.));
#1631=DIRECTION('',(-0.5,0.,0.866025403784439));
#1632=DIRECTION('',(-0.866025403784439,0.,0.5));
#1633=DIRECTION('',(0.5,0.,0.866025403784439));
#1634=DIRECTION('',(0.,1.,0.));
#1635=DIRECTION('',(0.5,0.,0.866025403784439));
#1636=DIRECTION('',(0.,0.,1.));
#1637=DIRECTION('',(1.,0.,0.));
#1638=DIRECTION('',(0.,1.,0.));
#1639=DIRECTION('',(1.,0.,0.));
#1640=DIRECTION('',(0.866025403784439,0.,0.5));
#1641=DIRECTION('',(0.5,0.,-0.866025403784439));
#1642=DIRECTION('',(0.5,0.,-0.866025403784439));
#1643=DIRECTION('',(0.,1.,0.));
#1644=DIRECTION('',(-1.,0.,0.));
#1645=DIRECTION('',(0.,-1.,0.));
#1646=DIRECTION('',(0.,0.,-1.));
#1647=DIRECTION('',(0.,1.,0.));
#1648=DIRECTION('',(0.,0.,-1.));
#1649=DIRECTION('',(0.,-1.,0.));
#1650=DIRECTION('',(1.,0.,0.));
#1651=DIRECTION('',(0.,-1.,0.));
#1652=DIRECTION('',(0.,0.,-1.));
#1653=DIRECTION('',(0.,-1.,0.));
#1654=DIRECTION('',(0.,0.,-1.));
#1655=DIRECTION('',(0.,-1.,0.));
#1656=DIRECTION('',(1.,0.,0.));
#1657=DIRECTION('',(0.,1.,0.));
#1658=DIRECTION('',(0.,0.,1.));
#1659=DIRECTION('',(0.,1.,0.));
#1660=DIRECTION('',(0.,0.,1.));
#1661=DIRECTION('',(0.,1.,0.));
#1662=DIRECTION('',(0.,0.,1.));
#1663=DIRECTION('',(0.,1.,0.));
#1664=DIRECTION('',(0.,0.,1.));
#1665=CARTESIAN_POINT('',(0.,0.,0.));
#1666=CARTESIAN_POINT('',(0.,-0.01875,-0.015));
#1667=CARTESIAN_POINT('',(-0.0105,-0.01875,-0.015));
#1668=CARTESIAN_POINT('',(-0.0105,-0.01875,-0.008));
#1669=CARTESIAN_POINT('',(-0.0105,-0.01875,-0.0128659419433512));
#1670=CARTESIAN_POINT('',(-0.0063,-0.01875,-0.0098));
#1671=CARTESIAN_POINT('',(-0.00936594194335118,-0.01875,-0.014));
#1672=CARTESIAN_POINT('',(0.,-0.01875,-0.014));
#1673=CARTESIAN_POINT('',(-0.005,-0.01875,-0.014));
#1674=CARTESIAN_POINT('',(-0.005,-0.01875,-0.011));
#1675=CARTESIAN_POINT('',(-0.005,-0.01875,-0.008));
#1676=CARTESIAN_POINT('',(-0.0115,-0.01875,-0.008));
#1677=CARTESIAN_POINT('',(0.,-0.01875,-0.015));
#1678=CARTESIAN_POINT('',(0.,-0.01875,-0.014));
#1679=CARTESIAN_POINT('',(0.005,-0.01875,-0.014));
#1680=CARTESIAN_POINT('',(0.00936594194335118,-0.01875,-0.014));
#1681=CARTESIAN_POINT('',(0.0063,-0.01875,-0.0098));
#1682=CARTESIAN_POINT('',(0.0105,-0.01875,-0.0128659419433512));
#1683=CARTESIAN_POINT('',(0.0105,-0.01875,-0.008));
#1684=CARTESIAN_POINT('',(0.0105,-0.01875,-0.008));
#1685=CARTESIAN_POINT('',(-0.0115,-0.01875,-0.008));
#1686=CARTESIAN_POINT('',(0.005,-0.01875,-0.008));
#1687=CARTESIAN_POINT('',(0.005,-0.01875,-0.011));
#1688=CARTESIAN_POINT('',(-0.00575,-0.01175,-0.015));
#1689=CARTESIAN_POINT('',(0.005,-0.01175,-0.011));
#1690=CARTESIAN_POINT('',(0.005,-0.01175,-0.00935));
#1691=CARTESIAN_POINT('',(-0.005,-0.01175,-0.011));
#1692=CARTESIAN_POINT('',(-0.005,-0.01175,-0.00935));
#1693=CARTESIAN_POINT('',(0.0115,-0.01175,-0.015));
#1694=CARTESIAN_POINT('',(0.0115,-0.01175,-0.0098));
#1695=CARTESIAN_POINT('',(0.0115,-0.01175,-0.008));
#1696=CARTESIAN_POINT('',(0.0063,-0.01175,-0.0098));
#1697=CARTESIAN_POINT('',(0.0063,-0.01175,-0.015));
#1698=CARTESIAN_POINT('',(-0.00575,-0.01175,-0.015));
#1699=CARTESIAN_POINT('',(-0.0063,-0.01175,-0.015));
#1700=CARTESIAN_POINT('',(-0.0063,-0.01175,-0.0098));
#1701=CARTESIAN_POINT('',(-0.0115,-0.01175,-0.0098));
#1702=CARTESIAN_POINT('',(-0.0115,-0.01175,-0.015));
#1703=CARTESIAN_POINT('',(-0.0115,-0.01175,-0.008));
#1704=CARTESIAN_POINT('',(-0.0145,-0.01175,-0.008));
#1705=CARTESIAN_POINT('',(-0.0145,-0.01175,-0.005));
#1706=CARTESIAN_POINT('',(-0.00575,-0.01175,-0.005));
#1707=CARTESIAN_POINT('',(0.0145,-0.01175,-0.005));
#1708=CARTESIAN_POINT('',(0.0145,-0.01175,-0.008));
#1709=CARTESIAN_POINT('',(0.00575,0.01175,-0.015));
#1710=CARTESIAN_POINT('',(0.005,0.01175,-0.011));
#1711=CARTESIAN_POINT('',(0.005,0.01175,-0.01265));
#1712=CARTESIAN_POINT('',(-0.005,0.01175,-0.011));
#1713=CARTESIAN_POINT('',(-0.005,0.01175,-0.01265));
#1714=CARTESIAN_POINT('',(0.00575,0.01175,-0.015));
#1715=CARTESIAN_POINT('',(-0.0063,0.01175,-0.015));
#1716=CARTESIAN_POINT('',(0.0063,0.01175,-0.015));
#1717=CARTESIAN_POINT('',(0.0063,0.01175,-0.0098));
#1718=CARTESIAN_POINT('',(0.0115,0.01175,-0.0098));
#1719=CARTESIAN_POINT('',(0.0115,0.01175,-0.015));
#1720=CARTESIAN_POINT('',(0.0115,0.01175,-0.008));
#1721=CARTESIAN_POINT('',(0.0145,0.01175,-0.008));
#1722=CARTESIAN_POINT('',(0.0145,0.01175,-0.005));
#1723=CARTESIAN_POINT('',(0.00575,0.01175,-0.005));
#1724=CARTESIAN_POINT('',(-0.0145,0.01175,-0.005));
#1725=CARTESIAN_POINT('',(-0.0145,0.01175,-0.008));
#1726=CARTESIAN_POINT('',(-0.0115,0.01175,-0.008));
#1727=CARTESIAN_POINT('',(-0.0115,0.01175,-0.015));
#1728=CARTESIAN_POINT('',(-0.0115,0.01175,-0.0098));
#1729=CARTESIAN_POINT('',(-0.0063,0.01175,-0.0098));
#1730=CARTESIAN_POINT('',(3.46944695195361E-18,0.,-0.015));
#1731=CARTESIAN_POINT('',(0.0063,-0.03125,-0.015));
#1732=CARTESIAN_POINT('',(0.0063,-0.01775,-0.015));
#1733=CARTESIAN_POINT('',(3.46944695195361E-18,-0.01775,-0.015));
#1734=CARTESIAN_POINT('',(-0.0063,-0.01775,-0.015));
#1735=CARTESIAN_POINT('',(-0.0063,-0.03125,-0.015));
#1736=CARTESIAN_POINT('',(-0.0115,0.01525,-0.015));
#1737=CARTESIAN_POINT('',(-0.0115,-0.03125,-0.0098));
#1738=CARTESIAN_POINT('',(-0.0115,0.01775,-0.0098));
#1739=CARTESIAN_POINT('',(-0.0115,0.01525,-0.008));
#1740=CARTESIAN_POINT('',(-0.0115,0.01775,-0.008));
#1741=CARTESIAN_POINT('',(-0.0115,0.01775,-0.015));
#1742=CARTESIAN_POINT('',(0.0115,0.01525,-0.015));
#1743=CARTESIAN_POINT('',(0.0115,-0.03125,-0.0098));
#1744=CARTESIAN_POINT('',(0.0115,0.01775,-0.0098));
#1745=CARTESIAN_POINT('',(0.0115,0.01775,-0.008));
#1746=CARTESIAN_POINT('',(0.0115,0.01775,-0.008));
#1747=CARTESIAN_POINT('',(0.0115,0.01175,-0.008));
#1748=CARTESIAN_POINT('',(3.46944695195361E-18,0.,-0.015));
#1749=CARTESIAN_POINT('',(0.0063,-0.03125,-0.015));
#1750=CARTESIAN_POINT('',(0.0063,0.01775,-0.015));
#1751=CARTESIAN_POINT('',(-0.0063,-0.03125,-0.015));
#1752=CARTESIAN_POINT('',(-0.0063,0.01775,-0.015));
#1753=CARTESIAN_POINT('',(0.0115,0.01775,-0.015));
#1754=CARTESIAN_POINT('',(0.0105,-0.01775,-0.015));
#1755=CARTESIAN_POINT('',(0.0105,-0.01875,-0.0128659419433512));
#1756=CARTESIAN_POINT('',(0.0108430009344899,-0.01875,-0.0123960687521834));
#1757=CARTESIAN_POINT('',(0.0113422617379958,-0.0184418326683223,-0.0113819231539786));
#1758=CARTESIAN_POINT('',(0.0115,-0.0179805450496746,-0.0103257253807184));
#1759=CARTESIAN_POINT('',(0.0115,-0.01775,-0.0098));
#1760=CARTESIAN_POINT('',(0.0115,-0.01775,-0.0098));
#1761=CARTESIAN_POINT('',(0.0115,-0.01775,-0.015));
#1762=CARTESIAN_POINT('',(0.0115,-0.01775,-0.008));
#1763=CARTESIAN_POINT('',(0.0105,-0.01775,-0.008));
#1764=CARTESIAN_POINT('',(0.,-0.01775,-0.014));
#1765=CARTESIAN_POINT('',(0.00936594194335118,-0.01875,-0.014));
#1766=CARTESIAN_POINT('',(0.00889606875218339,-0.01875,-0.0143430009344899));
#1767=CARTESIAN_POINT('',(0.0078819231539756,-0.0184418326683292,-0.0148422617379958));
#1768=CARTESIAN_POINT('',(0.00682572538072439,-0.0179805450496608,-0.015));
#1769=CARTESIAN_POINT('',(0.0063,-0.01775,-0.015));
#1770=CARTESIAN_POINT('',(0.,-0.01875,-0.014));
#1771=CARTESIAN_POINT('',(-0.00936594194335118,-0.01875,-0.014));
#1772=CARTESIAN_POINT('',(-0.00889606875218339,-0.01875,-0.0143430009344899));
#1773=CARTESIAN_POINT('',(-0.0078819231539756,-0.0184418326683292,-0.0148422617379958));
#1774=CARTESIAN_POINT('',(-0.00682572538072439,-0.0179805450496608,-0.015));
#1775=CARTESIAN_POINT('',(-0.0063,-0.01775,-0.015));
#1776=CARTESIAN_POINT('',(-0.0105,-0.01775,-0.015));
#1777=CARTESIAN_POINT('',(-0.0115,-0.01775,-0.015));
#1778=CARTESIAN_POINT('',(-0.0115,-0.01775,-0.0098));
#1779=CARTESIAN_POINT('',(-0.0115,-0.01775,-0.008));
#1780=CARTESIAN_POINT('',(-0.0105,-0.01875,-0.0128659419433512));
#1781=CARTESIAN_POINT('',(-0.0108430009344899,-0.01875,-0.0123960687521834));
#1782=CARTESIAN_POINT('',(-0.0113422617379958,-0.0184418326683252,-0.0113819231539773));
#1783=CARTESIAN_POINT('',(-0.0115,-0.0179805450496687,-0.0103257253807209));
#1784=CARTESIAN_POINT('',(-0.0115,-0.01775,-0.0098));
#1785=CARTESIAN_POINT('',(-0.0105,-0.01775,-0.008));
#1786=CARTESIAN_POINT('',(0.0105,0.01775,-0.015));
#1787=CARTESIAN_POINT('',(0.0105,0.01875,-0.0128659419433512));
#1788=CARTESIAN_POINT('',(0.0108430009344899,0.01875,-0.0123960687521834));
#1789=CARTESIAN_POINT('',(0.0113422617379958,0.0184418326683223,-0.0113819231539786));
#1790=CARTESIAN_POINT('',(0.0115,0.0179805450496746,-0.0103257253807184));
#1791=CARTESIAN_POINT('',(0.0115,0.01775,-0.0098));
#1792=CARTESIAN_POINT('',(0.0105,0.01875,-0.0128659419433512));
#1793=CARTESIAN_POINT('',(0.0105,0.01875,-0.015));
#1794=CARTESIAN_POINT('',(0.0105,0.01875,-0.008));
#1795=CARTESIAN_POINT('',(0.0105,0.01775,-0.008));
#1796=CARTESIAN_POINT('',(3.46944695195361E-18,0.01775,-0.014));
#1797=CARTESIAN_POINT('',(-0.0115,0.01875,-0.014));
#1798=CARTESIAN_POINT('',(0.00936594194335118,0.01875,-0.014));
#1799=CARTESIAN_POINT('',(-0.00936594194335118,0.01875,-0.014));
#1800=CARTESIAN_POINT('',(0.00936594194335118,0.01875,-0.014));
#1801=CARTESIAN_POINT('',(0.00889606875218339,0.01875,-0.0143430009344899));
#1802=CARTESIAN_POINT('',(0.0078819231539756,0.0184418326683292,-0.0148422617379958));
#1803=CARTESIAN_POINT('',(0.00682572538072439,0.0179805450496608,-0.015));
#1804=CARTESIAN_POINT('',(0.0063,0.01775,-0.015));
#1805=CARTESIAN_POINT('',(-0.00936594194335118,0.01875,-0.014));
#1806=CARTESIAN_POINT('',(-0.00889606875218339,0.01875,-0.0143430009344899));
#1807=CARTESIAN_POINT('',(-0.0078819231539756,0.0184418326683292,-0.0148422617379958));
#1808=CARTESIAN_POINT('',(-0.00682572538072439,0.0179805450496608,-0.015));
#1809=CARTESIAN_POINT('',(-0.0063,0.01775,-0.015));
#1810=CARTESIAN_POINT('',(-0.0105,0.01775,-0.015));
#1811=CARTESIAN_POINT('',(-0.0105,0.01875,-0.015));
#1812=CARTESIAN_POINT('',(-0.0105,0.01875,-0.0128659419433512));
#1813=CARTESIAN_POINT('',(-0.0105,0.01875,-0.008));
#1814=CARTESIAN_POINT('',(-0.0105,0.01875,-0.0128659419433512));
#1815=CARTESIAN_POINT('',(-0.0108430009344899,0.01875,-0.0123960687521834));
#1816=CARTESIAN_POINT('',(-0.0113422617379958,0.0184418326683252,-0.0113819231539773));
#1817=CARTESIAN_POINT('',(-0.0115,0.0179805450496687,-0.0103257253807209));
#1818=CARTESIAN_POINT('',(-0.0115,0.01775,-0.0098));
#1819=CARTESIAN_POINT('',(-0.0105,0.01775,-0.008));
#1820=CARTESIAN_POINT('',(0.,-0.01875,-0.015));
#1821=CARTESIAN_POINT('',(-0.005,-0.01875,-0.011));
#1822=CARTESIAN_POINT('',(0.005,-0.01875,-0.011));
#1823=CARTESIAN_POINT('',(-0.0115,-0.01875,-0.008));
#1824=CARTESIAN_POINT('',(0.005,0.02725,-0.011));
#1825=CARTESIAN_POINT('',(0.005,-0.01575,-0.011));
#1826=CARTESIAN_POINT('',(0.005,-0.01575,-0.01265));
#1827=CARTESIAN_POINT('',(-0.005,0.02725,-0.011));
#1828=CARTESIAN_POINT('',(-0.005,-0.01575,-0.011));
#1829=CARTESIAN_POINT('',(-0.005,-0.01575,-0.01265));
#1830=CARTESIAN_POINT('',(0.,0.01875,-0.015));
#1831=CARTESIAN_POINT('',(0.0063,0.01875,-0.0098));
#1832=CARTESIAN_POINT('',(-0.0063,0.01875,-0.0098));
#1833=CARTESIAN_POINT('',(0.,0.01875,-0.008));
#1834=CARTESIAN_POINT('',(-0.00439951905283833,0.01875,-0.0175400635094611));
#1835=CARTESIAN_POINT('',(-0.00817542648054295,0.01875,-0.011));
#1836=CARTESIAN_POINT('',(-0.00658771324027147,0.01875,-0.01375));
#1837=CARTESIAN_POINT('',(0.,0.01875,-0.01375));
#1838=CARTESIAN_POINT('',(-0.00341228675972853,0.01875,-0.01375));
#1839=CARTESIAN_POINT('',(-0.00310048094716167,0.01875,-0.0132099364905389));
#1840=CARTESIAN_POINT('',(-0.00182457351945706,0.01875,-0.011));
#1841=CARTESIAN_POINT('',(0.000363620667976086,0.01875,-0.0147900635094611));
#1842=CARTESIAN_POINT('',(-0.00341228675972853,0.01875,-0.00825));
#1843=CARTESIAN_POINT('',(0.,0.01875,-0.00825));
#1844=CARTESIAN_POINT('',(-0.00658771324027147,0.01875,-0.00825));
#1845=CARTESIAN_POINT('',(-0.00786362066797609,0.01875,-0.0104599364905389));
#1846=CARTESIAN_POINT('',(-0.000363620667976086,0.01875,-0.0147900635094611));
#1847=CARTESIAN_POINT('',(0.00182457351945706,0.01875,-0.011));
#1848=CARTESIAN_POINT('',(0.00341228675972852,0.01875,-0.00825));
#1849=CARTESIAN_POINT('',(0.00310048094716167,0.01875,-0.0132099364905389));
#1850=CARTESIAN_POINT('',(0.00341228675972853,0.01875,-0.01375));
#1851=CARTESIAN_POINT('',(0.,0.01875,-0.01375));
#1852=CARTESIAN_POINT('',(0.00658771324027147,0.01875,-0.01375));
#1853=CARTESIAN_POINT('',(0.00439951905283833,0.01875,-0.0175400635094611));
#1854=CARTESIAN_POINT('',(0.00817542648054295,0.01875,-0.011));
#1855=CARTESIAN_POINT('',(0.00786362066797609,0.01875,-0.0104599364905389));
#1856=CARTESIAN_POINT('',(0.00658771324027147,0.01875,-0.00825));
#1857=CARTESIAN_POINT('',(0.,0.01875,-0.00825));
#1858=CARTESIAN_POINT('',(0.005,0.02725,-0.011));
#1859=CARTESIAN_POINT('',(0.005,0.01575,-0.011));
#1860=CARTESIAN_POINT('',(0.005,0.01575,-0.01265));
#1861=CARTESIAN_POINT('',(-0.005,0.02725,-0.011));
#1862=CARTESIAN_POINT('',(-0.005,0.01575,-0.011));
#1863=CARTESIAN_POINT('',(-0.005,0.01575,-0.01265));
#1864=CARTESIAN_POINT('',(0.,0.,-0.005));
#1865=CARTESIAN_POINT('',(0.,1.37772764904077E-18,-0.005));
#1866=CARTESIAN_POINT('',(-0.00576085931090146,-0.02175,-0.005));
#1867=CARTESIAN_POINT('',(0.00576085931090146,-0.02175,-0.005));
#1868=CARTESIAN_POINT('',(0.0115,-0.02175,-0.005));
#1869=CARTESIAN_POINT('',(0.,0.,-0.005));
#1870=CARTESIAN_POINT('',(0.,1.37772764904077E-18,-0.005));
#1871=CARTESIAN_POINT('',(0.00576085931090146,0.02175,-0.005));
#1872=CARTESIAN_POINT('',(-0.00576085931090146,0.02175,-0.005));
#1873=CARTESIAN_POINT('',(0.,0.02175,-0.005));
#1874=CARTESIAN_POINT('',(0.,0.,-0.005));
#1875=CARTESIAN_POINT('',(-0.0145,-0.01875,-0.005));
#1876=CARTESIAN_POINT('',(-0.0145,-0.0172046505340853,-0.005));
#1877=CARTESIAN_POINT('',(0.,1.37772764904077E-18,-0.005));
#1878=CARTESIAN_POINT('',(-0.01745,-0.0142037847069012,-0.005));
#1879=CARTESIAN_POINT('',(-0.01745,0.05,-0.005));
#1880=CARTESIAN_POINT('',(-0.01745,0.0142037847069012,-0.005));
#1881=CARTESIAN_POINT('',(0.,1.37772764904077E-18,-0.005));
#1882=CARTESIAN_POINT('',(-0.0145,0.0172046505340853,-0.005));
#1883=CARTESIAN_POINT('',(-0.0145,-3.59335577166625E-18,-0.005));
#1884=CARTESIAN_POINT('',(0.0145,0.01875,-0.005));
#1885=CARTESIAN_POINT('',(0.0145,0.0172046505340853,-0.005));
#1886=CARTESIAN_POINT('',(0.,1.37772764904077E-18,-0.005));
#1887=CARTESIAN_POINT('',(0.01745,0.0142037847069012,-0.005));
#1888=CARTESIAN_POINT('',(0.01745,0.05,-0.005));
#1889=CARTESIAN_POINT('',(0.01745,-0.0142037847069012,-0.005));
#1890=CARTESIAN_POINT('',(0.,1.37772764904077E-18,-0.005));
#1891=CARTESIAN_POINT('',(0.0145,-0.0172046505340853,-0.005));
#1892=CARTESIAN_POINT('',(0.0145,-3.59335577166625E-18,-0.005));
#1893=CARTESIAN_POINT('',(0.,-3.67394039744206E-19,-0.005));
#1894=CARTESIAN_POINT('',(-0.006,-3.67394039744206E-19,-0.005));
#1895=CARTESIAN_POINT('',(0.,1.37772764904077E-18,0.0075));
#1896=CARTESIAN_POINT('',(0.0224696728941824,0.00129441785808211,0.0020080658160949));
#1897=CARTESIAN_POINT('',(0.0225151489261933,-3.27951486534417E-7,0.00147106906563727));
#1898=CARTESIAN_POINT('',(0.0224697314010443,-0.00129310605213597,0.00200765792135602));
#1899=CARTESIAN_POINT('',(0.0224242682488649,-0.00182827992535177,0.00329861713191012));
#1900=CARTESIAN_POINT('',(0.0224697063593558,-0.00129377280642202,0.00459253382351605));
#1901=CARTESIAN_POINT('',(0.0225151129543368,-2.82053236932612E-7,0.0051283070845789));
#1902=CARTESIAN_POINT('',(0.0224698417759834,0.00129132684956423,0.00459423719298196));
#1903=CARTESIAN_POINT('',(0.0224242490833664,0.00182856262067753,0.00330186390599567));
#1904=CARTESIAN_POINT('',(0.0224696728941824,0.00129441785808211,0.0020080658160949));
#1905=CARTESIAN_POINT('',(0.0225151489261933,-3.27951486534417E-7,0.00147106906563727));
#1906=CARTESIAN_POINT('',(0.0224697314010443,-0.00129310605213597,0.00200765792135602));
#1907=CARTESIAN_POINT('',(0.0225,7.08000131754297E-20,0.00165));
#1908=CARTESIAN_POINT('',(-0.0224696728941824,0.00129441785808209,0.00459193418390512));
#1909=CARTESIAN_POINT('',(-0.0225151489261933,-3.27951486528156E-7,0.00512893093436272));
#1910=CARTESIAN_POINT('',(-0.0224697314010444,-0.00129310605213597,0.00459234207864399));
#1911=CARTESIAN_POINT('',(-0.0224242682488648,-0.00182827992535177,0.00330138286808988));
#1912=CARTESIAN_POINT('',(-0.0224697063593558,-0.00129377280642202,0.00200746617648395));
#1913=CARTESIAN_POINT('',(-0.0225151129543368,-2.82053236929835E-7,0.00147169291542109));
#1914=CARTESIAN_POINT('',(-0.0224698417759834,0.00129132684956423,0.00200576280701805));
#1915=CARTESIAN_POINT('',(-0.0224242490833664,0.00182856262067753,0.00329813609400433));
#1916=CARTESIAN_POINT('',(-0.0224696728941824,0.00129441785808209,0.00459193418390512));
#1917=CARTESIAN_POINT('',(-0.0225151489261933,-3.27951486528156E-7,0.00512893093436272));
#1918=CARTESIAN_POINT('',(-0.0224697314010444,-0.00129310605213597,0.00459234207864399));
#1919=CARTESIAN_POINT('',(-0.0225,1.19522789346308E-18,0.00495));
#1920=CARTESIAN_POINT('',(0.00117674516084895,-0.022474936196841,0.00212551146150791));
#1921=CARTESIAN_POINT('',(-2.98863153706309E-7,-0.0225125197834128,0.00163733733912162));
#1922=CARTESIAN_POINT('',(-0.00117554970823412,-0.022474984669508,0.0021251391820056));
#1923=CARTESIAN_POINT('',(-0.00166206936235065,-0.0224374295109176,0.00329875098765525));
#1924=CARTESIAN_POINT('',(-0.0011761715403433,-0.0224749632976784,0.00447501575613501));
#1925=CARTESIAN_POINT('',(-2.49017607666164E-7,-0.0225124902057439,0.00496210205160116));
#1926=CARTESIAN_POINT('',(0.00117393014306006,-0.0224750758405269,0.0044765754551716));
#1927=CARTESIAN_POINT('',(0.00166233006661186,-0.0224374135456155,0.00330171061215477));
#1928=CARTESIAN_POINT('',(0.00117674516084895,-0.022474936196841,0.00212551146150791));
#1929=CARTESIAN_POINT('',(-2.98863153706309E-7,-0.0225125197834128,0.00163733733912162));
#1930=CARTESIAN_POINT('',(-0.00117554970823412,-0.022474984669508,0.0021251391820056));
#1931=CARTESIAN_POINT('',(-8.36565419890995E-20,-0.0225,0.0018));
#1932=CARTESIAN_POINT('',(-0.00117674516084895,0.022474936196841,0.00212551146150791));
#1933=CARTESIAN_POINT('',(2.98863153706309E-7,0.0225125197834128,0.00163733733912162));
#1934=CARTESIAN_POINT('',(0.00117554970823412,0.022474984669508,0.0021251391820056));
#1935=CARTESIAN_POINT('',(0.00166206936235065,0.0224374295109176,0.00329875098765525));
#1936=CARTESIAN_POINT('',(0.0011761715403433,0.0224749632976784,0.00447501575613501));
#1937=CARTESIAN_POINT('',(2.49017607666164E-7,0.0225124902057439,0.00496210205160116));
#1938=CARTESIAN_POINT('',(-0.00117393014306006,0.0224750758405269,0.0044765754551716));
#1939=CARTESIAN_POINT('',(-0.00166233006661186,0.0224374135456155,0.00330171061215477));
#1940=CARTESIAN_POINT('',(-0.00117674516084895,0.022474936196841,0.00212551146150791));
#1941=CARTESIAN_POINT('',(2.98863153706309E-7,0.0225125197834128,0.00163733733912162));
#1942=CARTESIAN_POINT('',(0.00117554970823412,0.022474984669508,0.0021251391820056));
#1943=CARTESIAN_POINT('',(8.36565419890995E-20,0.0225,0.0018));
#1944=CARTESIAN_POINT('',(0.,1.37772764904077E-18,0.0065));
#1945=CARTESIAN_POINT('',(0.0225,1.37772764904077E-18,0.0065));
#1946=CARTESIAN_POINT('',(-0.0145,-0.0172046505340853,-0.005));
#1947=CARTESIAN_POINT('',(-0.014121026433089,-0.0175240477057583,-0.005));
#1948=CARTESIAN_POINT('',(-0.0133531819511068,-0.0181279766663926,-0.00513888869000324));
#1949=CARTESIAN_POINT('',(-0.0126197189784764,-0.0186313689664562,-0.00561946681797186));
#1950=CARTESIAN_POINT('',(-0.012311937499855,-0.01883258333314,-0.00594759105062873));
#1951=CARTESIAN_POINT('',(-0.012311937499855,-0.0188325833331401,-0.00594759105062872));
#1952=CARTESIAN_POINT('',(-0.012311937499855,-0.0188325833331401,-0.00594759105062872));
#1953=CARTESIAN_POINT('',(-0.0121868645546637,-0.0189143506752449,-0.00608093066661495));
#1954=CARTESIAN_POINT('',(-0.011886977020457,-0.0191069468888338,-0.00628942586320746));
#1955=CARTESIAN_POINT('',(-0.0115269208539798,-0.0193237967361294,-0.00623011335801097));
#1956=CARTESIAN_POINT('',(-0.011379951807159,-0.0194099638553692,-0.00612270651153808));
#1957=CARTESIAN_POINT('',(-0.011379951807159,-0.0194099638553692,-0.00612270651153808));
#1958=CARTESIAN_POINT('',(-0.011379951807159,-0.0194099638553692,-0.00612270651153809));
#1959=CARTESIAN_POINT('',(-0.0109995981514552,-0.0196329630481466,-0.00584473922803672));
#1960=CARTESIAN_POINT('',(-0.0101341916375452,-0.0201078910520953,-0.00544716600247793));
#1961=CARTESIAN_POINT('',(-0.00827193035665464,-0.0209689290929222,-0.00504768137228257));
#1962=CARTESIAN_POINT('',(-0.00677570836441184,-0.0214811998795828,-0.005));
#1963=CARTESIAN_POINT('',(-0.00576085931090146,-0.02175,-0.005));
#1964=CARTESIAN_POINT('',(0.00576085931090146,-0.02175,-0.005));
#1965=CARTESIAN_POINT('',(0.00677523239320312,-0.021481325948694,-0.005));
#1966=CARTESIAN_POINT('',(0.00873815434231112,-0.0208161020931773,-0.00506604383028095));
#1967=CARTESIAN_POINT('',(0.0106159181163602,-0.0198579124783096,-0.00556434098421881));
#1968=CARTESIAN_POINT('',(0.011379951807159,-0.0194099638553692,-0.00612270651153808));
#1969=CARTESIAN_POINT('',(0.011379951807159,-0.0194099638553692,-0.00612270651153808));
#1970=CARTESIAN_POINT('',(0.011379951807159,-0.0194099638553692,-0.00612270651153808));
#1971=CARTESIAN_POINT('',(0.0115267747447869,-0.0193238823991212,-0.00623000657955664));
#1972=CARTESIAN_POINT('',(0.0118874119407999,-0.019106679783458,-0.00628940467546089));
#1973=CARTESIAN_POINT('',(0.0121868951863557,-0.0189143306495548,-0.00608089801032749));
#1974=CARTESIAN_POINT('',(0.012311937499855,-0.0188325833331401,-0.00594759105062872));
#1975=CARTESIAN_POINT('',(0.012311937499855,-0.0188325833331401,-0.00594759105062872));
#1976=CARTESIAN_POINT('',(0.012311937499855,-0.01883258333314,-0.00594759105062873));
#1977=CARTESIAN_POINT('',(0.0129247561932922,-0.0184319486820742,-0.00529426823067684));
#1978=CARTESIAN_POINT('',(0.0137437688973509,-0.0178419986142853,-0.005));
#1979=CARTESIAN_POINT('',(0.0145,-0.0172046505340853,-0.005));
#1980=CARTESIAN_POINT('',(0.,1.37772764904077E-18,-0.0199037079613375));
#1981=CARTESIAN_POINT('',(0.0145,0.0172046505340853,-0.005));
#1982=CARTESIAN_POINT('',(0.014121026433089,0.0175240477057583,-0.005));
#1983=CARTESIAN_POINT('',(0.0133531819511068,0.0181279766663926,-0.00513888869000323));
#1984=CARTESIAN_POINT('',(0.0126197189784764,0.0186313689664562,-0.00561946681797186));
#1985=CARTESIAN_POINT('',(0.012311937499855,0.01883258333314,-0.00594759105062873));
#1986=CARTESIAN_POINT('',(0.012311937499855,0.0188325833331401,-0.00594759105062872));
#1987=CARTESIAN_POINT('',(0.012311937499855,0.0188325833331401,-0.00594759105062872));
#1988=CARTESIAN_POINT('',(0.0121868645546637,0.0189143506752449,-0.00608093066661495));
#1989=CARTESIAN_POINT('',(0.011886977020457,0.0191069468888337,-0.00628942586320746));
#1990=CARTESIAN_POINT('',(0.0115269208539798,0.0193237967361294,-0.00623011335801097));
#1991=CARTESIAN_POINT('',(0.011379951807159,0.0194099638553692,-0.00612270651153808));
#1992=CARTESIAN_POINT('',(0.011379951807159,0.0194099638553692,-0.00612270651153809));
#1993=CARTESIAN_POINT('',(0.011379951807159,0.0194099638553692,-0.00612270651153809));
#1994=CARTESIAN_POINT('',(0.0109995981514552,0.0196329630481466,-0.00584473922803672));
#1995=CARTESIAN_POINT('',(0.0101341916375452,0.0201078910520953,-0.00544716600247793));
#1996=CARTESIAN_POINT('',(0.00827193035665465,0.0209689290929222,-0.00504768137228257));
#1997=CARTESIAN_POINT('',(0.00677570836441185,0.0214811998795828,-0.005));
#1998=CARTESIAN_POINT('',(0.00576085931090146,0.02175,-0.005));
#1999=CARTESIAN_POINT('',(-0.00576085931090146,0.02175,-0.005));
#2000=CARTESIAN_POINT('',(-0.00677523239320312,0.021481325948694,-0.005));
#2001=CARTESIAN_POINT('',(-0.00873815434231112,0.0208161020931773,-0.00506604383028095));
#2002=CARTESIAN_POINT('',(-0.0106159181163602,0.0198579124783096,-0.00556434098421881));
#2003=CARTESIAN_POINT('',(-0.011379951807159,0.0194099638553692,-0.00612270651153809));
#2004=CARTESIAN_POINT('',(-0.011379951807159,0.0194099638553692,-0.00612270651153808));
#2005=CARTESIAN_POINT('',(-0.011379951807159,0.0194099638553692,-0.00612270651153808));
#2006=CARTESIAN_POINT('',(-0.0115267747447869,0.0193238823991212,-0.00623000657955664));
#2007=CARTESIAN_POINT('',(-0.0118874119407999,0.019106679783458,-0.00628940467546089));
#2008=CARTESIAN_POINT('',(-0.0121868951863557,0.0189143306495548,-0.00608089801032749));
#2009=CARTESIAN_POINT('',(-0.012311937499855,0.0188325833331401,-0.00594759105062872));
#2010=CARTESIAN_POINT('',(-0.012311937499855,0.0188325833331401,-0.00594759105062872));
#2011=CARTESIAN_POINT('',(-0.012311937499855,0.01883258333314,-0.00594759105062873));
#2012=CARTESIAN_POINT('',(-0.0129247561932922,0.0184319486820742,-0.00529426823067684));
#2013=CARTESIAN_POINT('',(-0.0137437688973509,0.0178419986142853,-0.005));
#2014=CARTESIAN_POINT('',(-0.0145,0.0172046505340853,-0.005));
#2015=CARTESIAN_POINT('',(0.,1.37772764904077E-18,-0.0199037079613375));
#2016=CARTESIAN_POINT('',(0.,1.17259931018359E-18,0.0075));
#2017=CARTESIAN_POINT('',(0.,1.17259931018359E-18,0.));
#2018=CARTESIAN_POINT('',(-0.01915,1.17259931018359E-18,0.));
#2019=CARTESIAN_POINT('',(-0.00117674218424572,0.019120551837453,0.0021255168234694));
#2020=CARTESIAN_POINT('',(2.97550515018812E-7,0.0191647099069694,0.00163733400692937));
#2021=CARTESIAN_POINT('',(0.00117555198218565,0.0191206085346694,0.00212514714881313));
#2022=CARTESIAN_POINT('',(0.00166207534212102,0.0190764459913114,0.00329873621820662));
#2023=CARTESIAN_POINT('',(0.00117614533441374,0.0191205848660045,0.00447504295053172));
#2024=CARTESIAN_POINT('',(2.62451089537655E-7,0.0191646748341031,0.00496209353453336));
#2025=CARTESIAN_POINT('',(-0.00117393634114078,0.01912071575137,0.00447658232134804));
#2026=CARTESIAN_POINT('',(-0.00166232928732918,0.0190764275034058,0.00330168110539034));
#2027=CARTESIAN_POINT('',(-0.00117674218424572,0.019120551837453,0.0021255168234694));
#2028=CARTESIAN_POINT('',(2.97550515018812E-7,0.0191647099069694,0.00163733400692937));
#2029=CARTESIAN_POINT('',(0.00117555198218565,0.0191206085346694,0.00212514714881313));
#2030=CARTESIAN_POINT('',(1.03731579864219E-20,0.01915,0.0018));
#2031=CARTESIAN_POINT('',(0.00117674218424572,-0.019120551837453,0.0021255168234694));
#2032=CARTESIAN_POINT('',(-2.97550515018812E-7,-0.0191647099069694,0.00163733400692937));
#2033=CARTESIAN_POINT('',(-0.00117555198218565,-0.0191206085346694,0.00212514714881313));
#2034=CARTESIAN_POINT('',(-0.00166207534212102,-0.0190764459913114,0.00329873621820662));
#2035=CARTESIAN_POINT('',(-0.00117614533441374,-0.0191205848660045,0.00447504295053172));
#2036=CARTESIAN_POINT('',(-2.62451089537655E-7,-0.0191646748341031,0.00496209353453336));
#2037=CARTESIAN_POINT('',(0.00117393634114078,-0.01912071575137,0.00447658232134804));
#2038=CARTESIAN_POINT('',(0.00166232928732918,-0.0190764275034058,0.00330168110539034));
#2039=CARTESIAN_POINT('',(0.00117674218424572,-0.019120551837453,0.0021255168234694));
#2040=CARTESIAN_POINT('',(-2.97550515018812E-7,-0.0191647099069694,0.00163733400692937));
#2041=CARTESIAN_POINT('',(-0.00117555198218565,-0.0191206085346694,0.00212514714881313));
#2042=CARTESIAN_POINT('',(-1.03731579864219E-20,-0.01915,0.0018));
#2043=CARTESIAN_POINT('',(-0.0191143678851038,0.00129441396473974,0.00459192674998078));
#2044=CARTESIAN_POINT('',(-0.0191677989652243,-3.26209162296895E-7,0.00512893546923461));
#2045=CARTESIAN_POINT('',(-0.0191144362539989,-0.00129310912809054,0.00459233137308076));
#2046=CARTESIAN_POINT('',(-0.0190609647723071,-0.00182828790871302,0.00330140260698985));
#2047=CARTESIAN_POINT('',(-0.0191144089528394,-0.00129373777974833,0.0020074298576811));
#2048=CARTESIAN_POINT('',(-0.0191677562337117,-3.00074592935421E-7,0.00147170424409316));
#2049=CARTESIAN_POINT('',(-0.019114566055838,0.00129133555700854,0.00200575382140883));
#2050=CARTESIAN_POINT('',(-0.0190609426582053,0.0018285614524917,0.00329817631783581));
#2051=CARTESIAN_POINT('',(-0.0191143678851038,0.00129441396473974,0.00459192674998078));
#2052=CARTESIAN_POINT('',(-0.0191677989652243,-3.26209162296895E-7,0.00512893546923461));
#2053=CARTESIAN_POINT('',(-0.0191144362539989,-0.00129310912809054,0.00459233137308076));
#2054=CARTESIAN_POINT('',(-0.01915,1.12961381510228E-18,0.00495));
#2055=CARTESIAN_POINT('',(0.0191143678851038,0.00129441396473973,0.00200807325001921));
#2056=CARTESIAN_POINT('',(0.0191677989652243,-3.26209162297789E-7,0.00147106453076539));
#2057=CARTESIAN_POINT('',(0.0191144362539989,-0.00129310912809054,0.00200766862691924));
#2058=CARTESIAN_POINT('',(0.0190609647723071,-0.00182828790871302,0.00329859739301015));
#2059=CARTESIAN_POINT('',(0.0191144089528394,-0.00129373777974832,0.00459257014231891));
#2060=CARTESIAN_POINT('',(0.0191677562337117,-3.00074592934248E-7,0.00512829575590684));
#2061=CARTESIAN_POINT('',(0.019114566055838,0.00129133555700854,0.00459424617859118));
#2062=CARTESIAN_POINT('',(0.0190609426582053,0.0018285614524917,0.00330182368216418));
#2063=CARTESIAN_POINT('',(0.0191143678851038,0.00129441396473973,0.00200807325001921));
#2064=CARTESIAN_POINT('',(0.0191677989652243,-3.26209162297789E-7,0.00147106453076539));
#2065=CARTESIAN_POINT('',(0.0191144362539989,-0.00129310912809054,0.00200766862691924));
#2066=CARTESIAN_POINT('',(0.01915,9.13255910849226E-21,0.00165));
#2067=CARTESIAN_POINT('',(0.,1.17259931018359E-18,0.0075));
#2068=CARTESIAN_POINT('',(0.01915,1.17259931018359E-18,0.0075));
#2069=CARTESIAN_POINT('',(0.,0.,0.0075));
#2070=CARTESIAN_POINT('',(0.,1.37772764904077E-18,0.0075));
#2071=CARTESIAN_POINT('',(0.0215,1.37772764904077E-18,0.0075));
#2072=CARTESIAN_POINT('',(-0.05,0.,0.0033));
#2073=CARTESIAN_POINT('',(-0.05,0.,0.0033));
#2074=CARTESIAN_POINT('',(0.,0.05,0.0033));
#2075=CARTESIAN_POINT('',(0.,0.05,0.0033));
#2076=CARTESIAN_POINT('',(0.,1.37772764904077E-18,0.0065));
#2077=CARTESIAN_POINT('',(0.,0.,-0.003));
#2078=CARTESIAN_POINT('',(0.,1.17259931018359E-18,-0.003));
#2079=CARTESIAN_POINT('',(-0.01615,1.17259931018359E-18,-0.003));
#2080=CARTESIAN_POINT('',(0.,-3.67394039744206E-19,-0.003));
#2081=CARTESIAN_POINT('',(-0.006,-3.67394039744206E-19,-0.003));
#2082=CARTESIAN_POINT('',(0.,-3.67394039744206E-19,-0.005));
#2083=CARTESIAN_POINT('',(0.,1.17259931018359E-18,0.));
#2084=CARTESIAN_POINT('',(0.0206905582943618,0.05,-0.00223230175066714));
#2085=CARTESIAN_POINT('',(-0.0206905582943618,0.05,-0.00223230175066714));
#2086=CARTESIAN_POINT('',(0.0115,-0.01525,-0.015));
#2087=CARTESIAN_POINT('',(0.0115,-0.03125,-0.0098));
#2088=CARTESIAN_POINT('',(0.0115,-0.01525,-0.008));
#2089=CARTESIAN_POINT('',(-0.0115,-0.01525,-0.015));
#2090=CARTESIAN_POINT('',(-0.0115,-0.03125,-0.0098));
#2091=CARTESIAN_POINT('',(-0.0115,-0.01175,-0.008));
#2092=CARTESIAN_POINT('',(-0.0145,3.59335577166625E-18,-0.008));
#2093=CARTESIAN_POINT('',(-0.0145,-0.02175,-0.008));
#2094=CARTESIAN_POINT('',(0.0145,-0.01525,-0.008));
#2095=CARTESIAN_POINT('',(0.0145,-0.02175,-0.008));
#2096=CARTESIAN_POINT('',(0.,-0.02175,-0.008));
#2097=CARTESIAN_POINT('',(-0.0145,-0.02175,-0.008));
#2098=CARTESIAN_POINT('',(0.0145,-0.02175,-0.008));
#2099=CARTESIAN_POINT('',(-0.0145,0.01525,-0.008));
#2100=CARTESIAN_POINT('',(-0.0145,0.02175,-0.008));
#2101=CARTESIAN_POINT('',(0.0145,3.59335577166625E-18,-0.008));
#2102=CARTESIAN_POINT('',(0.0145,0.02175,-0.008));
#2103=CARTESIAN_POINT('',(0.,0.02175,-0.008));
#2104=CARTESIAN_POINT('',(-0.0145,0.02175,-0.008));
#2105=CARTESIAN_POINT('',(0.0145,0.02175,-0.008));
#2106=CARTESIAN_POINT('',(-0.005,0.01575,-0.01375));
#2107=CARTESIAN_POINT('',(-0.00658771324027147,0.01575,-0.01375));
#2108=CARTESIAN_POINT('',(-0.00658771324027147,0.01575,-0.01375));
#2109=CARTESIAN_POINT('',(-0.005,0.01575,-0.01375));
#2110=CARTESIAN_POINT('',(-0.00341228675972853,0.01575,-0.01375));
#2111=CARTESIAN_POINT('',(-0.00341228675972853,0.01575,-0.01375));
#2112=CARTESIAN_POINT('',(-0.00738156986040721,0.01575,-0.012375));
#2113=CARTESIAN_POINT('',(-0.00817542648054295,0.01575,-0.011));
#2114=CARTESIAN_POINT('',(-0.00817542648054295,0.01575,-0.011));
#2115=CARTESIAN_POINT('',(-0.00738156986040721,0.01575,-0.012375));
#2116=CARTESIAN_POINT('',(-0.00738156986040721,0.01575,-0.009625));
#2117=CARTESIAN_POINT('',(-0.00658771324027147,0.01575,-0.00825));
#2118=CARTESIAN_POINT('',(-0.00658771324027147,0.01575,-0.00825));
#2119=CARTESIAN_POINT('',(-0.00738156986040721,0.01575,-0.009625));
#2120=CARTESIAN_POINT('',(-0.005,0.01575,-0.00825));
#2121=CARTESIAN_POINT('',(-0.00341228675972853,0.01575,-0.00825));
#2122=CARTESIAN_POINT('',(-0.00341228675972853,0.01575,-0.00825));
#2123=CARTESIAN_POINT('',(-0.005,0.01575,-0.00825));
#2124=CARTESIAN_POINT('',(-0.00261843013959279,0.01575,-0.009625));
#2125=CARTESIAN_POINT('',(-0.00182457351945706,0.01575,-0.011));
#2126=CARTESIAN_POINT('',(-0.00182457351945706,0.01575,-0.011));
#2127=CARTESIAN_POINT('',(-0.00261843013959279,0.01575,-0.009625));
#2128=CARTESIAN_POINT('',(-0.00261843013959279,0.01575,-0.012375));
#2129=CARTESIAN_POINT('',(-0.00261843013959279,0.01575,-0.012375));
#2130=CARTESIAN_POINT('',(0.,0.01575,-0.0115));
#2131=CARTESIAN_POINT('',(0.00261843013959279,0.01575,-0.009625));
#2132=CARTESIAN_POINT('',(0.00341228675972852,0.01575,-0.00825));
#2133=CARTESIAN_POINT('',(0.00341228675972852,0.01575,-0.00825));
#2134=CARTESIAN_POINT('',(0.00261843013959279,0.01575,-0.009625));
#2135=CARTESIAN_POINT('',(0.00182457351945706,0.01575,-0.011));
#2136=CARTESIAN_POINT('',(0.00182457351945706,0.01575,-0.011));
#2137=CARTESIAN_POINT('',(0.005,0.01575,-0.00825));
#2138=CARTESIAN_POINT('',(0.00658771324027147,0.01575,-0.00825));
#2139=CARTESIAN_POINT('',(0.00658771324027147,0.01575,-0.00825));
#2140=CARTESIAN_POINT('',(0.005,0.01575,-0.00825));
#2141=CARTESIAN_POINT('',(0.00738156986040721,0.01575,-0.009625));
#2142=CARTESIAN_POINT('',(0.00817542648054295,0.01575,-0.011));
#2143=CARTESIAN_POINT('',(0.00817542648054295,0.01575,-0.011));
#2144=CARTESIAN_POINT('',(0.00738156986040721,0.01575,-0.009625));
#2145=CARTESIAN_POINT('',(0.00738156986040721,0.01575,-0.012375));
#2146=CARTESIAN_POINT('',(0.00658771324027147,0.01575,-0.01375));
#2147=CARTESIAN_POINT('',(0.00658771324027147,0.01575,-0.01375));
#2148=CARTESIAN_POINT('',(0.00738156986040721,0.01575,-0.012375));
#2149=CARTESIAN_POINT('',(0.005,0.01575,-0.01375));
#2150=CARTESIAN_POINT('',(0.00341228675972853,0.01575,-0.01375));
#2151=CARTESIAN_POINT('',(0.00341228675972853,0.01575,-0.01375));
#2152=CARTESIAN_POINT('',(0.005,0.01575,-0.01375));
#2153=CARTESIAN_POINT('',(0.00261843013959279,0.01575,-0.012375));
#2154=CARTESIAN_POINT('',(0.00261843013959279,0.01575,-0.012375));
#2155=CARTESIAN_POINT('',(0.,0.01575,-0.0115));
#2156=CARTESIAN_POINT('',(-0.005,-0.01575,-0.011));
#2157=CARTESIAN_POINT('',(-0.005,-0.01575,-0.011));
#2158=CARTESIAN_POINT('',(-0.005,-0.01575,-0.014));
#2159=CARTESIAN_POINT('',(0.,-0.01575,-0.0115));
#2160=CARTESIAN_POINT('',(0.005,-0.01575,-0.011));
#2161=CARTESIAN_POINT('',(0.005,-0.01575,-0.011));
#2162=CARTESIAN_POINT('',(0.005,-0.01575,-0.014));
#2163=CARTESIAN_POINT('',(0.,-0.01575,-0.0115));
#2164=CARTESIAN_POINT('',(0.0115949836886786,-0.0195712377665089,-0.00593772088942523));
#2165=CARTESIAN_POINT('',(0.0120881768602146,-0.0193381768602146,-0.00618394570842938));
#2166=CARTESIAN_POINT('',(0.0123212377665089,-0.0188449836886786,-0.00593772088942523));
#2167=CARTESIAN_POINT('',(0.0112476320069989,-0.0193107240052478,-0.00621294917517475));
#2168=CARTESIAN_POINT('',(0.0118310277795041,-0.0190810277795055,-0.00652070868139273));
#2169=CARTESIAN_POINT('',(0.0120607240052471,-0.0184976320069968,-0.00621294917517547));
#2170=CARTESIAN_POINT('',(0.0106938135475403,-0.0188953601606562,-0.00686322950602744));
#2171=CARTESIAN_POINT('',(0.0115220146731613,-0.0187720146731584,-0.00725606454377057));
#2172=CARTESIAN_POINT('',(0.0116453601606566,-0.0179438135475405,-0.00686322950602709));
#2173=CARTESIAN_POINT('',(0.0105000000000009,-0.01875,-0.00762103030331761));
#2174=CARTESIAN_POINT('',(0.0114999999999753,-0.0187499999999798,-0.0077473535829195));
#2175=CARTESIAN_POINT('',(0.0115,-0.0177500000000026,-0.00762103030331761));
#2176=CARTESIAN_POINT('',(0.0105,-0.01875,-0.00800000000000001));
#2177=CARTESIAN_POINT('',(0.0115,-0.01875,-0.00800000000000001));
#2178=CARTESIAN_POINT('',(0.0115,-0.01775,-0.00800000000000001));
#2179=CARTESIAN_POINT('',(-0.0123212377665089,-0.0188449836886786,-0.00593772088942523));
#2180=CARTESIAN_POINT('',(-0.0120881768602146,-0.0193381768602146,-0.00618394570842938));
#2181=CARTESIAN_POINT('',(-0.0115949836886786,-0.0195712377665089,-0.00593772088942524));
#2182=CARTESIAN_POINT('',(-0.0120607240052489,-0.0184976320069968,-0.00621294917517354));
#2183=CARTESIAN_POINT('',(-0.0118310277795074,-0.0190810277794978,-0.00652070868139116));
#2184=CARTESIAN_POINT('',(-0.0112476320069984,-0.0193107240052465,-0.00621294917517607));
#2185=CARTESIAN_POINT('',(-0.0116453601606557,-0.0179438135475405,-0.00686322950602881));
#2186=CARTESIAN_POINT('',(-0.0115220146731594,-0.0187720146731625,-0.00725606454377348));
#2187=CARTESIAN_POINT('',(-0.0106938135475405,-0.0188953601606569,-0.00686322950602755));
#2188=CARTESIAN_POINT('',(-0.0115,-0.0177500000000026,-0.00762103030331605));
#2189=CARTESIAN_POINT('',(-0.0114999999999753,-0.0187499999999798,-0.00774735358291564));
#2190=CARTESIAN_POINT('',(-0.0105000000000009,-0.01875,-0.00762103030331605));
#2191=CARTESIAN_POINT('',(-0.0115,-0.01775,-0.008));
#2192=CARTESIAN_POINT('',(-0.0115,-0.01875,-0.008));
#2193=CARTESIAN_POINT('',(-0.0105,-0.01875,-0.008));
#2194=CARTESIAN_POINT('',(0.0123212377665089,0.0188449836886786,-0.00593772088942524));
#2195=CARTESIAN_POINT('',(0.0120881768602146,0.0193381768602146,-0.00618394570842938));
#2196=CARTESIAN_POINT('',(0.0115949836886786,0.0195712377665089,-0.00593772088942524));
#2197=CARTESIAN_POINT('',(0.0120607240052478,0.0184976320069968,-0.00621294917517475));
#2198=CARTESIAN_POINT('',(0.0118310277795038,0.0190810277795009,-0.00652070868139051));
#2199=CARTESIAN_POINT('',(0.0112476320069984,0.0193107240052465,-0.00621294917517607));
#2200=CARTESIAN_POINT('',(0.0116453601606562,0.0179438135475405,-0.00686322950602733));
#2201=CARTESIAN_POINT('',(0.0115220146731613,0.0187720146731608,-0.00725606454377335));
#2202=CARTESIAN_POINT('',(0.0106938135475405,0.0188953601606569,-0.00686322950602755));
#2203=CARTESIAN_POINT('',(0.0115,0.0177500000000026,-0.0076210303033178));
#2204=CARTESIAN_POINT('',(0.0114999999999753,0.0187499999999798,-0.00774735358291688));
#2205=CARTESIAN_POINT('',(0.0105000000000009,0.01875,-0.00762103030331605));
#2206=CARTESIAN_POINT('',(0.0115,0.01775,-0.008));
#2207=CARTESIAN_POINT('',(0.0115,0.01875,-0.008));
#2208=CARTESIAN_POINT('',(0.0105,0.01875,-0.008));
#2209=CARTESIAN_POINT('',(-0.0115949836886786,0.0195712377665089,-0.00593772088942523));
#2210=CARTESIAN_POINT('',(-0.0120881768602146,0.0193381768602146,-0.00618394570842938));
#2211=CARTESIAN_POINT('',(-0.0123212377665089,0.0188449836886786,-0.00593772088942523));
#2212=CARTESIAN_POINT('',(-0.0112476320069989,0.0193107240052478,-0.00621294917517475));
#2213=CARTESIAN_POINT('',(-0.0118310277795034,0.0190810277795035,-0.00652070868139381));
#2214=CARTESIAN_POINT('',(-0.0120607240052476,0.0184976320069968,-0.00621294917517491));
#2215=CARTESIAN_POINT('',(-0.0106938135475403,0.0188953601606562,-0.00686322950602744));
#2216=CARTESIAN_POINT('',(-0.0115220146731617,0.0187720146731595,-0.00725606454376991));
#2217=CARTESIAN_POINT('',(-0.0116453601606563,0.0179438135475405,-0.00686322950602737));
#2218=CARTESIAN_POINT('',(-0.0105000000000009,0.01875,-0.00762103030331761));
#2219=CARTESIAN_POINT('',(-0.0114999999999753,0.0187499999999798,-0.0077473535829195));
#2220=CARTESIAN_POINT('',(-0.0115,0.0177500000000026,-0.00762103030331761));
#2221=CARTESIAN_POINT('',(-0.0105,0.01875,-0.00800000000000001));
#2222=CARTESIAN_POINT('',(-0.0115,0.01875,-0.00800000000000001));
#2223=CARTESIAN_POINT('',(-0.0115,0.01775,-0.00800000000000001));
#2224=CARTESIAN_POINT('',(-0.0063,-0.03125,-0.0098));
#2225=CARTESIAN_POINT('',(0.0063,-0.03125,-0.0098));
#2226=CARTESIAN_POINT('',(-0.0063,-0.03125,-0.0098));
#2227=CARTESIAN_POINT('',(0.0063,-0.03125,-0.0098));
#2228=MECHANICAL_DESIGN_GEOMETRIC_PRESENTATION_REPRESENTATION('',(#1212),
#2229);
#2229=(
GEOMETRIC_REPRESENTATION_CONTEXT(3)
GLOBAL_UNCERTAINTY_ASSIGNED_CONTEXT((#2230))
GLOBAL_UNIT_ASSIGNED_CONTEXT((#2233,#2232,#2231))
REPRESENTATION_CONTEXT('flange','TOP_LEVEL_ASSEMBLY_PART')
);
#2230=UNCERTAINTY_MEASURE_WITH_UNIT(LENGTH_MEASURE(2.E-5),#2233,
'DISTANCE_ACCURACY_VALUE','Maximum Tolerance applied to model');
#2231=(
NAMED_UNIT(*)
SI_UNIT($,.STERADIAN.)
SOLID_ANGLE_UNIT()
);
#2232=(
NAMED_UNIT(*)
PLANE_ANGLE_UNIT()
SI_UNIT($,.RADIAN.)
);
#2233=(
LENGTH_UNIT()
NAMED_UNIT(*)
SI_UNIT($,.METRE.)
);
#2234=PRODUCT_DEFINITION_SHAPE('','',#2235);
#2235=PRODUCT_DEFINITION('','',#2237,#2236);
#2236=PRODUCT_DEFINITION_CONTEXT('',#2243,'design');
#2237=PRODUCT_DEFINITION_FORMATION_WITH_SPECIFIED_SOURCE('','',#2239,
 .NOT_KNOWN.);
#2238=PRODUCT_RELATED_PRODUCT_CATEGORY('','',(#2239));
#2239=PRODUCT('flange','flange','flange',(#2241));
#2240=PRODUCT_CATEGORY('','');
#2241=PRODUCT_CONTEXT('',#2243,'mechanical');
#2242=APPLICATION_PROTOCOL_DEFINITION('international standard',
'ap242_managed_model_based_3d_engineering',2020,#2243);
#2243=APPLICATION_CONTEXT('managed model based 3d engineering');
ENDSEC;
END-ISO-10303-21;
